"split","image","label","source_split"
"train","20402591-0fb0-4e1d-893e-ec60a9906ce5_jpg.rf.fdfe4cc84174b8de48bfadab86ec2be8.jpg","20402591-0fb0-4e1d-893e-ec60a9906ce5_jpg.rf.fdfe4cc84174b8de48bfadab86ec2be8.txt","train"
"train","00014_00007_00017_png.rf.96f1d9056089a1f745636a9fd00c6170.jpg","00014_00007_00017_png.rf.96f1d9056089a1f745636a9fd00c6170.txt","train"
"train","00003_00031_00013_png.rf.cd310df87c37a2d9653c64b24b83ca87.jpg","00003_00031_00013_png.rf.cd310df87c37a2d9653c64b24b83ca87.txt","valid"
"train","road301_png.rf.579f4b9c505bcccd0ebe65d919d0245d.jpg","road301_png.rf.579f4b9c505bcccd0ebe65d919d0245d.txt","train"
"train","FisheyeCamera_1_00028_png.rf.26815374d6571ec191e7222dbfc2ac11.jpg","FisheyeCamera_1_00028_png.rf.26815374d6571ec191e7222dbfc2ac11.txt","train"
"train","000755_jpg.rf.224953ba7f71443e88f2db7484eec416.jpg","000755_jpg.rf.224953ba7f71443e88f2db7484eec416.txt","train"
"train","00004_00040_00009_png.rf.3694a41dabe1d839f19f8ceed8f507e0.jpg","00004_00040_00009_png.rf.3694a41dabe1d839f19f8ceed8f507e0.txt","train"
"train","000718_jpg.rf.440f426ce161faf7eaeda6ab6d4c88d3.jpg","000718_jpg.rf.440f426ce161faf7eaeda6ab6d4c88d3.txt","train"
"train","00004_00043_00017_png.rf.87e4c94f8ee8af0d17a57eff49106b9d.jpg","00004_00043_00017_png.rf.87e4c94f8ee8af0d17a57eff49106b9d.txt","valid"
"train","000865_JPG_jpg.rf.4a720882e1f213b4d65c3badfd52186f.jpg","000865_JPG_jpg.rf.4a720882e1f213b4d65c3badfd52186f.txt","train"
"train","00002_00062_00026_png.rf.167e808c811699edf73f131b8b3f7e0c.jpg","00002_00062_00026_png.rf.167e808c811699edf73f131b8b3f7e0c.txt","train"
"train","00000_00001_00016_png.rf.8d8bc8fda0f76bbc45d86567e3f340e9.jpg","00000_00001_00016_png.rf.8d8bc8fda0f76bbc45d86567e3f340e9.txt","train"
"train","00000_00005_00029_png.rf.c4a86aa744f6a3c36b87ee5e58d1ff15.jpg","00000_00005_00029_png.rf.c4a86aa744f6a3c36b87ee5e58d1ff15.txt","train"
"train","00008_00038_00029_png.rf.270ad34ce45830264b328df9b3066e7b.jpg","00008_00038_00029_png.rf.270ad34ce45830264b328df9b3066e7b.txt","train"
"train","FisheyeCamera_1_00103_png.rf.5cb07ec8cd494fbacc3b6339c962853a.jpg","FisheyeCamera_1_00103_png.rf.5cb07ec8cd494fbacc3b6339c962853a.txt","train"
"train","001209_jpg.rf.6bec8430b2035f4cc873b5f94c2ef492.jpg","001209_jpg.rf.6bec8430b2035f4cc873b5f94c2ef492.txt","train"
"train","00004_00006_00004_png.rf.e921b63d530aef020f2e6bfcaf88ef4e.jpg","00004_00006_00004_png.rf.e921b63d530aef020f2e6bfcaf88ef4e.txt","valid"
"train","000766_jpg.rf.5447e57d147d8e168dde967250068b17.jpg","000766_jpg.rf.5447e57d147d8e168dde967250068b17.txt","train"
"train","000298_jpg.rf.a65699eb036be50507d2feb6ccfe9f1a.jpg","000298_jpg.rf.a65699eb036be50507d2feb6ccfe9f1a.txt","train"
"train","001414_jpg.rf.56e57f8737cecec4e2fadd829af7b9d9.jpg","001414_jpg.rf.56e57f8737cecec4e2fadd829af7b9d9.txt","train"
"train","00000_00006_00006_png.rf.8b9118b9fbafa044c7b3ef361acb83c9.jpg","00000_00006_00006_png.rf.8b9118b9fbafa044c7b3ef361acb83c9.txt","train"
"train","000933_jpg.rf.9f90b885f34660842b0b708d77e09b97.jpg","000933_jpg.rf.9f90b885f34660842b0b708d77e09b97.txt","train"
"train","00014_00021_00024_png.rf.ce1648b6a7120507bce5764d68ac6aeb.jpg","00014_00021_00024_png.rf.ce1648b6a7120507bce5764d68ac6aeb.txt","train"
"train","000308_jpg.rf.a357389aa673758e87f3899e412677f4.jpg","000308_jpg.rf.a357389aa673758e87f3899e412677f4.txt","train"
"train","road39_png.rf.177157c03f94ab06d44489db68f81708.jpg","road39_png.rf.177157c03f94ab06d44489db68f81708.txt","train"
"train","000695_jpg.rf.f18d298fbec2aeb429b6d7e1476f8184.jpg","000695_jpg.rf.f18d298fbec2aeb429b6d7e1476f8184.txt","test"
"train","00003_00022_00006_png.rf.64bafacaa4ea62a6e2df3effc1c9461b.jpg","00003_00022_00006_png.rf.64bafacaa4ea62a6e2df3effc1c9461b.txt","train"
"train","00001_00028_00021_png.rf.999740d2580a5403bf3491093fb73aea.jpg","00001_00028_00021_png.rf.999740d2580a5403bf3491093fb73aea.txt","train"
"train","road58_png.rf.f648f0221dae47eeb084ba13903349e4.jpg","road58_png.rf.f648f0221dae47eeb084ba13903349e4.txt","train"
"train","00000_00000_00020_png.rf.db203d509b50cbab52681f0214660ba3.jpg","00000_00000_00020_png.rf.db203d509b50cbab52681f0214660ba3.txt","train"
"train","FisheyeCamera_1_00261_png.rf.da6ad6c825735fbc37c0f7646b877808.jpg","FisheyeCamera_1_00261_png.rf.da6ad6c825735fbc37c0f7646b877808.txt","train"
"train","000656_jpg.rf.ed5a48ba1e061a8f72028534ee8c72c4.jpg","000656_jpg.rf.ed5a48ba1e061a8f72028534ee8c72c4.txt","test"
"train","00001_00029_00011_png.rf.2243fcc781d3e78fb388479b59f72f88.jpg","00001_00029_00011_png.rf.2243fcc781d3e78fb388479b59f72f88.txt","test"
"train","00001_00032_00012_png.rf.62a2347eaccf5187f975216c72f32df3.jpg","00001_00032_00012_png.rf.62a2347eaccf5187f975216c72f32df3.txt","test"
"train","road380_png.rf.3a3b89c0c5cb8000d8b598d0109e352a.jpg","road380_png.rf.3a3b89c0c5cb8000d8b598d0109e352a.txt","valid"
"train","00000_00000_00015_png.rf.9de494202f19ba19982579d50563df7b.jpg","00000_00000_00015_png.rf.9de494202f19ba19982579d50563df7b.txt","train"
"train","00001_00031_00011_png.rf.938f2b2f9de98f4b8cb3b49f7f241f6e.jpg","00001_00031_00011_png.rf.938f2b2f9de98f4b8cb3b49f7f241f6e.txt","test"
"train","FisheyeCamera_1_00096_png.rf.bc437425dea0c08934e62a7fef199923.jpg","FisheyeCamera_1_00096_png.rf.bc437425dea0c08934e62a7fef199923.txt","train"
"train","000713_jpg.rf.4db7df76c8120130f0ef8467b565a9fe.jpg","000713_jpg.rf.4db7df76c8120130f0ef8467b565a9fe.txt","test"
"train","road750_png.rf.ba618d58189ccbf81ba4b0e8fcb1f76f.jpg","road750_png.rf.ba618d58189ccbf81ba4b0e8fcb1f76f.txt","valid"
"train","road98_png.rf.c5a23e3b3da4bf01452d998d78552094.jpg","road98_png.rf.c5a23e3b3da4bf01452d998d78552094.txt","train"
"train","000871_JPG_jpg.rf.d3da6844d214c09d5806c0d4103b24da.jpg","000871_JPG_jpg.rf.d3da6844d214c09d5806c0d4103b24da.txt","train"
"train","00008_00045_00004_png.rf.52d68496fe6c5c9387ab68f2665bba3d.jpg","00008_00045_00004_png.rf.52d68496fe6c5c9387ab68f2665bba3d.txt","valid"
"train","000634_jpg.rf.edc203ac71895ebad758487fdb0f9730.jpg","000634_jpg.rf.edc203ac71895ebad758487fdb0f9730.txt","train"
"train","road830_png.rf.ede40470a04a5712e78b6596850d8a44.jpg","road830_png.rf.ede40470a04a5712e78b6596850d8a44.txt","train"
"train","road544_png.rf.223361f53341ce8223f9e5730be9e29f.jpg","road544_png.rf.223361f53341ce8223f9e5730be9e29f.txt","train"
"train","FisheyeCamera_1_00070_png.rf.39d2d7025b8e6a25a4f03fff44db3ced.jpg","FisheyeCamera_1_00070_png.rf.39d2d7025b8e6a25a4f03fff44db3ced.txt","train"
"train","001651_JPG_jpg.rf.67689d4a3ee3fadaf14c4484232c4f1b.jpg","001651_JPG_jpg.rf.67689d4a3ee3fadaf14c4484232c4f1b.txt","train"
"train","000745_jpg.rf.1936c95fcba543d2de1a911115b97643.jpg","000745_jpg.rf.1936c95fcba543d2de1a911115b97643.txt","train"
"train","00004_00059_00015_png.rf.e3ea2c50bcb3ec3bb70b8418dc294362.jpg","00004_00059_00015_png.rf.e3ea2c50bcb3ec3bb70b8418dc294362.txt","valid"
"train","000002_jpg.rf.62f41917704f224f232e1737f1572e01.jpg","000002_jpg.rf.62f41917704f224f232e1737f1572e01.txt","valid"
"train","00003_00045_00011_png.rf.4ae020639cc7a92fa445b4b90b3c3a21.jpg","00003_00045_00011_png.rf.4ae020639cc7a92fa445b4b90b3c3a21.txt","train"
"train","000014_jpg.rf.e53f88ecde589c010c4d575e5d491d04.jpg","000014_jpg.rf.e53f88ecde589c010c4d575e5d491d04.txt","train"
"train","00004_00052_00005_png.rf.bf8afa231eb8b5cdb3e7a41e9d2d9d6f.jpg","00004_00052_00005_png.rf.bf8afa231eb8b5cdb3e7a41e9d2d9d6f.txt","train"
"train","000137_jpg.rf.ca848df117677b5a5d1a1bccd4946052.jpg","000137_jpg.rf.ca848df117677b5a5d1a1bccd4946052.txt","valid"
"train","000600_jpg.rf.e18bea662fe4815aaf41d5bcaa1260d9.jpg","000600_jpg.rf.e18bea662fe4815aaf41d5bcaa1260d9.txt","train"
"train","00000_00001_00008_png.rf.250d3695463bc8ea3e79033aa71ad9b0.jpg","00000_00001_00008_png.rf.250d3695463bc8ea3e79033aa71ad9b0.txt","test"
"train","000789_jpg.rf.2e64bc98c7d4ace8c98e37428fd2ff07.jpg","000789_jpg.rf.2e64bc98c7d4ace8c98e37428fd2ff07.txt","train"
"train","road540_png.rf.282f6ee8047180d67b843d0d8d40aaa2.jpg","road540_png.rf.282f6ee8047180d67b843d0d8d40aaa2.txt","valid"
"train","00003_00038_00005_png.rf.1299e3123f36086cce1679f7cbc7224f.jpg","00003_00038_00005_png.rf.1299e3123f36086cce1679f7cbc7224f.txt","train"
"train","00008_00035_00015_png.rf.482dd33f831f8855ed5461ad9f8c0a8e.jpg","00008_00035_00015_png.rf.482dd33f831f8855ed5461ad9f8c0a8e.txt","train"
"train","00008_00046_00016_png.rf.c821f2f30e8747671f3b2632e09e8f46.jpg","00008_00046_00016_png.rf.c821f2f30e8747671f3b2632e09e8f46.txt","valid"
"train","FisheyeCamera_1_00475_png.rf.6d0a62c359b28e0f0cc5fc1f82b2e130.jpg","FisheyeCamera_1_00475_png.rf.6d0a62c359b28e0f0cc5fc1f82b2e130.txt","train"
"train","road702_png.rf.fb81b2d5a2ee18d2d6b5dc1885eb5549.jpg","road702_png.rf.fb81b2d5a2ee18d2d6b5dc1885eb5549.txt","train"
"train","001695_JPG_jpg.rf.e696432533166c889a672d357b633f96.jpg","001695_JPG_jpg.rf.e696432533166c889a672d357b633f96.txt","train"
"train","road34_png.rf.6763a6ac003b8cca923f6494af18d74c.jpg","road34_png.rf.6763a6ac003b8cca923f6494af18d74c.txt","train"
"train","00002_00062_00025_png.rf.3661dcd0729597b83f2faa8c88ad5970.jpg","00002_00062_00025_png.rf.3661dcd0729597b83f2faa8c88ad5970.txt","train"
"train","FisheyeCamera_1_00350_png.rf.a16694a98184173884673ad91db49a84.jpg","FisheyeCamera_1_00350_png.rf.a16694a98184173884673ad91db49a84.txt","train"
"train","FisheyeCamera_1_00620_png.rf.5536a2a9cd13bc459a7a477f5b1336fa.jpg","FisheyeCamera_1_00620_png.rf.5536a2a9cd13bc459a7a477f5b1336fa.txt","train"
"train","FisheyeCamera_1_00273_png.rf.49461bd9fe35f2a1d1c20945a7f4bdc6.jpg","FisheyeCamera_1_00273_png.rf.49461bd9fe35f2a1d1c20945a7f4bdc6.txt","train"
"train","00004_00047_00023_png.rf.dc712582eac03220bbfbb1a0836d47b6.jpg","00004_00047_00023_png.rf.dc712582eac03220bbfbb1a0836d47b6.txt","train"
"train","000791_jpg.rf.d9a38f74d595553d44960736187fd7a1.jpg","000791_jpg.rf.d9a38f74d595553d44960736187fd7a1.txt","train"
"train","00014_00011_00013_png.rf.914240886774f8210bf3129dbd83539e.jpg","00014_00011_00013_png.rf.914240886774f8210bf3129dbd83539e.txt","valid"
"train","001834_JPG_jpg.rf.fc4044f68b47834842e86c3f6e2d2e0b.jpg","001834_JPG_jpg.rf.fc4044f68b47834842e86c3f6e2d2e0b.txt","train"
"train","00000_00005_00005_png.rf.0f36ea54809ef4aac13136b947ccdf5b.jpg","00000_00005_00005_png.rf.0f36ea54809ef4aac13136b947ccdf5b.txt","train"
"train","00000_00004_00019_png.rf.ec5fb4e3f986ec141558d24dfaf1a808.jpg","00000_00004_00019_png.rf.ec5fb4e3f986ec141558d24dfaf1a808.txt","train"
"train","00014_00005_00011_png.rf.378b5af0fcbd42e979f4295f54e1ec1b.jpg","00014_00005_00011_png.rf.378b5af0fcbd42e979f4295f54e1ec1b.txt","train"
"train","00002_00016_00014_png.rf.8205896f3ab47a25cf8a768f6dafa202.jpg","00002_00016_00014_png.rf.8205896f3ab47a25cf8a768f6dafa202.txt","train"
"train","00007_00002_00011_png.rf.482b92a27bc802b5dc1d511fa4adcd83.jpg","00007_00002_00011_png.rf.482b92a27bc802b5dc1d511fa4adcd83.txt","valid"
"train","00001_00060_00007_png.rf.b4c9843b8d21fa8a746dde69f95979d3.jpg","00001_00060_00007_png.rf.b4c9843b8d21fa8a746dde69f95979d3.txt","test"
"train","000952_JPG_jpg.rf.0369045fff4fdf9e9c60ebacc014e54f.jpg","000952_JPG_jpg.rf.0369045fff4fdf9e9c60ebacc014e54f.txt","valid"
"train","00007_00028_00012_png.rf.53894e8968cb0155bc1bc02b36fea6dd.jpg","00007_00028_00012_png.rf.53894e8968cb0155bc1bc02b36fea6dd.txt","train"
"train","000847_jpg.rf.b4480f05196dff4d97a850500e7ed146.jpg","000847_jpg.rf.b4480f05196dff4d97a850500e7ed146.txt","train"
"train","001817_JPG_jpg.rf.ca41fb4bca7f07e9553978ab10a54aff.jpg","001817_JPG_jpg.rf.ca41fb4bca7f07e9553978ab10a54aff.txt","train"
"train","000615_jpg.rf.81505310e8a5d049535d15f713c1a909.jpg","000615_jpg.rf.81505310e8a5d049535d15f713c1a909.txt","train"
"train","FisheyeCamera_1_00206_png.rf.bfdc7f4117d5e71449454cac13cb2ad2.jpg","FisheyeCamera_1_00206_png.rf.bfdc7f4117d5e71449454cac13cb2ad2.txt","train"
"train","00008_00006_00017_png.rf.15d85339b2a56c01daaf309b8a41c912.jpg","00008_00006_00017_png.rf.15d85339b2a56c01daaf309b8a41c912.txt","train"
"train","000979_jpg.rf.8118c53536118fbd94d78045eb7a2628.jpg","000979_jpg.rf.8118c53536118fbd94d78045eb7a2628.txt","train"
"train","000910_jpg.rf.9ab0c6b3060239ae5aea4cb1ec67b733.jpg","000910_jpg.rf.9ab0c6b3060239ae5aea4cb1ec67b733.txt","train"
"train","001007_jpg.rf.f46bc1ea0c27493a4f0e2ebfa01c2dc9.jpg","001007_jpg.rf.f46bc1ea0c27493a4f0e2ebfa01c2dc9.txt","train"
"train","FisheyeCamera_1_00437_png.rf.50c930d7ad5cb672000f58beb58921c9.jpg","FisheyeCamera_1_00437_png.rf.50c930d7ad5cb672000f58beb58921c9.txt","train"
"train","001687_JPG_jpg.rf.a6e3754d2ab89300a536fa6898de784f.jpg","001687_JPG_jpg.rf.a6e3754d2ab89300a536fa6898de784f.txt","train"
"train","00000_00006_00007_png.rf.ccc7681daac7c42d39c7ce23809c45f6.jpg","00000_00006_00007_png.rf.ccc7681daac7c42d39c7ce23809c45f6.txt","train"
"train","000798_jpg.rf.6350fafe417b1baa7728d2a0ceaab693.jpg","000798_jpg.rf.6350fafe417b1baa7728d2a0ceaab693.txt","valid"
"train","000966_JPG_jpg.rf.5a2e4bbe3fdc6be0991eae9257862f98.jpg","000966_JPG_jpg.rf.5a2e4bbe3fdc6be0991eae9257862f98.txt","test"
"train","00003_00007_00013_png.rf.a2dab0e35de64b4ea9ebbca74a05d27b.jpg","00003_00007_00013_png.rf.a2dab0e35de64b4ea9ebbca74a05d27b.txt","train"
"train","00003_00044_00017_png.rf.ffbd04eec616fdd201c76d8602ee41d5.jpg","00003_00044_00017_png.rf.ffbd04eec616fdd201c76d8602ee41d5.txt","train"
"train","FisheyeCamera_1_00011_png.rf.514b509b97f0ce00688552cb5461f388.jpg","FisheyeCamera_1_00011_png.rf.514b509b97f0ce00688552cb5461f388.txt","train"
"train","road107_png.rf.9d4ed3eb1ed827de093c06437245a5d5.jpg","road107_png.rf.9d4ed3eb1ed827de093c06437245a5d5.txt","valid"
"train","00008_00038_00020_png.rf.b9de49551dac6357532249b191ea85b6.jpg","00008_00038_00020_png.rf.b9de49551dac6357532249b191ea85b6.txt","train"
"train","road519_png.rf.0415c1a6ec460f43c4f3aec4a853416e.jpg","road519_png.rf.0415c1a6ec460f43c4f3aec4a853416e.txt","test"
"train","FisheyeCamera_1_00047_png.rf.4eb4c7100b0490af44aa0f8a50c4cccc.jpg","FisheyeCamera_1_00047_png.rf.4eb4c7100b0490af44aa0f8a50c4cccc.txt","train"
"train","00004_00057_00009_png.rf.6bcc96881270687c3d126220166dd888.jpg","00004_00057_00009_png.rf.6bcc96881270687c3d126220166dd888.txt","train"
"train","FisheyeCamera_1_00596_png.rf.e8d1eeec699ff7f760d94f4383db62ac.jpg","FisheyeCamera_1_00596_png.rf.e8d1eeec699ff7f760d94f4383db62ac.txt","train"
"train","00003_00045_00007_png.rf.15d7f22043df37d8cdb5771c32b23c8d.jpg","00003_00045_00007_png.rf.15d7f22043df37d8cdb5771c32b23c8d.txt","valid"
"train","00000_00002_00013_png.rf.8c8af3e962380a9b99d56d2f684747f6.jpg","00000_00002_00013_png.rf.8c8af3e962380a9b99d56d2f684747f6.txt","train"
"train","00000_00004_00021_png.rf.94985e1203185d9dec46ee46532910ac.jpg","00000_00004_00021_png.rf.94985e1203185d9dec46ee46532910ac.txt","train"
"train","00005_00017_00010_png.rf.32ecd9d44fad57be182927315ada8ef7.jpg","00005_00017_00010_png.rf.32ecd9d44fad57be182927315ada8ef7.txt","train"
"train","000043_jpg.rf.d40f76c0825c1f6c119c001097a135ff.jpg","000043_jpg.rf.d40f76c0825c1f6c119c001097a135ff.txt","train"
"train","00014_00006_00002_png.rf.830d33747e09892cb73c85b59cd0aad6.jpg","00014_00006_00002_png.rf.830d33747e09892cb73c85b59cd0aad6.txt","valid"
"train","00008_00007_00005_png.rf.cd1d7f21664a3491f4b84ab30267e2e8.jpg","00008_00007_00005_png.rf.cd1d7f21664a3491f4b84ab30267e2e8.txt","train"
"train","road657_png.rf.adab246951464037d115a0fb676e3d9e.jpg","road657_png.rf.adab246951464037d115a0fb676e3d9e.txt","valid"
"train","00014_00009_00013_png.rf.8efeb51a9868cba469f3eb0ca99f0ab0.jpg","00014_00009_00013_png.rf.8efeb51a9868cba469f3eb0ca99f0ab0.txt","train"
"train","000211_jpg.rf.2ce8c720f23db55b771f17a79ece2e24.jpg","000211_jpg.rf.2ce8c720f23db55b771f17a79ece2e24.txt","train"
"train","road630_png.rf.163af52349fb5b7475517c18f76f077a.jpg","road630_png.rf.163af52349fb5b7475517c18f76f077a.txt","train"
"train","000645_jpg.rf.ee657fa17ee66b73afc9dc085cda26ff.jpg","000645_jpg.rf.ee657fa17ee66b73afc9dc085cda26ff.txt","train"
"train","FisheyeCamera_1_00476_png.rf.00903c1e860e40fb84e79667d70c9ca7.jpg","FisheyeCamera_1_00476_png.rf.00903c1e860e40fb84e79667d70c9ca7.txt","test"
"train","FisheyeCamera_1_00208_png.rf.27849a1603cee2176e5bbc8e0ae6ef40.jpg","FisheyeCamera_1_00208_png.rf.27849a1603cee2176e5bbc8e0ae6ef40.txt","train"
"train","001069_jpg.rf.eea61f89aa03e4288a5ed3ab501cd357.jpg","001069_jpg.rf.eea61f89aa03e4288a5ed3ab501cd357.txt","train"
"train","00014_00015_00005_png.rf.bc5986a643337c34b7d1ec93e0cf182a.jpg","00014_00015_00005_png.rf.bc5986a643337c34b7d1ec93e0cf182a.txt","train"
"train","000638_jpg.rf.d1038066c8bb4233206a587fd3840ffa.jpg","000638_jpg.rf.d1038066c8bb4233206a587fd3840ffa.txt","train"
"train","road521_png.rf.8e928ffd8ca3a5205acc8f9bb54b11f9.jpg","road521_png.rf.8e928ffd8ca3a5205acc8f9bb54b11f9.txt","train"
"train","000190_jpg.rf.16e896bc4cfa17118c01311c967870e1.jpg","000190_jpg.rf.16e896bc4cfa17118c01311c967870e1.txt","train"
"train","001250_jpg.rf.fc9de165c91f4eb82edc69a8a1a2a001.jpg","001250_jpg.rf.fc9de165c91f4eb82edc69a8a1a2a001.txt","test"
"train","001066_jpg.rf.7cbe329e6833ed78a81bde3a97859628.jpg","001066_jpg.rf.7cbe329e6833ed78a81bde3a97859628.txt","train"
"train","000902_jpg.rf.e12aeca2cb2433380368ce1f8f8b236f.jpg","000902_jpg.rf.e12aeca2cb2433380368ce1f8f8b236f.txt","test"
"train","00001_00060_00006_png.rf.e8de067d388fca5768a8f4924aa1543b.jpg","00001_00060_00006_png.rf.e8de067d388fca5768a8f4924aa1543b.txt","train"
"train","00003_00004_00023_png.rf.baab29a3dcf6be405a8dd7556ab2c7c6.jpg","00003_00004_00023_png.rf.baab29a3dcf6be405a8dd7556ab2c7c6.txt","train"
"train","FisheyeCamera_1_00622_png.rf.810f680212b542138b027efce1a509a8.jpg","FisheyeCamera_1_00622_png.rf.810f680212b542138b027efce1a509a8.txt","train"
"train","00014_00005_00024_png.rf.932833160880d09f0096a6b2b7a62c86.jpg","00014_00005_00024_png.rf.932833160880d09f0096a6b2b7a62c86.txt","train"
"train","000335_jpg.rf.e45558419b2803edab17e6c6e65dbc2d.jpg","000335_jpg.rf.e45558419b2803edab17e6c6e65dbc2d.txt","train"
"train","00014_00002_00029_png.rf.2179f3504e12d4aafe28feaa39a03b88.jpg","00014_00002_00029_png.rf.2179f3504e12d4aafe28feaa39a03b88.txt","test"
"train","road687_png.rf.b363747daec82809bfed6fc92c1d3d65.jpg","road687_png.rf.b363747daec82809bfed6fc92c1d3d65.txt","train"
"train","00003_00012_00019_png.rf.4d98b2caac1067d2bd0c6cddbbf56176.jpg","00003_00012_00019_png.rf.4d98b2caac1067d2bd0c6cddbbf56176.txt","valid"
"train","00002_00024_00029_png.rf.f8a774d4c1ddb5994d5a917654907fa9.jpg","00002_00024_00029_png.rf.f8a774d4c1ddb5994d5a917654907fa9.txt","train"
"train","FisheyeCamera_1_00595_png.rf.cc74deab52ace8e1a6e92f5ce2f24a34.jpg","FisheyeCamera_1_00595_png.rf.cc74deab52ace8e1a6e92f5ce2f24a34.txt","train"
"train","001068_jpg.rf.410c9e3c9d20fff916d946112a4c8280.jpg","001068_jpg.rf.410c9e3c9d20fff916d946112a4c8280.txt","train"
"train","road667_png.rf.bb6fbb2110a36db7b136478784f882e6.jpg","road667_png.rf.bb6fbb2110a36db7b136478784f882e6.txt","train"
"train","001014_jpg.rf.d502d47cbc2b5f7e8d63662899b57482.jpg","001014_jpg.rf.d502d47cbc2b5f7e8d63662899b57482.txt","test"
"train","000383_jpg.rf.3960d4472b3ae144a97da9965cf40c53.jpg","000383_jpg.rf.3960d4472b3ae144a97da9965cf40c53.txt","test"
"train","10a18f3d-79d7-447f-ab9e-6de78b09477f_jpg.rf.49d525cb622a7fe5e11e708ec2cfa616.jpg","10a18f3d-79d7-447f-ab9e-6de78b09477f_jpg.rf.49d525cb622a7fe5e11e708ec2cfa616.txt","test"
"train","00005_00018_00017_png.rf.19fe4acb76846060138340bd2f09e9d7.jpg","00005_00018_00017_png.rf.19fe4acb76846060138340bd2f09e9d7.txt","train"
"train","000024_jpg.rf.b990bca8dbfefd18c16b8be0a1e6bb31.jpg","000024_jpg.rf.b990bca8dbfefd18c16b8be0a1e6bb31.txt","train"
"train","00004_00036_00025_png.rf.6d93a86e15437a40c7a4de8210721da4.jpg","00004_00036_00025_png.rf.6d93a86e15437a40c7a4de8210721da4.txt","train"
"train","00007_00005_00016_png.rf.29d9836219ac34bce520dae9d67a8804.jpg","00007_00005_00016_png.rf.29d9836219ac34bce520dae9d67a8804.txt","train"
"train","road590_png.rf.844222c16267ec5d05a4ae8c7067c2b0.jpg","road590_png.rf.844222c16267ec5d05a4ae8c7067c2b0.txt","train"
"train","000875_jpg.rf.c757b897f56dc6e92e6bb7e8434a056c.jpg","000875_jpg.rf.c757b897f56dc6e92e6bb7e8434a056c.txt","train"
"train","001455_jpg.rf.346e6e410e42d20cbdb88ec4b7c4fe6b.jpg","001455_jpg.rf.346e6e410e42d20cbdb88ec4b7c4fe6b.txt","valid"
"train","00004_00034_00016_png.rf.b5c4687785a54f79079cd65a95ebecdd.jpg","00004_00034_00016_png.rf.b5c4687785a54f79079cd65a95ebecdd.txt","train"
"train","road585_png.rf.20e1e0728366168ff72a67afa959c6bc.jpg","road585_png.rf.20e1e0728366168ff72a67afa959c6bc.txt","test"
"train","FisheyeCamera_1_00020_png.rf.1643a428ca2e5305aae6a024a59acd7e.jpg","FisheyeCamera_1_00020_png.rf.1643a428ca2e5305aae6a024a59acd7e.txt","train"
"train","road721_png.rf.e043f22fa8a8db78a47ce688374f5fc2.jpg","road721_png.rf.e043f22fa8a8db78a47ce688374f5fc2.txt","valid"
"train","00001_00043_00006_png.rf.c77682a9c47ea057d9528b49545e0207.jpg","00001_00043_00006_png.rf.c77682a9c47ea057d9528b49545e0207.txt","train"
"train","FisheyeCamera_1_00083_png.rf.fd1febeefbe9083ac191250b41dd04ee.jpg","FisheyeCamera_1_00083_png.rf.fd1febeefbe9083ac191250b41dd04ee.txt","train"
"train","000437_png_jpg.rf.0ca567a11f1c97de0ca90f9720e2aca8.jpg","000437_png_jpg.rf.0ca567a11f1c97de0ca90f9720e2aca8.txt","valid"
"train","000852_JPG_jpg.rf.497f2d99e77dac69476013c63d270e52.jpg","000852_JPG_jpg.rf.497f2d99e77dac69476013c63d270e52.txt","train"
"train","001043_jpg.rf.00d22bcf91b63c3d9cfabcdec39d2ef4.jpg","001043_jpg.rf.00d22bcf91b63c3d9cfabcdec39d2ef4.txt","train"
"train","001251_jpg.rf.6af3a94791d5ce1b35c5870424811122.jpg","001251_jpg.rf.6af3a94791d5ce1b35c5870424811122.txt","train"
"train","000670_jpg.rf.9896b80e5e40aace3a017a98437bedb6.jpg","000670_jpg.rf.9896b80e5e40aace3a017a98437bedb6.txt","test"
"train","097b55bb-4589-4476-8fb6-d955050ffb7b_jpg.rf.b77ee0373c3bec74b2ce1dc19533fff3.jpg","097b55bb-4589-4476-8fb6-d955050ffb7b_jpg.rf.b77ee0373c3bec74b2ce1dc19533fff3.txt","valid"
"train","001061_jpg.rf.8c756b9cb5b7bc7106b7eff2572c14cc.jpg","001061_jpg.rf.8c756b9cb5b7bc7106b7eff2572c14cc.txt","train"
"train","00007_00013_00025_png.rf.04a8c27ea6895cd8ce190c914aaaf6c7.jpg","00007_00013_00025_png.rf.04a8c27ea6895cd8ce190c914aaaf6c7.txt","train"
"train","000806_jpg.rf.ea6462fea0aa69d16d7678294140bf05.jpg","000806_jpg.rf.ea6462fea0aa69d16d7678294140bf05.txt","valid"
"train","000853_jpg.rf.f470013393d057ee0b5f3652917399cb.jpg","000853_jpg.rf.f470013393d057ee0b5f3652917399cb.txt","train"
"train","00002_00025_00028_png.rf.8dcc9793e9ff74b843fb18bbd43b9878.jpg","00002_00025_00028_png.rf.8dcc9793e9ff74b843fb18bbd43b9878.txt","train"
"train","00004_00022_00015_png.rf.b17f8e4a065cf6e0e82b8b3f1fd03269.jpg","00004_00022_00015_png.rf.b17f8e4a065cf6e0e82b8b3f1fd03269.txt","train"
"train","001277_jpg.rf.110f2a67a52490b5ea36f669b2a5d474.jpg","001277_jpg.rf.110f2a67a52490b5ea36f669b2a5d474.txt","test"
"train","00004_00034_00025_png.rf.206510c591c1bdfd2ff357d4454a8ce2.jpg","00004_00034_00025_png.rf.206510c591c1bdfd2ff357d4454a8ce2.txt","train"
"train","000790_jpg.rf.5ed2ee376f44f3dddccf217615fcd659.jpg","000790_jpg.rf.5ed2ee376f44f3dddccf217615fcd659.txt","test"
"train","00014_00001_00016_png.rf.78031c30954a36112563362b177dd4c9.jpg","00014_00001_00016_png.rf.78031c30954a36112563362b177dd4c9.txt","train"
"train","00005_00004_00016_png.rf.69b799cde6442830014db1ae040585b1.jpg","00005_00004_00016_png.rf.69b799cde6442830014db1ae040585b1.txt","train"
"train","001935_jpg.rf.ef07d82290618f4ce79c6935a7e71b17.jpg","001935_jpg.rf.ef07d82290618f4ce79c6935a7e71b17.txt","valid"
"train","FisheyeCamera_1_00368_png.rf.6ca5b8ffb9832ca4d09cd7116208ee1a.jpg","FisheyeCamera_1_00368_png.rf.6ca5b8ffb9832ca4d09cd7116208ee1a.txt","train"
"train","road477_png.rf.7e8f26956dde616e4b240ddad9cbfbf8.jpg","road477_png.rf.7e8f26956dde616e4b240ddad9cbfbf8.txt","train"
"train","00014_00008_00005_png.rf.fc9f5f38d19dde36bda7d1b236114150.jpg","00014_00008_00005_png.rf.fc9f5f38d19dde36bda7d1b236114150.txt","train"
"train","road52_png.rf.80405bb2b0416b4902f373acee90fca4.jpg","road52_png.rf.80405bb2b0416b4902f373acee90fca4.txt","train"
"train","00014_00003_00000_png.rf.8c602a9489b1d557a215c2f43fa5f535.jpg","00014_00003_00000_png.rf.8c602a9489b1d557a215c2f43fa5f535.txt","train"
"train","FisheyeCamera_1_00073_png.rf.d15b14ce87b96fdc1ac1cd23080824d6.jpg","FisheyeCamera_1_00073_png.rf.d15b14ce87b96fdc1ac1cd23080824d6.txt","train"
"train","road825_png.rf.e43a68c8283ffdf3b163348744d7ee49.jpg","road825_png.rf.e43a68c8283ffdf3b163348744d7ee49.txt","valid"
"train","00000_00001_00029_png.rf.9dc160e1070def552a69ad4171e535ed.jpg","00000_00001_00029_png.rf.9dc160e1070def552a69ad4171e535ed.txt","train"
"train","000306_jpg.rf.8588376bb74c6dd7a10bb862cabdcbed.jpg","000306_jpg.rf.8588376bb74c6dd7a10bb862cabdcbed.txt","train"
"train","00008_00005_00012_png.rf.ca55766be7d1076824df5caee229ee32.jpg","00008_00005_00012_png.rf.ca55766be7d1076824df5caee229ee32.txt","train"
"train","road63_png.rf.b73e73841d0e71fbb477b9c23a2d6be7.jpg","road63_png.rf.b73e73841d0e71fbb477b9c23a2d6be7.txt","train"
"train","FisheyeCamera_1_00151_png.rf.9459ee3fcb841cb1a4337bd70bf887e0.jpg","FisheyeCamera_1_00151_png.rf.9459ee3fcb841cb1a4337bd70bf887e0.txt","test"
"train","FisheyeCamera_1_00242_png.rf.72cc7954c945ddfe9397922da0fd7772.jpg","FisheyeCamera_1_00242_png.rf.72cc7954c945ddfe9397922da0fd7772.txt","train"
"train","000744_jpg.rf.0235e8f7867f079a1053d6037940114f.jpg","000744_jpg.rf.0235e8f7867f079a1053d6037940114f.txt","valid"
"train","road273_png.rf.85751633ff9698d24e3e9f7ec9433e4d.jpg","road273_png.rf.85751633ff9698d24e3e9f7ec9433e4d.txt","train"
"train","road650_png.rf.fc22c047092973696ef7a7166423ab12.jpg","road650_png.rf.fc22c047092973696ef7a7166423ab12.txt","test"
"train","00014_00001_00023_png.rf.ec7b3363fadd0729cf5c780d50bf6cbb.jpg","00014_00001_00023_png.rf.ec7b3363fadd0729cf5c780d50bf6cbb.txt","train"
"train","00014_00010_00007_png.rf.9f87050a656f09df67a463c9642b26a5.jpg","00014_00010_00007_png.rf.9f87050a656f09df67a463c9642b26a5.txt","train"
"train","00008_00039_00022_png.rf.7d1eaa68ad31b1a634ca5a14da4e1ec2.jpg","00008_00039_00022_png.rf.7d1eaa68ad31b1a634ca5a14da4e1ec2.txt","valid"
"train","00000_00001_00011_png.rf.2866e9bc0063ef7eafadab54b0365c1a.jpg","00000_00001_00011_png.rf.2866e9bc0063ef7eafadab54b0365c1a.txt","train"
"train","road761_png.rf.b1e7a4dc134aceece0b46eed3b96f7f4.jpg","road761_png.rf.b1e7a4dc134aceece0b46eed3b96f7f4.txt","train"
"train","road258_png.rf.4a18455bc525e058c60519f6e5aba4ee.jpg","road258_png.rf.4a18455bc525e058c60519f6e5aba4ee.txt","train"
"train","road669_png.rf.954a92d41880c11862469f104ca45ef5.jpg","road669_png.rf.954a92d41880c11862469f104ca45ef5.txt","train"
"train","00014_00006_00010_png.rf.25da75f10123c42e14a8ab58268c6617.jpg","00014_00006_00010_png.rf.25da75f10123c42e14a8ab58268c6617.txt","train"
"train","00004_00021_00012_png.rf.33ff88d76be64017a9474c0c7b45e12e.jpg","00004_00021_00012_png.rf.33ff88d76be64017a9474c0c7b45e12e.txt","train"
"train","FisheyeCamera_1_00076_png.rf.0adcef5caa8ee0415650dc0ac4cd4623.jpg","FisheyeCamera_1_00076_png.rf.0adcef5caa8ee0415650dc0ac4cd4623.txt","train"
"train","00003_00035_00005_png.rf.e07efc6ca77db8958ef0735c908464f3.jpg","00003_00035_00005_png.rf.e07efc6ca77db8958ef0735c908464f3.txt","train"
"train","00014_00003_00009_png.rf.0606fa861394c73d5b7a47cbd57d02d4.jpg","00014_00003_00009_png.rf.0606fa861394c73d5b7a47cbd57d02d4.txt","test"
"train","00000_00000_00024_png.rf.44831ed1a0750a587703589b7169f9ad.jpg","00000_00000_00024_png.rf.44831ed1a0750a587703589b7169f9ad.txt","valid"
"train","FisheyeCamera_1_00990_png.rf.2f63c5ca578e229ddbeca742cac78abe.jpg","FisheyeCamera_1_00990_png.rf.2f63c5ca578e229ddbeca742cac78abe.txt","train"
"train","FisheyeCamera_1_00029_png.rf.aaf465d46e92a5a38054110aaedaa8c1.jpg","FisheyeCamera_1_00029_png.rf.aaf465d46e92a5a38054110aaedaa8c1.txt","train"
"train","00014_00001_00011_png.rf.c873f71e195e6016ba33ab2d52c847fb.jpg","00014_00001_00011_png.rf.c873f71e195e6016ba33ab2d52c847fb.txt","test"
"train","road502_png.rf.04aaf0fa187e16eec4b0f37335b95576.jpg","road502_png.rf.04aaf0fa187e16eec4b0f37335b95576.txt","train"
"train","road428_png.rf.1eeb216c1020e283db7f27ae592f0a28.jpg","road428_png.rf.1eeb216c1020e283db7f27ae592f0a28.txt","train"
"train","000167_jpg.rf.f179f72c6f9d21ad553a35b2ab04fdac.jpg","000167_jpg.rf.f179f72c6f9d21ad553a35b2ab04fdac.txt","train"
"train","000833_jpg.rf.a2835be5f9ca5edc63d275b8f3fa0a09.jpg","000833_jpg.rf.a2835be5f9ca5edc63d275b8f3fa0a09.txt","train"
"train","00014_00021_00023_png.rf.a4c04e2ba6608b4f75223c2daeb7984b.jpg","00014_00021_00023_png.rf.a4c04e2ba6608b4f75223c2daeb7984b.txt","train"
"train","000903_JPG_jpg.rf.4355f20e13e30351cf02ef8c1b146266.jpg","000903_JPG_jpg.rf.4355f20e13e30351cf02ef8c1b146266.txt","train"
"train","00003_00046_00013_png.rf.cbb346ada6f9223cce5e620cf926f98c.jpg","00003_00046_00013_png.rf.cbb346ada6f9223cce5e620cf926f98c.txt","train"
"train","000837_jpg.rf.4d2f0432fdfa1dec0e9441a410fe0162.jpg","000837_jpg.rf.4d2f0432fdfa1dec0e9441a410fe0162.txt","train"
"train","road120_png.rf.ce572e23d7e7ebff05318d13c94341cb.jpg","road120_png.rf.ce572e23d7e7ebff05318d13c94341cb.txt","train"
"train","000168_jpg.rf.89c421adef004768ea0bcd24aa29de27.jpg","000168_jpg.rf.89c421adef004768ea0bcd24aa29de27.txt","train"
"train","00000_00006_00012_png.rf.43e21fcdfbec39886195ed278a618b26.jpg","00000_00006_00012_png.rf.43e21fcdfbec39886195ed278a618b26.txt","train"
"train","000077_jpg.rf.61ae22319ae0d68256e8a56703596c0e.jpg","000077_jpg.rf.61ae22319ae0d68256e8a56703596c0e.txt","train"
"train","FisheyeCamera_1_00599_png.rf.6cc80f0f105312b95340fe1aaa382edb.jpg","FisheyeCamera_1_00599_png.rf.6cc80f0f105312b95340fe1aaa382edb.txt","train"
"train","001480_jpg.rf.29b562ea1822b472002b71f6b037b283.jpg","001480_jpg.rf.29b562ea1822b472002b71f6b037b283.txt","train"
"train","000375_jpg.rf.10256784fc8197f18f097e46a308d923.jpg","000375_jpg.rf.10256784fc8197f18f097e46a308d923.txt","train"
"train","road649_png.rf.b2024353c506c8bfa6a23ae111165b50.jpg","road649_png.rf.b2024353c506c8bfa6a23ae111165b50.txt","train"
"train","FisheyeCamera_1_00497_png.rf.0af75e628f6f3f5c5356ae2db6293b8c.jpg","FisheyeCamera_1_00497_png.rf.0af75e628f6f3f5c5356ae2db6293b8c.txt","train"
"train","00014_00009_00004_png.rf.aba347ca708e4d60950755963db46324.jpg","00014_00009_00004_png.rf.aba347ca708e4d60950755963db46324.txt","valid"
"train","00004_00022_00020_png.rf.812ef948ce72e14e75b7be3cf25e576c.jpg","00004_00022_00020_png.rf.812ef948ce72e14e75b7be3cf25e576c.txt","test"
"train","road423_png.rf.8252cda8a8c773a7d2681b8335536734.jpg","road423_png.rf.8252cda8a8c773a7d2681b8335536734.txt","train"
"train","00001_00030_00005_png.rf.d68a3e36660f82d3e87dbd1b26ae1894.jpg","00001_00030_00005_png.rf.d68a3e36660f82d3e87dbd1b26ae1894.txt","train"
"train","FisheyeCamera_1_00098_png.rf.5bc739c77e57e517c422c4805bc679df.jpg","FisheyeCamera_1_00098_png.rf.5bc739c77e57e517c422c4805bc679df.txt","test"
"train","FisheyeCamera_1_00154_png.rf.f85889e74db83a7fe026b40afa7746ef.jpg","FisheyeCamera_1_00154_png.rf.f85889e74db83a7fe026b40afa7746ef.txt","test"
"train","00007_00041_00012_png.rf.7b333a130d24d6a38fbcd053b0909a4e.jpg","00007_00041_00012_png.rf.7b333a130d24d6a38fbcd053b0909a4e.txt","valid"
"train","000172_jpg.rf.4e16df4e106f781de698c34762659ec5.jpg","000172_jpg.rf.4e16df4e106f781de698c34762659ec5.txt","train"
"train","road467_png.rf.2a69eda8a3e0cd06f3f60ec038928388.jpg","road467_png.rf.2a69eda8a3e0cd06f3f60ec038928388.txt","train"
"train","00001_00039_00006_png.rf.64d00fe0eb8de47e971a5cb97e0de9fa.jpg","00001_00039_00006_png.rf.64d00fe0eb8de47e971a5cb97e0de9fa.txt","train"
"train","001046_jpg.rf.520ebe9ccf9320471272e204c0b1bab3.jpg","001046_jpg.rf.520ebe9ccf9320471272e204c0b1bab3.txt","valid"
"train","00001_00031_00015_png.rf.45a4b4a812484d8d5f8bb60b2de57407.jpg","00001_00031_00015_png.rf.45a4b4a812484d8d5f8bb60b2de57407.txt","train"
"train","FisheyeCamera_1_00089_png.rf.01c0f15e8cfeab49f19890209d37d66b.jpg","FisheyeCamera_1_00089_png.rf.01c0f15e8cfeab49f19890209d37d66b.txt","test"
"train","00005_00009_00016_png.rf.39efbaab42d6b441f3bbf481a330aa21.jpg","00005_00009_00016_png.rf.39efbaab42d6b441f3bbf481a330aa21.txt","train"
"train","00007_00042_00011_png.rf.239115ba3b55cb815b9688ecaee7b6f1.jpg","00007_00042_00011_png.rf.239115ba3b55cb815b9688ecaee7b6f1.txt","train"
"train","0223f090-357c-4230-97aa-b238eae4b37a_jpg.rf.d674aa42c80262da1671fba189ee6bb2.jpg","0223f090-357c-4230-97aa-b238eae4b37a_jpg.rf.d674aa42c80262da1671fba189ee6bb2.txt","train"
"train","FisheyeCamera_1_00348_png.rf.ff813c2988f498871ff3c1b3f015e8ac.jpg","FisheyeCamera_1_00348_png.rf.ff813c2988f498871ff3c1b3f015e8ac.txt","train"
"train","00014_00010_00014_png.rf.d5ef4beacdcbe9069f054f787e58fb05.jpg","00014_00010_00014_png.rf.d5ef4beacdcbe9069f054f787e58fb05.txt","test"
"train","000964_jpg.rf.5539ca2350f632a4fe770ae1f506879b.jpg","000964_jpg.rf.5539ca2350f632a4fe770ae1f506879b.txt","train"
"train","road616_png.rf.ff285a698229c21068e0ef8577269819.jpg","road616_png.rf.ff285a698229c21068e0ef8577269819.txt","valid"
"train","road240_png.rf.4920ce652afe559e8184834ac5c82b23.jpg","road240_png.rf.4920ce652afe559e8184834ac5c82b23.txt","train"
"train","00001_00022_00001_png.rf.fac4f7a2870e2ca94543922eb24fef0a.jpg","00001_00022_00001_png.rf.fac4f7a2870e2ca94543922eb24fef0a.txt","test"
"train","000555_jpg.rf.c0e42ae1957d9db7dd0a8be83903f3df.jpg","000555_jpg.rf.c0e42ae1957d9db7dd0a8be83903f3df.txt","train"
"train","00003_00045_00013_png.rf.9d18cf1a9ca7c4e4d89b8e37929a8068.jpg","00003_00045_00013_png.rf.9d18cf1a9ca7c4e4d89b8e37929a8068.txt","train"
"train","FisheyeCamera_1_00023_png.rf.2de43fb89077e3408a4e5382f9dde5df.jpg","FisheyeCamera_1_00023_png.rf.2de43fb89077e3408a4e5382f9dde5df.txt","test"
"train","00003_00038_00016_png.rf.7cdd72fad3cab354b40abfe57ba6afa9.jpg","00003_00038_00016_png.rf.7cdd72fad3cab354b40abfe57ba6afa9.txt","valid"
"train","002112_jpg.rf.9dc3ef85db83949f3fc1a1c33af96eaf.jpg","002112_jpg.rf.9dc3ef85db83949f3fc1a1c33af96eaf.txt","train"
"train","00001_00043_00010_png.rf.d00782b48afa5b632cad5ae282731a4c.jpg","00001_00043_00010_png.rf.d00782b48afa5b632cad5ae282731a4c.txt","train"
"train","FisheyeCamera_1_00463_png.rf.e424dfd80f54f0cf9c6516bdcf76ed14.jpg","FisheyeCamera_1_00463_png.rf.e424dfd80f54f0cf9c6516bdcf76ed14.txt","train"
"train","road257_png.rf.2c23f70a8dd0c8b0774ef9211b09d1c3.jpg","road257_png.rf.2c23f70a8dd0c8b0774ef9211b09d1c3.txt","train"
"train","road88_png.rf.ff21a9eb6876eb2eebd015e44acb13c8.jpg","road88_png.rf.ff21a9eb6876eb2eebd015e44acb13c8.txt","valid"
"train","00014_00006_00017_png.rf.1ada49aa0c5b3d97b616568d09d39448.jpg","00014_00006_00017_png.rf.1ada49aa0c5b3d97b616568d09d39448.txt","valid"
"train","000880_JPG_jpg.rf.2b98c93437251b7d73831f7200c55cf0.jpg","000880_JPG_jpg.rf.2b98c93437251b7d73831f7200c55cf0.txt","train"
"train","00003_00044_00015_png.rf.2d0cfc5218269c9b1966e5c8b8d17f46.jpg","00003_00044_00015_png.rf.2d0cfc5218269c9b1966e5c8b8d17f46.txt","train"
"train","FisheyeCamera_1_00000_png.rf.9499b5ee2f6e10c44759b1138ffa03d5.jpg","FisheyeCamera_1_00000_png.rf.9499b5ee2f6e10c44759b1138ffa03d5.txt","train"
"train","000907_JPG_jpg.rf.c1ca353f1c15339a848bfcd4b1d60b40.jpg","000907_JPG_jpg.rf.c1ca353f1c15339a848bfcd4b1d60b40.txt","train"
"train","road285_png.rf.6f934ee1acaa0d97f0e81341077a4a1b.jpg","road285_png.rf.6f934ee1acaa0d97f0e81341077a4a1b.txt","train"
"train","FisheyeCamera_1_00593_png.rf.6cb1a33636ae9c1d9acda5ceef81ae30.jpg","FisheyeCamera_1_00593_png.rf.6cb1a33636ae9c1d9acda5ceef81ae30.txt","train"
"train","000851_JPG_jpg.rf.756f38b9a73c988f2a0ac70d3a50966e.jpg","000851_JPG_jpg.rf.756f38b9a73c988f2a0ac70d3a50966e.txt","train"
"train","001465_jpg.rf.bc0304aacc41060a9319c4f7fcddb2d4.jpg","001465_jpg.rf.bc0304aacc41060a9319c4f7fcddb2d4.txt","test"
"train","001690_JPG_jpg.rf.87f5a463f279f6c021d1901a32bbdcf4.jpg","001690_JPG_jpg.rf.87f5a463f279f6c021d1901a32bbdcf4.txt","train"
"train","000083_jpg.rf.cc2dbf94807289960951bd014335e36b.jpg","000083_jpg.rf.cc2dbf94807289960951bd014335e36b.txt","train"
"train","00002_00012_00006_png.rf.a7db3162504c0e2777fdb36646c54b00.jpg","00002_00012_00006_png.rf.a7db3162504c0e2777fdb36646c54b00.txt","valid"
"train","road779_png.rf.e313952789ceddbafd42d4c2090f3ecc.jpg","road779_png.rf.e313952789ceddbafd42d4c2090f3ecc.txt","valid"
"train","00005_00014_00005_png.rf.196c03d0a19024d989345ebd4946a0da.jpg","00005_00014_00005_png.rf.196c03d0a19024d989345ebd4946a0da.txt","test"
"train","000534_jpg.rf.d24d2a504b55469236139c3d13d5a9d7.jpg","000534_jpg.rf.d24d2a504b55469236139c3d13d5a9d7.txt","test"
"train","road302_png.rf.f0c3f98707b5047937d5a1f8f37cd469.jpg","road302_png.rf.f0c3f98707b5047937d5a1f8f37cd469.txt","train"
"train","b64b9cc1-67b0-44d7-ba75-af8d79356d76_jpg.rf.853cf5472a561c427479a9ecb0fea15b.jpg","b64b9cc1-67b0-44d7-ba75-af8d79356d76_jpg.rf.853cf5472a561c427479a9ecb0fea15b.txt","train"
"train","road785_png.rf.7084c7195d08f80317a3d3d18587eb10.jpg","road785_png.rf.7084c7195d08f80317a3d3d18587eb10.txt","valid"
"train","road572_png.rf.5617f0b358237b9a9e4b440d4ab22b89.jpg","road572_png.rf.5617f0b358237b9a9e4b440d4ab22b89.txt","train"
"train","001074_jpg.rf.407240c9d06f3f988fcdda71c7985ba9.jpg","001074_jpg.rf.407240c9d06f3f988fcdda71c7985ba9.txt","train"
"train","000617_jpg.rf.5accab3e37452bd3352a65a0d0624eb3.jpg","000617_jpg.rf.5accab3e37452bd3352a65a0d0624eb3.txt","train"
"train","road786_png.rf.c2340a83b485d36af0086a0a086cebf1.jpg","road786_png.rf.c2340a83b485d36af0086a0a086cebf1.txt","train"
"train","000508_jpg.rf.0b53d0c77dd7503714b204609e5f95f8.jpg","000508_jpg.rf.0b53d0c77dd7503714b204609e5f95f8.txt","train"
"train","001904_jpg.rf.03b98862c6c1dc2200c9f913f38d3ee3.jpg","001904_jpg.rf.03b98862c6c1dc2200c9f913f38d3ee3.txt","train"
"train","road606_png.rf.a53e05389091e1bd362c9f601e505b74.jpg","road606_png.rf.a53e05389091e1bd362c9f601e505b74.txt","train"
"train","000251_jpg.rf.42776d72582c9dfe84d48ea2a6128e27.jpg","000251_jpg.rf.42776d72582c9dfe84d48ea2a6128e27.txt","train"
"train","000981_JPG_jpg.rf.f7d3275427374abbe8d11de995b81ba1.jpg","000981_JPG_jpg.rf.f7d3275427374abbe8d11de995b81ba1.txt","train"
"train","001824_JPG_jpg.rf.3ea5f0eac92e5082067e03c76505ea6f.jpg","001824_JPG_jpg.rf.3ea5f0eac92e5082067e03c76505ea6f.txt","train"
"train","road264_png.rf.a4b807bebc027b17922db96ae8cc16c1.jpg","road264_png.rf.a4b807bebc027b17922db96ae8cc16c1.txt","train"
"train","001811_JPG_jpg.rf.0c01910252fc026531a9fe7a8ba6e740.jpg","001811_JPG_jpg.rf.0c01910252fc026531a9fe7a8ba6e740.txt","train"
"train","road794_png.rf.be5e28ef50ce156d4539ef1f449f6d62.jpg","road794_png.rf.be5e28ef50ce156d4539ef1f449f6d62.txt","test"
"train","000360_jpg.rf.5b715e1d388bab5c13c670bb1a1aca48.jpg","000360_jpg.rf.5b715e1d388bab5c13c670bb1a1aca48.txt","train"
"train","000938_JPG_jpg.rf.5b3a7986e9d9803ede53bfe4df26b61e.jpg","000938_JPG_jpg.rf.5b3a7986e9d9803ede53bfe4df26b61e.txt","test"
"train","000976_jpg.rf.c9601fb5e2bf2d677a635d1f61a48f62.jpg","000976_jpg.rf.c9601fb5e2bf2d677a635d1f61a48f62.txt","valid"
"train","001429_jpg.rf.1cb66f9e246272040dbc05cb7d6956f7.jpg","001429_jpg.rf.1cb66f9e246272040dbc05cb7d6956f7.txt","valid"
"train","00001_00060_00014_png.rf.f3d881a45152589f3d7dc3607ffc53a0.jpg","00001_00060_00014_png.rf.f3d881a45152589f3d7dc3607ffc53a0.txt","train"
"train","001289_jpg.rf.b4248f845004ae1a70e7c7bef97f2b82.jpg","001289_jpg.rf.b4248f845004ae1a70e7c7bef97f2b82.txt","test"
"train","000174_jpg.rf.90eeb1f425d84a97d0f7c2eeac6d2c0b.jpg","000174_jpg.rf.90eeb1f425d84a97d0f7c2eeac6d2c0b.txt","test"
"train","road645_png.rf.477afa9dd6eefc12a1ba4d17aacc6558.jpg","road645_png.rf.477afa9dd6eefc12a1ba4d17aacc6558.txt","valid"
"train","road479_png.rf.449f426cb7d3143972305a5b4409ffc5.jpg","road479_png.rf.449f426cb7d3143972305a5b4409ffc5.txt","train"
"train","000804_jpg.rf.31e4d135f6451e4f0aef61b29b623a1b.jpg","000804_jpg.rf.31e4d135f6451e4f0aef61b29b623a1b.txt","valid"
"train","000023_jpg.rf.4ef8085b92e5b3b7fa5670d8c1795b69.jpg","000023_jpg.rf.4ef8085b92e5b3b7fa5670d8c1795b69.txt","valid"
"train","road690_png.rf.d0ea18954b2b02acb1a31d7cfdeecd38.jpg","road690_png.rf.d0ea18954b2b02acb1a31d7cfdeecd38.txt","train"
"train","000922_jpg.rf.33872bdb2cddd617cb2305e7680ee75c.jpg","000922_jpg.rf.33872bdb2cddd617cb2305e7680ee75c.txt","train"
"train","00001_00031_00008_png.rf.f78f98fa51f4b0cba843f8eafc94673f.jpg","00001_00031_00008_png.rf.f78f98fa51f4b0cba843f8eafc94673f.txt","train"
"train","001257_jpg.rf.0205b5a98d369018e3a60b4d832390ae.jpg","001257_jpg.rf.0205b5a98d369018e3a60b4d832390ae.txt","train"
"train","00005_00019_00023_png.rf.c832916e493d0dc08846c3152ba25c32.jpg","00005_00019_00023_png.rf.c832916e493d0dc08846c3152ba25c32.txt","valid"
"train","00014_00004_00007_png.rf.884d44d63222f7da1577205bba4c1980.jpg","00014_00004_00007_png.rf.884d44d63222f7da1577205bba4c1980.txt","train"
"train","001223_jpg.rf.282eb271f5c58d3e837d5959f8a7158c.jpg","001223_jpg.rf.282eb271f5c58d3e837d5959f8a7158c.txt","test"
"train","001219_jpg.rf.49cfaf6fec4ae50e2608ad35780b0926.jpg","001219_jpg.rf.49cfaf6fec4ae50e2608ad35780b0926.txt","train"
"train","000540_jpg.rf.ab3f17af0e93634f61fd6201f6c898b9.jpg","000540_jpg.rf.ab3f17af0e93634f61fd6201f6c898b9.txt","train"
"train","road870_png.rf.a11047fcec6f1da0a1c135312ea72eac.jpg","road870_png.rf.a11047fcec6f1da0a1c135312ea72eac.txt","train"
"train","FisheyeCamera_1_00121_png.rf.ca4846b2f1ae8d9c18c1c082c422aed7.jpg","FisheyeCamera_1_00121_png.rf.ca4846b2f1ae8d9c18c1c082c422aed7.txt","train"
"train","road466_png.rf.23c6e2239c7d0cfe5307111abeecfedb.jpg","road466_png.rf.23c6e2239c7d0cfe5307111abeecfedb.txt","test"
"train","00008_00012_00009_png.rf.3629691238b267a7b6a8ee81d39698ed.jpg","00008_00012_00009_png.rf.3629691238b267a7b6a8ee81d39698ed.txt","train"
"train","road522_png.rf.769f71ae411e03608770303bd77bbb93.jpg","road522_png.rf.769f71ae411e03608770303bd77bbb93.txt","train"
"train","000118_jpg.rf.50a8586eeea1a7efa336010a451e667d.jpg","000118_jpg.rf.50a8586eeea1a7efa336010a451e667d.txt","train"
"train","00014_00009_00016_png.rf.51239ce40e5c5a5c5491dca27be631c3.jpg","00014_00009_00016_png.rf.51239ce40e5c5a5c5491dca27be631c3.txt","train"
"train","000838_jpg.rf.d071a4d46280c33564c647e7f43b47a5.jpg","000838_jpg.rf.d071a4d46280c33564c647e7f43b47a5.txt","train"
"train","000252_jpg.rf.dcfd686d51edace924848fad62fa0cfa.jpg","000252_jpg.rf.dcfd686d51edace924848fad62fa0cfa.txt","train"
"train","road350_png.rf.e9832dfb71f2060354f79de8d0a42065.jpg","road350_png.rf.e9832dfb71f2060354f79de8d0a42065.txt","train"
"train","FisheyeCamera_1_00264_png.rf.3dff66e3094e1bb6679c6afca193277f.jpg","FisheyeCamera_1_00264_png.rf.3dff66e3094e1bb6679c6afca193277f.txt","train"
"train","road741_png.rf.52186d32cd7d16cff7e07b4c7c4160e2.jpg","road741_png.rf.52186d32cd7d16cff7e07b4c7c4160e2.txt","valid"
"train","000631_jpg.rf.3f632c5e4d08e90b362f50f81266f15d.jpg","000631_jpg.rf.3f632c5e4d08e90b362f50f81266f15d.txt","train"
"train","00004_00007_00018_png.rf.4694891452cc050c577fc7039561400d.jpg","00004_00007_00018_png.rf.4694891452cc050c577fc7039561400d.txt","train"
"train","000781_jpg.rf.61096212d29bfa41e8f55e906ddb796a.jpg","000781_jpg.rf.61096212d29bfa41e8f55e906ddb796a.txt","train"
"train","00014_00007_00008_png.rf.85a6526441055fa0d8af2008b91dba78.jpg","00014_00007_00008_png.rf.85a6526441055fa0d8af2008b91dba78.txt","train"
"train","00001_00005_00008_png.rf.17df9873807fae7f9656e029d2a712c6.jpg","00001_00005_00008_png.rf.17df9873807fae7f9656e029d2a712c6.txt","valid"
"train","road532_png.rf.b3b8d7b913cb36ab9d87f98b806278ba.jpg","road532_png.rf.b3b8d7b913cb36ab9d87f98b806278ba.txt","valid"
"train","road283_png.rf.8de11b3362c59cd23c5772898401315f.jpg","road283_png.rf.8de11b3362c59cd23c5772898401315f.txt","train"
"train","road523_png.rf.28b2c8ffa09d6d8c3e0d7b23a0d00865.jpg","road523_png.rf.28b2c8ffa09d6d8c3e0d7b23a0d00865.txt","train"
"train","FisheyeCamera_1_00320_png.rf.9665db3833471be172571c55f8b25645.jpg","FisheyeCamera_1_00320_png.rf.9665db3833471be172571c55f8b25645.txt","train"
"train","001601_JPG_jpg.rf.91d7616a3937f16b4cd4fedf54c59222.jpg","001601_JPG_jpg.rf.91d7616a3937f16b4cd4fedf54c59222.txt","train"
"train","00014_00001_00009_png.rf.259a0d465c524921ef7a331ac80d7739.jpg","00014_00001_00009_png.rf.259a0d465c524921ef7a331ac80d7739.txt","test"
"train","00000_00004_00002_png.rf.cd34c97bef7fa0a299c67e0b2026dc99.jpg","00000_00004_00002_png.rf.cd34c97bef7fa0a299c67e0b2026dc99.txt","train"
"train","00001_00023_00021_png.rf.a3cf64cf5cec1084b0ee2e07fa6638da.jpg","00001_00023_00021_png.rf.a3cf64cf5cec1084b0ee2e07fa6638da.txt","train"
"train","road369_png.rf.c8f2889e0e6fc17c554bdf33753114ae.jpg","road369_png.rf.c8f2889e0e6fc17c554bdf33753114ae.txt","train"
"train","001481_jpg.rf.1b79963de100e9a8f4222c3318de1cda.jpg","001481_jpg.rf.1b79963de100e9a8f4222c3318de1cda.txt","train"
"train","000624_jpg.rf.fc6d8dde03dd620a63b2d98ca3d170e3.jpg","000624_jpg.rf.fc6d8dde03dd620a63b2d98ca3d170e3.txt","train"
"train","000081_jpg.rf.27f70ef4560ffaca2abe84b03dc2c24d.jpg","000081_jpg.rf.27f70ef4560ffaca2abe84b03dc2c24d.txt","train"
"train","000934_jpg.rf.dc09c6034835d95d726d2a1a06a96fc3.jpg","000934_jpg.rf.dc09c6034835d95d726d2a1a06a96fc3.txt","train"
"train","0629fae7-2357-4fa2-a599-750358cf7e2e_jpg.rf.79b3278b249dd1a3706c3e420b42b648.jpg","0629fae7-2357-4fa2-a599-750358cf7e2e_jpg.rf.79b3278b249dd1a3706c3e420b42b648.txt","test"
"train","27beeb65-e6ea-4c4a-9dea-597500f26e7f_jpg.rf.b28729e6bacd62d8c616db95245699de.jpg","27beeb65-e6ea-4c4a-9dea-597500f26e7f_jpg.rf.b28729e6bacd62d8c616db95245699de.txt","test"
"train","road111_png.rf.86ff6e50b2eb10646a2a05865c46e8dd.jpg","road111_png.rf.86ff6e50b2eb10646a2a05865c46e8dd.txt","train"
"train","00004_00043_00015_png.rf.865ab46e54d9b32db44db7f20aff00e2.jpg","00004_00043_00015_png.rf.865ab46e54d9b32db44db7f20aff00e2.txt","train"
"train","000978_JPG_jpg.rf.e00104e0cdf4905de4cdc322fca2f2c7.jpg","000978_JPG_jpg.rf.e00104e0cdf4905de4cdc322fca2f2c7.txt","valid"
"train","00000_00005_00022_png.rf.2a0fac04dbdcaaec434b7c7746f8e97d.jpg","00000_00005_00022_png.rf.2a0fac04dbdcaaec434b7c7746f8e97d.txt","train"
"train","00007_00018_00018_png.rf.2454a11bbd85c9ece290efdaa8bfaeb5.jpg","00007_00018_00018_png.rf.2454a11bbd85c9ece290efdaa8bfaeb5.txt","train"
"train","00000_00005_00024_png.rf.00f3b315e995d34a8f0b7dc288de3d58.jpg","00000_00005_00024_png.rf.00f3b315e995d34a8f0b7dc288de3d58.txt","train"
"train","road342_png.rf.2f2fb273549ccf88a99b6f29867dca19.jpg","road342_png.rf.2f2fb273549ccf88a99b6f29867dca19.txt","train"
"train","00004_00037_00009_png.rf.1ca1e249ac9db49bd00febfc64645233.jpg","00004_00037_00009_png.rf.1ca1e249ac9db49bd00febfc64645233.txt","train"
"train","FisheyeCamera_1_00210_png.rf.478b00edd376061f6f6203b54bac6cea.jpg","FisheyeCamera_1_00210_png.rf.478b00edd376061f6f6203b54bac6cea.txt","valid"
"train","road311_png.rf.de19a0d24ea509934cfc0d5e23fb0256.jpg","road311_png.rf.de19a0d24ea509934cfc0d5e23fb0256.txt","valid"
"train","FisheyeCamera_1_00435_png.rf.1c9dc08b0e635d03b6b9217db544114d.jpg","FisheyeCamera_1_00435_png.rf.1c9dc08b0e635d03b6b9217db544114d.txt","train"
"train","00001_00025_00010_png.rf.c445efcba90540fe76bfc55838b997f2.jpg","00001_00025_00010_png.rf.c445efcba90540fe76bfc55838b997f2.txt","valid"
"train","00004_00061_00010_png.rf.b7547082bb78625048306f4fe3500399.jpg","00004_00061_00010_png.rf.b7547082bb78625048306f4fe3500399.txt","valid"
"train","00000_00001_00007_png.rf.b4921a3790e1480ee4b1c818fc487150.jpg","00000_00001_00007_png.rf.b4921a3790e1480ee4b1c818fc487150.txt","train"
"train","road402_png.rf.b802ae5b32770e848181506757f26c16.jpg","road402_png.rf.b802ae5b32770e848181506757f26c16.txt","test"
"train","00002_00029_00005_png.rf.8cacc1ecf42fd8a71a816c78e43048a5.jpg","00002_00029_00005_png.rf.8cacc1ecf42fd8a71a816c78e43048a5.txt","valid"
"train","00004_00036_00018_png.rf.a07a4855bcff0bff6dad6b505a25e4e4.jpg","00004_00036_00018_png.rf.a07a4855bcff0bff6dad6b505a25e4e4.txt","train"
"train","000510_jpg.rf.b4ef03d2bdede108a612b080cdae9e19.jpg","000510_jpg.rf.b4ef03d2bdede108a612b080cdae9e19.txt","train"
"train","000922_JPG_jpg.rf.3eb78a7c15cc034ce22e2f8c5a42f19b.jpg","000922_JPG_jpg.rf.3eb78a7c15cc034ce22e2f8c5a42f19b.txt","test"
"train","road417_png.rf.36980fd8080a902dd1444191e5ed709c.jpg","road417_png.rf.36980fd8080a902dd1444191e5ed709c.txt","train"
"train","road784_png.rf.758f0e0022399964e9f98ab51b22400b.jpg","road784_png.rf.758f0e0022399964e9f98ab51b22400b.txt","train"
"train","00001_00011_00006_png.rf.4eced0320f0f3365b09b7d0f68f9a9e8.jpg","00001_00011_00006_png.rf.4eced0320f0f3365b09b7d0f68f9a9e8.txt","test"
"train","road315_png.rf.90c87517311303f41687145a97fafdc5.jpg","road315_png.rf.90c87517311303f41687145a97fafdc5.txt","train"
"train","road3_png.rf.5bf8af87ef682b860e2ddb498ef21496.jpg","road3_png.rf.5bf8af87ef682b860e2ddb498ef21496.txt","train"
"train","000970_jpg.rf.03bbd2e6aca0c3bd236eb614c0630a24.jpg","000970_jpg.rf.03bbd2e6aca0c3bd236eb614c0630a24.txt","valid"
"train","00005_00056_00012_png.rf.77bfc5c2471bae39e080af7a4c6b8389.jpg","00005_00056_00012_png.rf.77bfc5c2471bae39e080af7a4c6b8389.txt","test"
"train","00007_00043_00009_png.rf.077df82da8bc646f318aebc6362af6d1.jpg","00007_00043_00009_png.rf.077df82da8bc646f318aebc6362af6d1.txt","train"
"train","00002_00017_00008_png.rf.a8cc8b6782e10d078587e3e6449f1d5e.jpg","00002_00017_00008_png.rf.a8cc8b6782e10d078587e3e6449f1d5e.txt","train"
"train","001056_jpg.rf.f78f2e627ade5d5add9d68fe0ccb534f.jpg","001056_jpg.rf.f78f2e627ade5d5add9d68fe0ccb534f.txt","train"
"train","001053_jpg.rf.ab5caf957f0c881fe2ce31aa791c23fe.jpg","001053_jpg.rf.ab5caf957f0c881fe2ce31aa791c23fe.txt","train"
"train","000625_jpg.rf.55cf6ce4d26b9f70397015452688d32b.jpg","000625_jpg.rf.55cf6ce4d26b9f70397015452688d32b.txt","train"
"train","00008_00007_00010_png.rf.887a7698cfd6d7c0753c9e81e3dd7f34.jpg","00008_00007_00010_png.rf.887a7698cfd6d7c0753c9e81e3dd7f34.txt","test"
"train","000250_jpg.rf.9f233fbf3edad28ee07eab6d0e9d042e.jpg","000250_jpg.rf.9f233fbf3edad28ee07eab6d0e9d042e.txt","train"
"train","000750_jpg.rf.5a61f04eba9715741c83d0d6e333f6b5.jpg","000750_jpg.rf.5a61f04eba9715741c83d0d6e333f6b5.txt","train"
"train","000990_JPG_jpg.rf.e4e6849eefa95a104f09342516759fa7.jpg","000990_JPG_jpg.rf.e4e6849eefa95a104f09342516759fa7.txt","train"
"train","00014_00002_00012_png.rf.afc41bf38c8fd688393d7539ac6e31cb.jpg","00014_00002_00012_png.rf.afc41bf38c8fd688393d7539ac6e31cb.txt","train"
"train","00014_00009_00017_png.rf.32dc9f3fa594d040b89f4b5f46148c2d.jpg","00014_00009_00017_png.rf.32dc9f3fa594d040b89f4b5f46148c2d.txt","train"
"train","00001_00010_00003_png.rf.0d540bb9e21a8735572686d7a269f3ec.jpg","00001_00010_00003_png.rf.0d540bb9e21a8735572686d7a269f3ec.txt","test"
"train","road188_png.rf.62f5b938afe9654fd150bdca3239efef.jpg","road188_png.rf.62f5b938afe9654fd150bdca3239efef.txt","valid"
"train","000605_jpg.rf.1151e0d53e4d81b11c3b5a394fa93115.jpg","000605_jpg.rf.1151e0d53e4d81b11c3b5a394fa93115.txt","train"
"train","00008_00039_00023_png.rf.d89f26786689f2a4808f5f261293d4ff.jpg","00008_00039_00023_png.rf.d89f26786689f2a4808f5f261293d4ff.txt","train"
"train","00014_00021_00020_png.rf.ac436a1372968020302a5597132e31b7.jpg","00014_00021_00020_png.rf.ac436a1372968020302a5597132e31b7.txt","train"
"train","000899_JPG_jpg.rf.1c22a325f1eb2edd7633208e28b567cd.jpg","000899_JPG_jpg.rf.1c22a325f1eb2edd7633208e28b567cd.txt","test"
"train","000864_JPG_jpg.rf.763fcef116678546e7adc68a02d153de.jpg","000864_JPG_jpg.rf.763fcef116678546e7adc68a02d153de.txt","train"
"train","00001_00008_00013_png.rf.bbea90e03cc31d060c39d64465091490.jpg","00001_00008_00013_png.rf.bbea90e03cc31d060c39d64465091490.txt","train"
"train","00004_00030_00000_png.rf.b3b958f75ca682379ce7a8e021de275f.jpg","00004_00030_00000_png.rf.b3b958f75ca682379ce7a8e021de275f.txt","train"
"train","FisheyeCamera_1_00458_png.rf.43675bb3bf8ac6efc68445d2f54d0bc2.jpg","FisheyeCamera_1_00458_png.rf.43675bb3bf8ac6efc68445d2f54d0bc2.txt","train"
"train","road662_png.rf.9f483dc8bd62aa83502de07458f1457c.jpg","road662_png.rf.9f483dc8bd62aa83502de07458f1457c.txt","train"
"train","000854_JPG_jpg.rf.b7de58184749904bc2c4cec67584e8ac.jpg","000854_JPG_jpg.rf.b7de58184749904bc2c4cec67584e8ac.txt","test"
"train","00001_00019_00007_png.rf.b298bc73aa129686bd5a9cc4c42809ae.jpg","00001_00019_00007_png.rf.b298bc73aa129686bd5a9cc4c42809ae.txt","train"
"train","00004_00040_00019_png.rf.6277ddd194cef8e1a8254946ab7a4b9a.jpg","00004_00040_00019_png.rf.6277ddd194cef8e1a8254946ab7a4b9a.txt","train"
"train","001293_jpg.rf.270edcd94b2d7a04d1a746f353452735.jpg","001293_jpg.rf.270edcd94b2d7a04d1a746f353452735.txt","valid"
"train","000454_jpg.rf.6fdc5dd10f6ac4ea021c3ab0e5b5fa0f.jpg","000454_jpg.rf.6fdc5dd10f6ac4ea021c3ab0e5b5fa0f.txt","train"
"train","000757_jpg.rf.e7a80267a2da3068f8f9721a11a57e44.jpg","000757_jpg.rf.e7a80267a2da3068f8f9721a11a57e44.txt","train"
"train","00000_00002_00028_png.rf.d40325ed54928149b52b1f9852f80fa9.jpg","00000_00002_00028_png.rf.d40325ed54928149b52b1f9852f80fa9.txt","train"
"train","00000_00006_00003_png.rf.1e76c090326f626a1c075a49539912dc.jpg","00000_00006_00003_png.rf.1e76c090326f626a1c075a49539912dc.txt","train"
"train","road410_png.rf.e6128d3cf9ef93f179cd7caec0bddc92.jpg","road410_png.rf.e6128d3cf9ef93f179cd7caec0bddc92.txt","train"
"train","00003_00005_00013_png.rf.7599df42c6c6bfa367af0bc544310e02.jpg","00003_00005_00013_png.rf.7599df42c6c6bfa367af0bc544310e02.txt","train"
"train","001857_JPG_jpg.rf.796046a6a433f3ddb670ac0fc7a41d66.jpg","001857_JPG_jpg.rf.796046a6a433f3ddb670ac0fc7a41d66.txt","test"
"train","00005_00019_00008_png.rf.c80e2179ddeff1afb30b49b3e910483f.jpg","00005_00019_00008_png.rf.c80e2179ddeff1afb30b49b3e910483f.txt","train"
"train","00002_00000_00028_png.rf.e45a39c7f07e997045b45205c74e7551.jpg","00002_00000_00028_png.rf.e45a39c7f07e997045b45205c74e7551.txt","train"
"train","00004_00042_00011_png.rf.d9b6a55254ffb7dd73b33a8730548a19.jpg","00004_00042_00011_png.rf.d9b6a55254ffb7dd73b33a8730548a19.txt","valid"
"train","road295_png.rf.ea11d658dafc84f127070cadcc8243f8.jpg","road295_png.rf.ea11d658dafc84f127070cadcc8243f8.txt","train"
"train","000179_jpg.rf.9604f0b67b3a626fd373a365205d9d80.jpg","000179_jpg.rf.9604f0b67b3a626fd373a365205d9d80.txt","train"
"train","road802_png.rf.2fc91a0e5b28c1dba511958a8392b0d9.jpg","road802_png.rf.2fc91a0e5b28c1dba511958a8392b0d9.txt","train"
"train","00004_00051_00025_png.rf.ae18631409c8eadef1c389c09afce5da.jpg","00004_00051_00025_png.rf.ae18631409c8eadef1c389c09afce5da.txt","train"
"train","001671_JPG_jpg.rf.934f18420004b17acb95f882e89b5444.jpg","001671_JPG_jpg.rf.934f18420004b17acb95f882e89b5444.txt","train"
"train","00008_00030_00024_png.rf.8eb271bb204d403daf90ed63a11ebb47.jpg","00008_00030_00024_png.rf.8eb271bb204d403daf90ed63a11ebb47.txt","train"
"train","FisheyeCamera_1_00284_png.rf.b9e34fc603122842357e82f0ad995ecf.jpg","FisheyeCamera_1_00284_png.rf.b9e34fc603122842357e82f0ad995ecf.txt","valid"
"train","00004_00043_00027_png.rf.967a4f8f9866ba549b9b2fe61828d08d.jpg","00004_00043_00027_png.rf.967a4f8f9866ba549b9b2fe61828d08d.txt","train"
"train","00001_00004_00003_png.rf.ae286f3f1fd9922916f60fa34315835b.jpg","00001_00004_00003_png.rf.ae286f3f1fd9922916f60fa34315835b.txt","valid"
"train","road840_png.rf.9f9a1f8889521660d4bd5d8e5563a435.jpg","road840_png.rf.9f9a1f8889521660d4bd5d8e5563a435.txt","train"
"train","000825_jpg.rf.bce9c99c458ec48e5212d507f04937f5.jpg","000825_jpg.rf.bce9c99c458ec48e5212d507f04937f5.txt","valid"
"train","00001_00068_00006_png.rf.6f9cad6aa3ea0b4bf7eca14d20b48bb3.jpg","00001_00068_00006_png.rf.6f9cad6aa3ea0b4bf7eca14d20b48bb3.txt","valid"
"train","000504_jpg.rf.df5b5b9df768e42ce5ca98907100ac4d.jpg","000504_jpg.rf.df5b5b9df768e42ce5ca98907100ac4d.txt","train"
"train","road868_png.rf.a22b938aae63cfa48513e3aade50ab11.jpg","road868_png.rf.a22b938aae63cfa48513e3aade50ab11.txt","train"
"train","road321_png.rf.b37928e97186e6409dfa39ab5e8b3991.jpg","road321_png.rf.b37928e97186e6409dfa39ab5e8b3991.txt","test"
"train","000991_JPG_jpg.rf.766cb40d611403d3e7fb434ac17e9810.jpg","000991_JPG_jpg.rf.766cb40d611403d3e7fb434ac17e9810.txt","train"
"train","road709_png.rf.818c4539f3980ed73696d571abbe67f1.jpg","road709_png.rf.818c4539f3980ed73696d571abbe67f1.txt","test"
"train","00014_00003_00002_png.rf.d55f634896baf0de38a4613cfffb0811.jpg","00014_00003_00002_png.rf.d55f634896baf0de38a4613cfffb0811.txt","train"
"train","FisheyeCamera_1_00179_png.rf.920941765220c96cda7e01cbd1857fa4.jpg","FisheyeCamera_1_00179_png.rf.920941765220c96cda7e01cbd1857fa4.txt","train"
"train","00003_00034_00020_png.rf.7094095c2bda45040a357bb0aa77f853.jpg","00003_00034_00020_png.rf.7094095c2bda45040a357bb0aa77f853.txt","train"
"train","FisheyeCamera_1_00617_png.rf.91a8e0068fdeb84066713bd62eabc32f.jpg","FisheyeCamera_1_00617_png.rf.91a8e0068fdeb84066713bd62eabc32f.txt","train"
"train","road59_png.rf.41e44f5379b2b2b37ea2ebc20cd32c75.jpg","road59_png.rf.41e44f5379b2b2b37ea2ebc20cd32c75.txt","test"
"train","000353_jpg.rf.d642272422841484c8a0f17b2685a857.jpg","000353_jpg.rf.d642272422841484c8a0f17b2685a857.txt","valid"
"train","000581_jpg.rf.14c81445ae2bbcb9344d3b37e366719a.jpg","000581_jpg.rf.14c81445ae2bbcb9344d3b37e366719a.txt","train"
"train","000468_jpg.rf.165eaca58ea03e9f729ffe529488cb6c.jpg","000468_jpg.rf.165eaca58ea03e9f729ffe529488cb6c.txt","train"
"train","000609_jpg.rf.b04cc167cbce799f558824312fce11d5.jpg","000609_jpg.rf.b04cc167cbce799f558824312fce11d5.txt","train"
"train","road731_png.rf.39bc8e518134d9f32ab713e909528197.jpg","road731_png.rf.39bc8e518134d9f32ab713e909528197.txt","train"
"train","FisheyeCamera_1_00630_png.rf.8f02dbcae9a597b4acd271b19be4699b.jpg","FisheyeCamera_1_00630_png.rf.8f02dbcae9a597b4acd271b19be4699b.txt","train"
"train","00001_00030_00018_png.rf.f7151774b0fe560d51123c5009f8ef8d.jpg","00001_00030_00018_png.rf.f7151774b0fe560d51123c5009f8ef8d.txt","train"
"train","000265_jpg.rf.6e66ee4ae14cda2d1aabfb982f3914f4.jpg","000265_jpg.rf.6e66ee4ae14cda2d1aabfb982f3914f4.txt","train"
"train","road474_png.rf.7d2293f5317e0b2186afa2bc92530dba.jpg","road474_png.rf.7d2293f5317e0b2186afa2bc92530dba.txt","train"
"train","000097_jpg.rf.ba347d217d0a348d8b3a5dcfd463b596.jpg","000097_jpg.rf.ba347d217d0a348d8b3a5dcfd463b596.txt","train"
"train","00000_00006_00007_png.rf.771eb22a785a854e83d23ac5080a09d0.jpg","00000_00006_00007_png.rf.771eb22a785a854e83d23ac5080a09d0.txt","train"
"train","000316_jpg.rf.ad5f2b8e2cd00331cc6607f667882f54.jpg","000316_jpg.rf.ad5f2b8e2cd00331cc6607f667882f54.txt","train"
"train","FisheyeCamera_1_00080_png.rf.4cfe8a4c1a51e5eac829482e7f0d8852.jpg","FisheyeCamera_1_00080_png.rf.4cfe8a4c1a51e5eac829482e7f0d8852.txt","train"
"train","00008_00011_00005_png.rf.97a89754b252e8bcaeef0635c8af47fe.jpg","00008_00011_00005_png.rf.97a89754b252e8bcaeef0635c8af47fe.txt","train"
"train","00000_00000_00011_png.rf.a63a67d3643fec90f2a53d8ee077f48e.jpg","00000_00000_00011_png.rf.a63a67d3643fec90f2a53d8ee077f48e.txt","train"
"train","001221_jpg.rf.2d37d8b6a4c1ca9882ab69847785367c.jpg","001221_jpg.rf.2d37d8b6a4c1ca9882ab69847785367c.txt","train"
"train","FisheyeCamera_1_00084_png.rf.32eb92b3280398ff9b2f6466ac4c6aca.jpg","FisheyeCamera_1_00084_png.rf.32eb92b3280398ff9b2f6466ac4c6aca.txt","valid"
"train","00001_00035_00022_png.rf.c7586af761a9dd01352024cc1887654d.jpg","00001_00035_00022_png.rf.c7586af761a9dd01352024cc1887654d.txt","train"
"train","00014_00012_00001_png.rf.810433bea9b4c051398029c36cec0413.jpg","00014_00012_00001_png.rf.810433bea9b4c051398029c36cec0413.txt","train"
"train","road839_png.rf.caadfd0d32004e77cc9be9993e288207.jpg","road839_png.rf.caadfd0d32004e77cc9be9993e288207.txt","train"
"train","00000_00004_00006_png.rf.23da285570e3050554382fff6d0323e0.jpg","00000_00004_00006_png.rf.23da285570e3050554382fff6d0323e0.txt","train"
"train","00000_00000_00009_png.rf.9d62d41d9c2f4058549dd43962cfd088.jpg","00000_00000_00009_png.rf.9d62d41d9c2f4058549dd43962cfd088.txt","train"
"train","000812_jpg.rf.ef508ceff74788ce4aeb6c1f34b5949c.jpg","000812_jpg.rf.ef508ceff74788ce4aeb6c1f34b5949c.txt","train"
"train","001681_JPG_jpg.rf.d904ecc69a8f822c55fe12f56ae798fd.jpg","001681_JPG_jpg.rf.d904ecc69a8f822c55fe12f56ae798fd.txt","train"
"train","001818_JPG_jpg.rf.7af98bc34ec3ea0e75b2f25770c764dd.jpg","001818_JPG_jpg.rf.7af98bc34ec3ea0e75b2f25770c764dd.txt","train"
"train","000918_jpg.rf.115293bc0a1630dfad1faae0db7e0846.jpg","000918_jpg.rf.115293bc0a1630dfad1faae0db7e0846.txt","valid"
"train","00002_00050_00022_png.rf.d024ed139b1287c1dee326bd78e06f3f.jpg","00002_00050_00022_png.rf.d024ed139b1287c1dee326bd78e06f3f.txt","train"
"train","000238_jpg.rf.e6ba47efea4b3a1042c1e52d8bfc67ed.jpg","000238_jpg.rf.e6ba47efea4b3a1042c1e52d8bfc67ed.txt","test"
"train","00005_00006_00027_png.rf.4141efa858bf3427151f3229259f8eb0.jpg","00005_00006_00027_png.rf.4141efa858bf3427151f3229259f8eb0.txt","train"
"train","000599_jpg.rf.ab98307f197b7dd70f57b7a5bca11cd5.jpg","000599_jpg.rf.ab98307f197b7dd70f57b7a5bca11cd5.txt","test"
"train","00008_00012_00013_png.rf.8997b60b369b7c4aaa502be9c0b663c9.jpg","00008_00012_00013_png.rf.8997b60b369b7c4aaa502be9c0b663c9.txt","valid"
"train","001860_JPG_jpg.rf.5d52c7f2ffd56a3409a1af491b9e57f5.jpg","001860_JPG_jpg.rf.5d52c7f2ffd56a3409a1af491b9e57f5.txt","test"
"train","FisheyeCamera_1_00356_png.rf.6a78e64c13c72ef2110bec671cbbf5a9.jpg","FisheyeCamera_1_00356_png.rf.6a78e64c13c72ef2110bec671cbbf5a9.txt","train"
"train","00014_00009_00022_png.rf.9de7ecaa13d47a2304c5aace6d8671bb.jpg","00014_00009_00022_png.rf.9de7ecaa13d47a2304c5aace6d8671bb.txt","test"
"train","34f4675d-7b94-4957-b176-8659b6a6242d_jpg.rf.d38851982b7c4879c6d2ea0e73929140.jpg","34f4675d-7b94-4957-b176-8659b6a6242d_jpg.rf.d38851982b7c4879c6d2ea0e73929140.txt","train"
"train","001619_JPG_jpg.rf.d5b5bc6a063689920bcb3102d1943a00.jpg","001619_JPG_jpg.rf.d5b5bc6a063689920bcb3102d1943a00.txt","test"
"train","00000_00002_00027_png.rf.3889fc2e52961f732de3cc0a77e490c2.jpg","00000_00002_00027_png.rf.3889fc2e52961f732de3cc0a77e490c2.txt","train"
"train","FisheyeCamera_1_00289_png.rf.4f0167bd2697830034c51763429c773d.jpg","FisheyeCamera_1_00289_png.rf.4f0167bd2697830034c51763429c773d.txt","train"
"train","00014_00010_00000_png.rf.4525e938965b94c634706607fd01abca.jpg","00014_00010_00000_png.rf.4525e938965b94c634706607fd01abca.txt","valid"
"train","road591_png.rf.ca1db958b12fd0c1268dce412cd67b66.jpg","road591_png.rf.ca1db958b12fd0c1268dce412cd67b66.txt","train"
"train","00000_00006_00020_png.rf.a68616314366c6544d8d70daca585a5d.jpg","00000_00006_00020_png.rf.a68616314366c6544d8d70daca585a5d.txt","train"
"train","00014_00021_00027_png.rf.c853ef396b2537955f42adf7564d7076.jpg","00014_00021_00027_png.rf.c853ef396b2537955f42adf7564d7076.txt","train"
"train","000459_jpg.rf.b52b2aaf20ff2f4799ad2708bd259e81.jpg","000459_jpg.rf.b52b2aaf20ff2f4799ad2708bd259e81.txt","train"
"train","00002_00057_00023_png.rf.9309cdc31a4c84977ad50ef1a6b3610b.jpg","00002_00057_00023_png.rf.9309cdc31a4c84977ad50ef1a6b3610b.txt","test"
"train","00014_00007_00007_png.rf.f44f360b63bcb4ad79d5c7bdb38f0b7c.jpg","00014_00007_00007_png.rf.f44f360b63bcb4ad79d5c7bdb38f0b7c.txt","train"
"train","00007_00002_00023_png.rf.89ec88c4f0186efbbb59b622c96d5707.jpg","00007_00002_00023_png.rf.89ec88c4f0186efbbb59b622c96d5707.txt","train"
"train","00007_00041_00004_png.rf.f2a4a418b1120a5ed8c1dfaa64e775e6.jpg","00007_00041_00004_png.rf.f2a4a418b1120a5ed8c1dfaa64e775e6.txt","train"
"train","FisheyeCamera_1_00337_png.rf.31a8b8ea5a7df01fe3630cf0a38fc3ad.jpg","FisheyeCamera_1_00337_png.rf.31a8b8ea5a7df01fe3630cf0a38fc3ad.txt","train"
"train","00004_00042_00022_png.rf.0097826bdc70fb8aaa5b0292ff867498.jpg","00004_00042_00022_png.rf.0097826bdc70fb8aaa5b0292ff867498.txt","valid"
"train","00004_00015_00008_png.rf.09fc1327fe45661cb225db7cff6b8046.jpg","00004_00015_00008_png.rf.09fc1327fe45661cb225db7cff6b8046.txt","train"
"train","00014_00002_00005_png.rf.a34e50a724c5cc81b5b25e92bc92dc34.jpg","00014_00002_00005_png.rf.a34e50a724c5cc81b5b25e92bc92dc34.txt","train"
"train","road445_png.rf.25a5736c396a130705bb81d2504ce830.jpg","road445_png.rf.25a5736c396a130705bb81d2504ce830.txt","train"
"train","00003_00004_00013_png.rf.a0c411f32d093b2c574f57b5e6b7b82a.jpg","00003_00004_00013_png.rf.a0c411f32d093b2c574f57b5e6b7b82a.txt","train"
"train","road313_png.rf.4bb18a531df346890fee54c1378d8007.jpg","road313_png.rf.4bb18a531df346890fee54c1378d8007.txt","train"
"train","000850_jpg.rf.192d9e6ad0da7e34f1a3d83670cefde1.jpg","000850_jpg.rf.192d9e6ad0da7e34f1a3d83670cefde1.txt","train"
"train","000135_jpg.rf.fb34e031ec3f03e68ed22d858bee65e1.jpg","000135_jpg.rf.fb34e031ec3f03e68ed22d858bee65e1.txt","train"
"train","001634_JPG_jpg.rf.da0ef12a5023f649369e10233bd0034f.jpg","001634_JPG_jpg.rf.da0ef12a5023f649369e10233bd0034f.txt","train"
"train","FisheyeCamera_1_00025_png.rf.270e58c07dca9d90192308a04e622b15.jpg","FisheyeCamera_1_00025_png.rf.270e58c07dca9d90192308a04e622b15.txt","train"
"train","00002_00011_00029_png.rf.570cf69ce558062ade0323e934ca4dcc.jpg","00002_00011_00029_png.rf.570cf69ce558062ade0323e934ca4dcc.txt","valid"
"train","000726_jpg.rf.5dcbb83cbae89ae3e6e3fabb3a95f8dd.jpg","000726_jpg.rf.5dcbb83cbae89ae3e6e3fabb3a95f8dd.txt","train"
"train","00003_00046_00022_png.rf.6a8fca1c856abbdbdea1b2044b94deae.jpg","00003_00046_00022_png.rf.6a8fca1c856abbdbdea1b2044b94deae.txt","train"
"train","FisheyeCamera_1_00280_png.rf.eb499bdffd53946661e6cd09fac63e6a.jpg","FisheyeCamera_1_00280_png.rf.eb499bdffd53946661e6cd09fac63e6a.txt","train"
"train","FisheyeCamera_1_00017_png.rf.3a2981f5516103e88f8fa7dff2178d9d.jpg","FisheyeCamera_1_00017_png.rf.3a2981f5516103e88f8fa7dff2178d9d.txt","train"
"train","FisheyeCamera_1_00092_png.rf.acc8e34fe858a326510fc31daef2050e.jpg","FisheyeCamera_1_00092_png.rf.acc8e34fe858a326510fc31daef2050e.txt","valid"
"train","FisheyeCamera_1_00607_png.rf.82737bd90e95e21c96ad1f9a413218e2.jpg","FisheyeCamera_1_00607_png.rf.82737bd90e95e21c96ad1f9a413218e2.txt","train"
"train","00004_00036_00024_png.rf.6f5bce629305a5d20a7fe617ad600f93.jpg","00004_00036_00024_png.rf.6f5bce629305a5d20a7fe617ad600f93.txt","train"
"train","FisheyeCamera_1_00458_png.rf.9e2568bb8ccd04f97aa2abee695432ba.jpg","FisheyeCamera_1_00458_png.rf.9e2568bb8ccd04f97aa2abee695432ba.txt","train"
"train","000074_jpg.rf.cebee2a5e4044337ab85c39f199e7228.jpg","000074_jpg.rf.cebee2a5e4044337ab85c39f199e7228.txt","train"
"train","00005_00012_00014_png.rf.cb7669c888284d440827e1044487994e.jpg","00005_00012_00014_png.rf.cb7669c888284d440827e1044487994e.txt","train"
"train","00014_00002_00018_png.rf.a565a9881db8ede7a1fdee43accea3a5.jpg","00014_00002_00018_png.rf.a565a9881db8ede7a1fdee43accea3a5.txt","valid"
"train","001235_jpg.rf.9e5b5dfbe1007072c78487b30c04b469.jpg","001235_jpg.rf.9e5b5dfbe1007072c78487b30c04b469.txt","train"
"train","00000_00006_00010_png.rf.a051a22523b725c6ee1098657f33a904.jpg","00000_00006_00010_png.rf.a051a22523b725c6ee1098657f33a904.txt","train"
"train","000500_jpg.rf.a68e9e0533ef1e1d32f1af19be608eb2.jpg","000500_jpg.rf.a68e9e0533ef1e1d32f1af19be608eb2.txt","test"
"train","00000_00001_00026_png.rf.40bca5e77c9b2498a779c484bac07d2a.jpg","00000_00001_00026_png.rf.40bca5e77c9b2498a779c484bac07d2a.txt","train"
"train","001632_JPG_jpg.rf.10bd37dd4314589a5fe5c5da58647e21.jpg","001632_JPG_jpg.rf.10bd37dd4314589a5fe5c5da58647e21.txt","train"
"train","00014_00025_00017_png.rf.948c69b8c85ecaa88022c10603e9e67c.jpg","00014_00025_00017_png.rf.948c69b8c85ecaa88022c10603e9e67c.txt","train"
"train","000658_jpg.rf.503ccb20754c6d7c897c1111895d939a.jpg","000658_jpg.rf.503ccb20754c6d7c897c1111895d939a.txt","test"
"train","000923_JPG_jpg.rf.9e6950297a0ca0f27d4b62c31fe6412e.jpg","000923_JPG_jpg.rf.9e6950297a0ca0f27d4b62c31fe6412e.txt","test"
"train","FisheyeCamera_1_00011_png.rf.34bd6707161e98120bf04ebdd7bff69d.jpg","FisheyeCamera_1_00011_png.rf.34bd6707161e98120bf04ebdd7bff69d.txt","train"
"train","road796_png.rf.1ecfbd59ee0d7b310a101511c04cdced.jpg","road796_png.rf.1ecfbd59ee0d7b310a101511c04cdced.txt","train"
"train","road609_png.rf.332362ae3010580099ee87570cfb4d7b.jpg","road609_png.rf.332362ae3010580099ee87570cfb4d7b.txt","train"
"train","000884_jpg.rf.3d5a0695937de59b3fb98fdd737934df.jpg","000884_jpg.rf.3d5a0695937de59b3fb98fdd737934df.txt","train"
"train","000727_jpg.rf.5f13b18676466c40e4bc7ccec5b8b7df.jpg","000727_jpg.rf.5f13b18676466c40e4bc7ccec5b8b7df.txt","train"
"train","road272_png.rf.494c07ca519ed2968b4a40cfa04ea4c4.jpg","road272_png.rf.494c07ca519ed2968b4a40cfa04ea4c4.txt","train"
"train","000679_jpg.rf.13f2a9bd8ce5db70254786fa4bb61ebf.jpg","000679_jpg.rf.13f2a9bd8ce5db70254786fa4bb61ebf.txt","train"
"train","00007_00013_00018_png.rf.ab6c2f5efe79ad2881af5b7f02a50645.jpg","00007_00013_00018_png.rf.ab6c2f5efe79ad2881af5b7f02a50645.txt","train"
"train","road389_png.rf.f005414e91962cf09473c57ccf0587f5.jpg","road389_png.rf.f005414e91962cf09473c57ccf0587f5.txt","train"
"train","00007_00042_00012_png.rf.775c0eaeaeb4b808f98a9a126c55e11b.jpg","00007_00042_00012_png.rf.775c0eaeaeb4b808f98a9a126c55e11b.txt","train"
"train","00014_00009_00005_png.rf.e94d9e296d18709ea74de7a14068ca33.jpg","00014_00009_00005_png.rf.e94d9e296d18709ea74de7a14068ca33.txt","valid"
"train","000032_jpg.rf.a93f7b6f80af9b19d7ee04799b5d2177.jpg","000032_jpg.rf.a93f7b6f80af9b19d7ee04799b5d2177.txt","train"
"train","000795_jpg.rf.319ce80ed5ffd07a7e67ec138636dfcf.jpg","000795_jpg.rf.319ce80ed5ffd07a7e67ec138636dfcf.txt","train"
"train","road838_png.rf.000173a71968d9e33c1011809e57c94c.jpg","road838_png.rf.000173a71968d9e33c1011809e57c94c.txt","train"
"train","000938_jpg.rf.2d28a6966d537c49c3ae4c9b6f1b91ac.jpg","000938_jpg.rf.2d28a6966d537c49c3ae4c9b6f1b91ac.txt","train"
"train","000628_jpg.rf.6ca56c190e2d47b268a30a861f2924d0.jpg","000628_jpg.rf.6ca56c190e2d47b268a30a861f2924d0.txt","train"
"train","00005_00019_00027_png.rf.7a52fb5f92010a4606e4239360b00af2.jpg","00005_00019_00027_png.rf.7a52fb5f92010a4606e4239360b00af2.txt","train"
"train","00008_00020_00004_png.rf.22fd31b8fafad852526d6d689c36c5f3.jpg","00008_00020_00004_png.rf.22fd31b8fafad852526d6d689c36c5f3.txt","train"
"train","001040_jpg.rf.893afb0420c15d0d4cbef94dc6a4651a.jpg","001040_jpg.rf.893afb0420c15d0d4cbef94dc6a4651a.txt","train"
"train","00000_00000_00017_png.rf.8c8266cc53a18a251e00394b8119d331.jpg","00000_00000_00017_png.rf.8c8266cc53a18a251e00394b8119d331.txt","valid"
"train","000997_JPG_jpg.rf.1683412ce80dd08e43591572b892414f.jpg","000997_JPG_jpg.rf.1683412ce80dd08e43591572b892414f.txt","train"
"train","00014_00001_00027_png.rf.b91d05ed0044cad8ed4ac928cd7e13c7.jpg","00014_00001_00027_png.rf.b91d05ed0044cad8ed4ac928cd7e13c7.txt","train"
"train","000937_JPG_jpg.rf.2cda748b9239a317b32fc625fa9d4d20.jpg","000937_JPG_jpg.rf.2cda748b9239a317b32fc625fa9d4d20.txt","train"
"train","road858_png.rf.650386a9ec2946654afcc4d50268a5db.jpg","road858_png.rf.650386a9ec2946654afcc4d50268a5db.txt","train"
"train","000421_jpg.rf.68026caf0ef0b82d14a9dc0c9bdcab5b.jpg","000421_jpg.rf.68026caf0ef0b82d14a9dc0c9bdcab5b.txt","train"
"train","0866866d-298d-4bff-afa0-6456ad7fd807_jpg.rf.5359a20976880aa55cce1716f5c392a2.jpg","0866866d-298d-4bff-afa0-6456ad7fd807_jpg.rf.5359a20976880aa55cce1716f5c392a2.txt","test"
"train","001826_JPG_jpg.rf.4e74873189611b2d6b3e49f18f49a85c.jpg","001826_JPG_jpg.rf.4e74873189611b2d6b3e49f18f49a85c.txt","test"
"train","00014_00013_00001_png.rf.b7e2aa916f79181574c88bbabed3951d.jpg","00014_00013_00001_png.rf.b7e2aa916f79181574c88bbabed3951d.txt","test"
"train","road481_png.rf.3456d4f3cb471c430a2335cadbac7434.jpg","road481_png.rf.3456d4f3cb471c430a2335cadbac7434.txt","train"
"train","road685_png.rf.c30292a0eb85f023cabbfff9cfea3f36.jpg","road685_png.rf.c30292a0eb85f023cabbfff9cfea3f36.txt","train"
"train","000202_jpg.rf.67ea3eac413992159ba44cbaa7523b91.jpg","000202_jpg.rf.67ea3eac413992159ba44cbaa7523b91.txt","test"
"train","00007_00007_00022_png.rf.a365a158fba4b33a3b9ac81ba03f3920.jpg","00007_00007_00022_png.rf.a365a158fba4b33a3b9ac81ba03f3920.txt","train"
"train","FisheyeCamera_1_00362_png.rf.0c35224c6c910dcd555da2034bc01b9c.jpg","FisheyeCamera_1_00362_png.rf.0c35224c6c910dcd555da2034bc01b9c.txt","train"
"train","00014_00000_00022_png.rf.5c7622c6953f0e4301cb726ee304cc0e.jpg","00014_00000_00022_png.rf.5c7622c6953f0e4301cb726ee304cc0e.txt","train"
"train","FisheyeCamera_1_00157_png.rf.7f6cc6c33f60f8c25de40d01fee1f98e.jpg","FisheyeCamera_1_00157_png.rf.7f6cc6c33f60f8c25de40d01fee1f98e.txt","valid"
"train","000007_jpg.rf.2ce85a98e8ea21aa73a0efad950a3e4c.jpg","000007_jpg.rf.2ce85a98e8ea21aa73a0efad950a3e4c.txt","train"
"train","FisheyeCamera_1_00006_png.rf.3ef74bdd35daf3a02eb9a7c7f235df1e.jpg","FisheyeCamera_1_00006_png.rf.3ef74bdd35daf3a02eb9a7c7f235df1e.txt","train"
"train","00003_00009_00028_png.rf.f0e645d0e5fa50adc6b8e75a2ca0691f.jpg","00003_00009_00028_png.rf.f0e645d0e5fa50adc6b8e75a2ca0691f.txt","train"
"train","000902_JPG_jpg.rf.91770f153c21f6711e69d521bc080946.jpg","000902_JPG_jpg.rf.91770f153c21f6711e69d521bc080946.txt","train"
"train","00003_00034_00015_png.rf.17ffc88025d3a4d1df756a38a1ee4d0f.jpg","00003_00034_00015_png.rf.17ffc88025d3a4d1df756a38a1ee4d0f.txt","test"
"train","001810_jpg.rf.62c588de04e87e19baeb6f76ac33e721.jpg","001810_jpg.rf.62c588de04e87e19baeb6f76ac33e721.txt","train"
"train","001266_jpg.rf.1aef950273b247d7215dd21b777b02b4.jpg","001266_jpg.rf.1aef950273b247d7215dd21b777b02b4.txt","valid"
"train","001404_jpg.rf.7bd459e1a8110858c4995a6fc3c5197b.jpg","001404_jpg.rf.7bd459e1a8110858c4995a6fc3c5197b.txt","valid"
"train","FisheyeCamera_1_00105_png.rf.3e7d88955e1be9af87d77d2c0395ae58.jpg","FisheyeCamera_1_00105_png.rf.3e7d88955e1be9af87d77d2c0395ae58.txt","train"
"train","00000_00002_00028_png.rf.d4c6d7a5c1c67a11d12d28283a673c9d.jpg","00000_00002_00028_png.rf.d4c6d7a5c1c67a11d12d28283a673c9d.txt","train"
"train","00014_00009_00019_png.rf.39513535de3b77bf1498da671d098bf3.jpg","00014_00009_00019_png.rf.39513535de3b77bf1498da671d098bf3.txt","train"
"train","FisheyeCamera_1_00003_png.rf.135835c4c18d461d0fc9e32fa0236bf3.jpg","FisheyeCamera_1_00003_png.rf.135835c4c18d461d0fc9e32fa0236bf3.txt","valid"
"train","FisheyeCamera_1_00152_png.rf.972da198c14303f9d039d981e5c3d064.jpg","FisheyeCamera_1_00152_png.rf.972da198c14303f9d039d981e5c3d064.txt","train"
"train","00003_00004_00019_png.rf.2793bdc667171fdfdd14145b6877414c.jpg","00003_00004_00019_png.rf.2793bdc667171fdfdd14145b6877414c.txt","train"
"train","road11_png.rf.7de23b66a5c7a7a55891f8411d157bdd.jpg","road11_png.rf.7de23b66a5c7a7a55891f8411d157bdd.txt","test"
"train","00008_00001_00008_png.rf.fe6ae046f3c45012ff1f93b936dd7dda.jpg","00008_00001_00008_png.rf.fe6ae046f3c45012ff1f93b936dd7dda.txt","train"
"train","00004_00010_00020_png.rf.62355f87bcf3d2df67bc33b88dbb55b3.jpg","00004_00010_00020_png.rf.62355f87bcf3d2df67bc33b88dbb55b3.txt","test"
"train","FisheyeCamera_1_00611_png.rf.297adcea860d38b4fe86a2336134db79.jpg","FisheyeCamera_1_00611_png.rf.297adcea860d38b4fe86a2336134db79.txt","train"
"train","00001_00009_00029_png.rf.3e5798a4339d13dbd159698f32205fb3.jpg","00001_00009_00029_png.rf.3e5798a4339d13dbd159698f32205fb3.txt","train"
"train","00014_00007_00004_png.rf.cb10f52b13136897861a9820b50d6847.jpg","00014_00007_00004_png.rf.cb10f52b13136897861a9820b50d6847.txt","train"
"train","FisheyeCamera_1_00382_png.rf.ad9699e7492df75c7ba283b50a1e13d8.jpg","FisheyeCamera_1_00382_png.rf.ad9699e7492df75c7ba283b50a1e13d8.txt","test"
"train","00000_00003_00006_png.rf.09170edb61ace6bdbdeb7cf66f8812f4.jpg","00000_00003_00006_png.rf.09170edb61ace6bdbdeb7cf66f8812f4.txt","train"
"train","00001_00070_00008_png.rf.92b306174858986f9c8e3555ca3e6469.jpg","00001_00070_00008_png.rf.92b306174858986f9c8e3555ca3e6469.txt","train"
"train","00007_00010_00025_png.rf.eb1aeb2cee6b5dc0929da840afc9ca0a.jpg","00007_00010_00025_png.rf.eb1aeb2cee6b5dc0929da840afc9ca0a.txt","valid"
"train","000698_jpg.rf.69817ffa81b41277cf73ceff872e74ea.jpg","000698_jpg.rf.69817ffa81b41277cf73ceff872e74ea.txt","valid"
"train","FisheyeCamera_1_01031_png.rf.5f29251df38eec039f3ca687d3661754.jpg","FisheyeCamera_1_01031_png.rf.5f29251df38eec039f3ca687d3661754.txt","valid"
"train","000870_JPG_jpg.rf.b221e6175b0201d43361d3ac27c05b62.jpg","000870_JPG_jpg.rf.b221e6175b0201d43361d3ac27c05b62.txt","train"
"train","road762_png.rf.57e30b94e42de5403a6b3188bdc9b48d.jpg","road762_png.rf.57e30b94e42de5403a6b3188bdc9b48d.txt","train"
"train","000264_jpg.rf.ed512657240b64067da0ff8c07562a6a.jpg","000264_jpg.rf.ed512657240b64067da0ff8c07562a6a.txt","valid"
"train","00000_00003_00009_png.rf.5779e6fee71d4d9b8c99c64ef309aaec.jpg","00000_00003_00009_png.rf.5779e6fee71d4d9b8c99c64ef309aaec.txt","train"
"train","FisheyeCamera_1_00354_png.rf.f68e148363126b3e904a7c80aef3113c.jpg","FisheyeCamera_1_00354_png.rf.f68e148363126b3e904a7c80aef3113c.txt","train"
"train","FisheyeCamera_1_00228_png.rf.b3396597916da50692ef649a7d6c841f.jpg","FisheyeCamera_1_00228_png.rf.b3396597916da50692ef649a7d6c841f.txt","train"
"train","00003_00045_00015_png.rf.c89829a689cc3d5e46411e5542c06df8.jpg","00003_00045_00015_png.rf.c89829a689cc3d5e46411e5542c06df8.txt","train"
"train","00001_00064_00011_png.rf.938818524aed0dccebd55656a8726857.jpg","00001_00064_00011_png.rf.938818524aed0dccebd55656a8726857.txt","train"
"train","road77_png.rf.547b390f7c67a77c1a6b714398b3af1b.jpg","road77_png.rf.547b390f7c67a77c1a6b714398b3af1b.txt","train"
"train","00000_00000_00021_png.rf.28aaa1d6c816fb722b8a93d9f57f742e.jpg","00000_00000_00021_png.rf.28aaa1d6c816fb722b8a93d9f57f742e.txt","test"
"train","000050_jpg.rf.8334179c676e3d50b4dae8c636ef657b.jpg","000050_jpg.rf.8334179c676e3d50b4dae8c636ef657b.txt","train"
"train","00002_00016_00002_png.rf.05177a591febcab2e2679926f5f91f78.jpg","00002_00016_00002_png.rf.05177a591febcab2e2679926f5f91f78.txt","test"
"train","FisheyeCamera_1_00266_png.rf.21af8069385e6dbcb3fda412bbc16f47.jpg","FisheyeCamera_1_00266_png.rf.21af8069385e6dbcb3fda412bbc16f47.txt","train"
"train","FisheyeCamera_1_01026_png.rf.fa932fba4b35b56ac50357bcea7d1eac.jpg","FisheyeCamera_1_01026_png.rf.fa932fba4b35b56ac50357bcea7d1eac.txt","test"
"train","00000_00001_00011_png.rf.dcb961ef854243c884c0ec2b88d353c3.jpg","00000_00001_00011_png.rf.dcb961ef854243c884c0ec2b88d353c3.txt","train"
"train","00002_00037_00001_png.rf.355c75a3eac941b30f35bdae0abb0d8a.jpg","00002_00037_00001_png.rf.355c75a3eac941b30f35bdae0abb0d8a.txt","valid"
"train","road800_png.rf.a9a083f198f4b342091b56b6feb950b5.jpg","road800_png.rf.a9a083f198f4b342091b56b6feb950b5.txt","train"
"train","00004_00036_00007_png.rf.18c57ea621cc123c458f9beb84c42b0d.jpg","00004_00036_00007_png.rf.18c57ea621cc123c458f9beb84c42b0d.txt","train"
"train","000558_jpg.rf.2d2797a1cb10656fe0a0c8cbf2d6ee3c.jpg","000558_jpg.rf.2d2797a1cb10656fe0a0c8cbf2d6ee3c.txt","test"
"train","001032_jpg.rf.cf99cc4dd95c0e07524d55a5f9747f1d.jpg","001032_jpg.rf.cf99cc4dd95c0e07524d55a5f9747f1d.txt","train"
"train","road821_png.rf.9080fbf7a768b8ac7c15c17c734269fc.jpg","road821_png.rf.9080fbf7a768b8ac7c15c17c734269fc.txt","train"
"train","road420_png.rf.b852846408732528c025fcad3a8d3a1d.jpg","road420_png.rf.b852846408732528c025fcad3a8d3a1d.txt","test"
"train","002188_jpg.rf.c99ce79d3e6cb20e5f7dc482e4d60943.jpg","002188_jpg.rf.c99ce79d3e6cb20e5f7dc482e4d60943.txt","test"
"train","000117_jpg.rf.98ac421462aebe787c72b683a8fcb1dd.jpg","000117_jpg.rf.98ac421462aebe787c72b683a8fcb1dd.txt","test"
"train","00003_00040_00018_png.rf.bbd700af39efbb479fb9ca14e0a26dca.jpg","00003_00040_00018_png.rf.bbd700af39efbb479fb9ca14e0a26dca.txt","train"
"train","000846_jpg.rf.566df5a90b8c9a83b9cfeddbf9c18aa8.jpg","000846_jpg.rf.566df5a90b8c9a83b9cfeddbf9c18aa8.txt","train"
"train","000919_jpg.rf.69e598c3d4884d2549893a896cab4c24.jpg","000919_jpg.rf.69e598c3d4884d2549893a896cab4c24.txt","valid"
"train","road705_png.rf.6766e59186c981663c33e543580a53f8.jpg","road705_png.rf.6766e59186c981663c33e543580a53f8.txt","valid"
"train","000892_jpg.rf.8d429e2ca40bffe0ecc6ba1dd2f2d738.jpg","000892_jpg.rf.8d429e2ca40bffe0ecc6ba1dd2f2d738.txt","train"
"train","00004_00030_00009_png.rf.095db536f6a732a9463ae7236fc147b8.jpg","00004_00030_00009_png.rf.095db536f6a732a9463ae7236fc147b8.txt","train"
"train","road531_png.rf.83e670569dd9724ee755c52b4eb0056d.jpg","road531_png.rf.83e670569dd9724ee755c52b4eb0056d.txt","train"
"train","00001_00061_00003_png.rf.ee8426cc7fdcf873722c3df64a51b22c.jpg","00001_00061_00003_png.rf.ee8426cc7fdcf873722c3df64a51b22c.txt","train"
"train","road807_png.rf.d874a057b944204d5e03f96da270f3b6.jpg","road807_png.rf.d874a057b944204d5e03f96da270f3b6.txt","train"
"train","00003_00035_00013_png.rf.fe79db1ca52f121d7201e4d3c9fc90a3.jpg","00003_00035_00013_png.rf.fe79db1ca52f121d7201e4d3c9fc90a3.txt","train"
"train","123e596f-82d1-4baa-a6b8-65b6e2bcf736_jpg.rf.56f41398ec18e81f5e6426cd94ad30a9.jpg","123e596f-82d1-4baa-a6b8-65b6e2bcf736_jpg.rf.56f41398ec18e81f5e6426cd94ad30a9.txt","train"
"train","00014_00003_00007_png.rf.f658ef1e54e8e3dbf697ba07acce840e.jpg","00014_00003_00007_png.rf.f658ef1e54e8e3dbf697ba07acce840e.txt","test"
"train","000419_jpg.rf.c693f2c2ca071fbef1751d3474f7aed3.jpg","000419_jpg.rf.c693f2c2ca071fbef1751d3474f7aed3.txt","train"
"train","000956_JPG_jpg.rf.e73b6043460e7b9a95e08310a729b0ea.jpg","000956_JPG_jpg.rf.e73b6043460e7b9a95e08310a729b0ea.txt","train"
"train","00003_00045_00019_png.rf.fba2a4e25920e6935a4598b6e07db956.jpg","00003_00045_00019_png.rf.fba2a4e25920e6935a4598b6e07db956.txt","test"
"train","FisheyeCamera_1_01044_png.rf.3146abd168ce316585bbd09cbda8deda.jpg","FisheyeCamera_1_01044_png.rf.3146abd168ce316585bbd09cbda8deda.txt","train"
"train","00001_00030_00008_png.rf.10d81a8a4b3be8b27b5a45904b2363d9.jpg","00001_00030_00008_png.rf.10d81a8a4b3be8b27b5a45904b2363d9.txt","test"
"train","001097_jpg.rf.ce9deeed3b1786464c5b6a7e34cc224e.jpg","001097_jpg.rf.ce9deeed3b1786464c5b6a7e34cc224e.txt","test"
"train","000520_jpg.rf.e9e54353a29f4ad056597a89c6bede4f.jpg","000520_jpg.rf.e9e54353a29f4ad056597a89c6bede4f.txt","valid"
"train","001043_jpg.rf.8f68e659965da6dc6d94feedc7c94d04.jpg","001043_jpg.rf.8f68e659965da6dc6d94feedc7c94d04.txt","valid"
"train","00014_00013_00013_png.rf.36b600a0934c5e636858ff399f08c629.jpg","00014_00013_00013_png.rf.36b600a0934c5e636858ff399f08c629.txt","train"
"train","001276_jpg.rf.e261860f2d0896d31e92745e4edca020.jpg","001276_jpg.rf.e261860f2d0896d31e92745e4edca020.txt","valid"
"train","000827_jpg.rf.8f38d31b81f304bf6e59fef6d9a439cb.jpg","000827_jpg.rf.8f38d31b81f304bf6e59fef6d9a439cb.txt","train"
"train","00014_00011_00006_png.rf.de90e72239826c57ac34d2fb7bc4c2e9.jpg","00014_00011_00006_png.rf.de90e72239826c57ac34d2fb7bc4c2e9.txt","train"
"train","00001_00033_00010_png.rf.2e2d92e1eddb57dd93d9ac2bd61b9e1b.jpg","00001_00033_00010_png.rf.2e2d92e1eddb57dd93d9ac2bd61b9e1b.txt","test"
"train","000105_jpg.rf.836bdaa7c2bf4f78000b12f1e1ad900f.jpg","000105_jpg.rf.836bdaa7c2bf4f78000b12f1e1ad900f.txt","train"
"train","FisheyeCamera_1_00473_png.rf.62a9254f06f7861616526c5cc797a352.jpg","FisheyeCamera_1_00473_png.rf.62a9254f06f7861616526c5cc797a352.txt","train"
"train","00005_00004_00020_png.rf.18562e06261fb880f5955852890bcf8a.jpg","00005_00004_00020_png.rf.18562e06261fb880f5955852890bcf8a.txt","train"
"train","08f67756-3ab4-4332-a8f4-e580b64e4435_jpg.rf.0c91a9bbb8de6356f0fe50e41e3f412c.jpg","08f67756-3ab4-4332-a8f4-e580b64e4435_jpg.rf.0c91a9bbb8de6356f0fe50e41e3f412c.txt","train"
"train","000108_jpg.rf.52bc740f378fd83c6024ebd9cca1404f.jpg","000108_jpg.rf.52bc740f378fd83c6024ebd9cca1404f.txt","train"
"train","FisheyeCamera_1_00026_png.rf.d81ff8010e9073f88716b4d250ac811b.jpg","FisheyeCamera_1_00026_png.rf.d81ff8010e9073f88716b4d250ac811b.txt","train"
"train","080e28db-6b07-4f03-a3c3-0803f43cc2ea_jpg.rf.a475debbcd4479a1b2884af153a8082e.jpg","080e28db-6b07-4f03-a3c3-0803f43cc2ea_jpg.rf.a475debbcd4479a1b2884af153a8082e.txt","test"
"train","00005_00002_00023_png.rf.6cee5eb3b637c2e00d2591587cc783ec.jpg","00005_00002_00023_png.rf.6cee5eb3b637c2e00d2591587cc783ec.txt","train"
"train","road174_png.rf.70411ac0d631fc64b07808b370b6d719.jpg","road174_png.rf.70411ac0d631fc64b07808b370b6d719.txt","valid"
"train","FisheyeCamera_1_00002_png.rf.c2d1b5135e2399d562831d1a7f1ef498.jpg","FisheyeCamera_1_00002_png.rf.c2d1b5135e2399d562831d1a7f1ef498.txt","valid"
"train","00003_00034_00017_png.rf.28fae8841562a1142f553771ad49ac05.jpg","00003_00034_00017_png.rf.28fae8841562a1142f553771ad49ac05.txt","train"
"train","00004_00036_00013_png.rf.0cfad00673252cb8f42d072850ea5ef4.jpg","00004_00036_00013_png.rf.0cfad00673252cb8f42d072850ea5ef4.txt","valid"
"train","000028_jpg.rf.cba0ed9ba2a757fa6472151ff17e9d5b.jpg","000028_jpg.rf.cba0ed9ba2a757fa6472151ff17e9d5b.txt","train"
"train","00004_00046_00023_png.rf.ead1932f36d6f01542ceb1184f0efd22.jpg","00004_00046_00023_png.rf.ead1932f36d6f01542ceb1184f0efd22.txt","valid"
"train","road493_png.rf.e6e9184df27c1522f389a3b08cf588a4.jpg","road493_png.rf.e6e9184df27c1522f389a3b08cf588a4.txt","train"
"train","00014_00021_00002_png.rf.8aa29133d79b06dfc8b2b50543f3b450.jpg","00014_00021_00002_png.rf.8aa29133d79b06dfc8b2b50543f3b450.txt","train"
"train","00000_00005_00002_png.rf.51641ebf00ad91f0390229dac765ceb7.jpg","00000_00005_00002_png.rf.51641ebf00ad91f0390229dac765ceb7.txt","train"
"train","001403_jpg.rf.a47cc9c38a747ecf8ba55655d3504d0f.jpg","001403_jpg.rf.a47cc9c38a747ecf8ba55655d3504d0f.txt","train"
"train","00014_00002_00008_png.rf.4b5fee84d640fc9a2720fc0e1681782b.jpg","00014_00002_00008_png.rf.4b5fee84d640fc9a2720fc0e1681782b.txt","valid"
"train","000703_jpg.rf.487c8054bc63caf62dee7f550d62ea3a.jpg","000703_jpg.rf.487c8054bc63caf62dee7f550d62ea3a.txt","test"
"train","00008_00024_00015_png.rf.1aa791ff5cba6d7820074f961373a35f.jpg","00008_00024_00015_png.rf.1aa791ff5cba6d7820074f961373a35f.txt","valid"
"train","001054_jpg.rf.0872efda9726cf3fdc0d9a0b2d3340c0.jpg","001054_jpg.rf.0872efda9726cf3fdc0d9a0b2d3340c0.txt","train"
"train","00001_00031_00016_png.rf.61e0d8a3135da6a10cc207ac9ea96784.jpg","00001_00031_00016_png.rf.61e0d8a3135da6a10cc207ac9ea96784.txt","train"
"train","001616_JPG_jpg.rf.49008ebac5d86732b5f9e3c930a3a95b.jpg","001616_JPG_jpg.rf.49008ebac5d86732b5f9e3c930a3a95b.txt","train"
"train","00002_00016_00013_png.rf.658b8c96ea5eb48d8a1f114f99be7a6d.jpg","00002_00016_00013_png.rf.658b8c96ea5eb48d8a1f114f99be7a6d.txt","valid"
"train","FisheyeCamera_1_00176_png.rf.abaf9967413546bd09a04172a784719f.jpg","FisheyeCamera_1_00176_png.rf.abaf9967413546bd09a04172a784719f.txt","train"
"train","000507_jpg.rf.b92fb64c37ee5293aebd34563e840801.jpg","000507_jpg.rf.b92fb64c37ee5293aebd34563e840801.txt","test"
"train","FisheyeCamera_1_01040_png.rf.44ba676853a643262d35efcabd93e650.jpg","FisheyeCamera_1_01040_png.rf.44ba676853a643262d35efcabd93e650.txt","train"
"train","00004_00050_00008_png.rf.da99b14d7e58935f2d6a0aa79d1db12f.jpg","00004_00050_00008_png.rf.da99b14d7e58935f2d6a0aa79d1db12f.txt","train"
"train","001203_jpg.rf.7d1a4c76e8b2fbb5442b34f266488962.jpg","001203_jpg.rf.7d1a4c76e8b2fbb5442b34f266488962.txt","train"
"train","000060_jpg.rf.a04b4ba346ca1c3be16e97a129a55233.jpg","000060_jpg.rf.a04b4ba346ca1c3be16e97a129a55233.txt","valid"
"train","FisheyeCamera_1_00088_png.rf.a6a895f0d60e97b6727082215f7cde7b.jpg","FisheyeCamera_1_00088_png.rf.a6a895f0d60e97b6727082215f7cde7b.txt","train"
"train","FisheyeCamera_1_00621_png.rf.89a96303717fb1775da025de24320ac2.jpg","FisheyeCamera_1_00621_png.rf.89a96303717fb1775da025de24320ac2.txt","train"
"train","00014_00013_00010_png.rf.7fc3a447e54a5a8eb409b461b18f364a.jpg","00014_00013_00010_png.rf.7fc3a447e54a5a8eb409b461b18f364a.txt","valid"
"train","000878_jpg.rf.182e2406c14a4b4f243f026b0b94c13b.jpg","000878_jpg.rf.182e2406c14a4b4f243f026b0b94c13b.txt","train"
"train","00004_00061_00014_png.rf.2669ae76356af5cc3596c0300fe7b947.jpg","00004_00061_00014_png.rf.2669ae76356af5cc3596c0300fe7b947.txt","train"
"train","000395_jpg.rf.cc4756dabf6b7bd1030878f0c20734a0.jpg","000395_jpg.rf.cc4756dabf6b7bd1030878f0c20734a0.txt","train"
"train","00003_00022_00005_png.rf.5442c2f02cd8ae14057db5f962ce919a.jpg","00003_00022_00005_png.rf.5442c2f02cd8ae14057db5f962ce919a.txt","train"
"train","00003_00034_00023_png.rf.7d6c1710242c071d468d4792593aab13.jpg","00003_00034_00023_png.rf.7d6c1710242c071d468d4792593aab13.txt","train"
"train","00007_00000_00018_png.rf.95597eec48ab3d549862ed9cbb4e5d08.jpg","00007_00000_00018_png.rf.95597eec48ab3d549862ed9cbb4e5d08.txt","train"
"train","00005_00047_00023_png.rf.3afd143ddc98b55529d1002e920102a9.jpg","00005_00047_00023_png.rf.3afd143ddc98b55529d1002e920102a9.txt","train"
"train","00003_00036_00010_png.rf.71a624e9884cb11bce9b6231c08617b0.jpg","00003_00036_00010_png.rf.71a624e9884cb11bce9b6231c08617b0.txt","train"
"train","00014_00011_00026_png.rf.a331e4257e8e8fbdc89d97dd5ea2b5ef.jpg","00014_00011_00026_png.rf.a331e4257e8e8fbdc89d97dd5ea2b5ef.txt","train"
"train","00000_00003_00006_png.rf.5000270d51315b2a9d594d5fa40c086b.jpg","00000_00003_00006_png.rf.5000270d51315b2a9d594d5fa40c086b.txt","train"
"train","0307f51b-ac7e-4563-b4e6-06c519c23b36_jpg.rf.585f4bd10f75a5b0d0ea3113a9efb850.jpg","0307f51b-ac7e-4563-b4e6-06c519c23b36_jpg.rf.585f4bd10f75a5b0d0ea3113a9efb850.txt","train"
"train","FisheyeCamera_1_00073_png.rf.41731a6e153d45e21c912ff7e6fd3203.jpg","FisheyeCamera_1_00073_png.rf.41731a6e153d45e21c912ff7e6fd3203.txt","train"
"train","road76_png.rf.ac4ce449e04838c8cb25d06eb4249c65.jpg","road76_png.rf.ac4ce449e04838c8cb25d06eb4249c65.txt","train"
"train","000442_jpg.rf.1d9130ce675f91e9ca916aebd3df74cd.jpg","000442_jpg.rf.1d9130ce675f91e9ca916aebd3df74cd.txt","train"
"train","00005_00014_00017_png.rf.f413bb99f32727c3f11817907e5d8be9.jpg","00005_00014_00017_png.rf.f413bb99f32727c3f11817907e5d8be9.txt","test"
"train","000778_jpg.rf.2597163a8c5683678708b61c0ef06560.jpg","000778_jpg.rf.2597163a8c5683678708b61c0ef06560.txt","train"
"train","000120_jpg.rf.a76d17212029e44a6f4b7b813fb5479b.jpg","000120_jpg.rf.a76d17212029e44a6f4b7b813fb5479b.txt","train"
"train","001411_jpg.rf.af675fc37214969d73666b921d420863.jpg","001411_jpg.rf.af675fc37214969d73666b921d420863.txt","train"
"train","000804_jpg.rf.0ae85ec7fb964cd8b5692539590d3ac1.jpg","000804_jpg.rf.0ae85ec7fb964cd8b5692539590d3ac1.txt","train"
"train","000861_jpg.rf.d00b462ff34c1993a4b091a84a749bae.jpg","000861_jpg.rf.d00b462ff34c1993a4b091a84a749bae.txt","train"
"train","road75_png.rf.e05bd45e9dade88ca1eaa5a522f935c3.jpg","road75_png.rf.e05bd45e9dade88ca1eaa5a522f935c3.txt","train"
"train","000740_jpg.rf.6d3b9a24f71806b5596097149b90ae89.jpg","000740_jpg.rf.6d3b9a24f71806b5596097149b90ae89.txt","train"
"train","000387_jpg.rf.6447cb547520ee6f3795222a4fc11a41.jpg","000387_jpg.rf.6447cb547520ee6f3795222a4fc11a41.txt","valid"
"train","000682_jpg.rf.0f2e63a67db5719bccdc57c48ad5b956.jpg","000682_jpg.rf.0f2e63a67db5719bccdc57c48ad5b956.txt","train"
"train","000417_jpg.rf.74d07c865594e13b9c1a923b84ea7c44.jpg","000417_jpg.rf.74d07c865594e13b9c1a923b84ea7c44.txt","train"
"train","00002_00012_00008_png.rf.89bcafd140c8e4945890f7404ee15be0.jpg","00002_00012_00008_png.rf.89bcafd140c8e4945890f7404ee15be0.txt","train"
"train","00004_00001_00005_png.rf.50db720dee90112f4788782292e57ef0.jpg","00004_00001_00005_png.rf.50db720dee90112f4788782292e57ef0.txt","train"
"train","00003_00036_00015_png.rf.9381584f43bf25355ff7a0ca695bed4e.jpg","00003_00036_00015_png.rf.9381584f43bf25355ff7a0ca695bed4e.txt","train"
"train","00000_00000_00009_png.rf.2d6a384ce88058e4b3de8a14d75958cb.jpg","00000_00000_00009_png.rf.2d6a384ce88058e4b3de8a14d75958cb.txt","train"
"train","FisheyeCamera_1_00609_png.rf.d7d6391ea4e7dfacf2a53b463a01e334.jpg","FisheyeCamera_1_00609_png.rf.d7d6391ea4e7dfacf2a53b463a01e334.txt","train"
"train","000751_jpg.rf.9be96be9f0ebbc97aa55e9e75a4a29ff.jpg","000751_jpg.rf.9be96be9f0ebbc97aa55e9e75a4a29ff.txt","train"
"train","000848_jpg.rf.6d4044e5071963c43a9758f05b1bb37f.jpg","000848_jpg.rf.6d4044e5071963c43a9758f05b1bb37f.txt","valid"
"train","00002_00057_00024_png.rf.9cd07ca34272d4a8f434dcdb5185085d.jpg","00002_00057_00024_png.rf.9cd07ca34272d4a8f434dcdb5185085d.txt","train"
"train","FisheyeCamera_1_00618_png.rf.be821f5c734c67897912fb1b8b0dcdbc.jpg","FisheyeCamera_1_00618_png.rf.be821f5c734c67897912fb1b8b0dcdbc.txt","train"
"train","00007_00024_00027_png.rf.f2a7f8b3185113d341dc73929c437bca.jpg","00007_00024_00027_png.rf.f2a7f8b3185113d341dc73929c437bca.txt","test"
"train","FisheyeCamera_1_00360_png.rf.9722fc09f6882f70630f30ae801d08af.jpg","FisheyeCamera_1_00360_png.rf.9722fc09f6882f70630f30ae801d08af.txt","train"
"train","00014_00025_00024_png.rf.9affaf33cbc3430460108af09f375f9d.jpg","00014_00025_00024_png.rf.9affaf33cbc3430460108af09f375f9d.txt","train"
"train","000979_JPG_jpg.rf.6d776851f5be532dabc24a77932c96eb.jpg","000979_JPG_jpg.rf.6d776851f5be532dabc24a77932c96eb.txt","train"
"train","road678_png.rf.bbe2da67f9d813397988d5d69af11caf.jpg","road678_png.rf.bbe2da67f9d813397988d5d69af11caf.txt","train"
"train","00008_00021_00017_png.rf.c6b0f310c8a0656f9fdf69ab9642b060.jpg","00008_00021_00017_png.rf.c6b0f310c8a0656f9fdf69ab9642b060.txt","train"
"train","000495_jpg.rf.6da251ab31363718ade6f23e0d2ebbeb.jpg","000495_jpg.rf.6da251ab31363718ade6f23e0d2ebbeb.txt","test"
"train","00014_00008_00011_png.rf.a26909c112ee93ed4bc37813e5989d79.jpg","00014_00008_00011_png.rf.a26909c112ee93ed4bc37813e5989d79.txt","train"
"train","00014_00008_00012_png.rf.ec21b3eaf48f36997c8b835cbf29af8b.jpg","00014_00008_00012_png.rf.ec21b3eaf48f36997c8b835cbf29af8b.txt","valid"
"train","FisheyeCamera_1_00021_png.rf.cd8a2d17f3a8de42073c90c47538392d.jpg","FisheyeCamera_1_00021_png.rf.cd8a2d17f3a8de42073c90c47538392d.txt","train"
"train","001603_JPG_jpg.rf.724279947128d95e833b740a1ea6a051.jpg","001603_JPG_jpg.rf.724279947128d95e833b740a1ea6a051.txt","test"
"train","00000_00001_00023_png.rf.f148934a8b685f5685b6b9056df1630c.jpg","00000_00001_00023_png.rf.f148934a8b685f5685b6b9056df1630c.txt","valid"
"train","00000_00005_00008_png.rf.f53ed9e31fad57bd51786b41c2cd291c.jpg","00000_00005_00008_png.rf.f53ed9e31fad57bd51786b41c2cd291c.txt","train"
"train","00000_00004_00020_png.rf.3b901212fb6fcfb34c0143d7cf33d06d.jpg","00000_00004_00020_png.rf.3b901212fb6fcfb34c0143d7cf33d06d.txt","train"
"train","000773_jpg.rf.a7fd82005a3635f0e690d361ad1891dd.jpg","000773_jpg.rf.a7fd82005a3635f0e690d361ad1891dd.txt","valid"
"train","000231_jpg.rf.65c7d549a02cfdcdeac8e952cca457f3.jpg","000231_jpg.rf.65c7d549a02cfdcdeac8e952cca457f3.txt","test"
"train","001224_JPG_jpg.rf.12a4694223fd46df8ff3ddd6fba9ddd7.jpg","001224_JPG_jpg.rf.12a4694223fd46df8ff3ddd6fba9ddd7.txt","train"
"train","FisheyeCamera_1_00039_png.rf.01bab7355c292c8b4191421b3f0eb117.jpg","FisheyeCamera_1_00039_png.rf.01bab7355c292c8b4191421b3f0eb117.txt","train"
"train","FisheyeCamera_1_00315_png.rf.e5527bbcde21e03879a99a12cb6cf016.jpg","FisheyeCamera_1_00315_png.rf.e5527bbcde21e03879a99a12cb6cf016.txt","test"
"train","000875_JPG_jpg.rf.c715559aa1037c3db2eb45def933e8aa.jpg","000875_JPG_jpg.rf.c715559aa1037c3db2eb45def933e8aa.txt","train"
"train","00002_00000_00005_png.rf.99600563ec58b682480986983cb68306.jpg","00002_00000_00005_png.rf.99600563ec58b682480986983cb68306.txt","test"
"train","000533_jpg.rf.47ec234940e68f9c2334b34a2447b3af.jpg","000533_jpg.rf.47ec234940e68f9c2334b34a2447b3af.txt","train"
"train","00014_00008_00004_png.rf.75a93f39351b802fec8cb16bf670b289.jpg","00014_00008_00004_png.rf.75a93f39351b802fec8cb16bf670b289.txt","test"
"train","00000_00006_00021_png.rf.585d14c07d095256c9123625c12860d1.jpg","00000_00006_00021_png.rf.585d14c07d095256c9123625c12860d1.txt","test"
"train","00000_00004_00023_png.rf.09988447b143bbc215d4659db2d86783.jpg","00000_00004_00023_png.rf.09988447b143bbc215d4659db2d86783.txt","valid"
"train","road381_png.rf.dfc3f079b6329701b9eab43dd690dfc1.jpg","road381_png.rf.dfc3f079b6329701b9eab43dd690dfc1.txt","train"
"train","FisheyeCamera_1_00620_png.rf.70426914f537b7c8d2380130d2a0a16e.jpg","FisheyeCamera_1_00620_png.rf.70426914f537b7c8d2380130d2a0a16e.txt","train"
"train","000958_jpg.rf.61619b28bbe091bb3d43307557523230.jpg","000958_jpg.rf.61619b28bbe091bb3d43307557523230.txt","train"
"train","FisheyeCamera_1_01107_png.rf.fcc6776e3801a1d31b43c42ba5d0a9cf.jpg","FisheyeCamera_1_01107_png.rf.fcc6776e3801a1d31b43c42ba5d0a9cf.txt","train"
"train","000538_jpg.rf.246b285a0e4e4b63bd57add235c4a8d4.jpg","000538_jpg.rf.246b285a0e4e4b63bd57add235c4a8d4.txt","train"
"train","00014_00011_00016_png.rf.5d9694057ca5ca6f8891d7d75a7e72a0.jpg","00014_00011_00016_png.rf.5d9694057ca5ca6f8891d7d75a7e72a0.txt","train"
"train","road625_png.rf.39abf521d5f8ec445b498b6a6b2d19ac.jpg","road625_png.rf.39abf521d5f8ec445b498b6a6b2d19ac.txt","train"
"train","FisheyeCamera_1_01018_png.rf.937ee29f1e02bd6a65196c1fcaabaac9.jpg","FisheyeCamera_1_01018_png.rf.937ee29f1e02bd6a65196c1fcaabaac9.txt","valid"
"train","00000_00002_00026_png.rf.d0992ba2034a29012c4af7285fe5956d.jpg","00000_00002_00026_png.rf.d0992ba2034a29012c4af7285fe5956d.txt","train"
"train","road541_png.rf.54c0115069ef9535d4171aec46dcf8e6.jpg","road541_png.rf.54c0115069ef9535d4171aec46dcf8e6.txt","train"
"train","FisheyeCamera_1_00026_png.rf.afe5e6d8ffe497afdb329b58baa31ec7.jpg","FisheyeCamera_1_00026_png.rf.afe5e6d8ffe497afdb329b58baa31ec7.txt","train"
"train","000705_jpg.rf.5bb5c9a45246455afe2b1c9c29f22ce3.jpg","000705_jpg.rf.5bb5c9a45246455afe2b1c9c29f22ce3.txt","train"
"train","00014_00009_00012_png.rf.54ce1a7fa1a08ab84d1d1d744edc0b1e.jpg","00014_00009_00012_png.rf.54ce1a7fa1a08ab84d1d1d744edc0b1e.txt","valid"
"train","000049_jpg.rf.0c654bb0c77cc315cc2f2a11422b39f3.jpg","000049_jpg.rf.0c654bb0c77cc315cc2f2a11422b39f3.txt","train"
"train","00014_00021_00028_png.rf.f6d5fa1cfd2702ef6ade5d99710daabc.jpg","00014_00021_00028_png.rf.f6d5fa1cfd2702ef6ade5d99710daabc.txt","train"
"train","00004_00032_00016_png.rf.a1ee3132a1495b0cc892da12df83ea0b.jpg","00004_00032_00016_png.rf.a1ee3132a1495b0cc892da12df83ea0b.txt","valid"
"train","road593_png.rf.ba4355b0a9ee591ef854fdd7aec6c8b3.jpg","road593_png.rf.ba4355b0a9ee591ef854fdd7aec6c8b3.txt","train"
"train","000618_jpg.rf.1370c8a4b7bae8e649513c8d7a14a7f4.jpg","000618_jpg.rf.1370c8a4b7bae8e649513c8d7a14a7f4.txt","valid"
"train","000441_jpg.rf.0e51a342234c17e478d6bf5fe7e42a60.jpg","000441_jpg.rf.0e51a342234c17e478d6bf5fe7e42a60.txt","train"
"train","000906_jpg.rf.5b5e26d252a3698590a691cc5ce193ab.jpg","000906_jpg.rf.5b5e26d252a3698590a691cc5ce193ab.txt","train"
"train","000597_jpg.rf.36c0d3fcd73f547629e2f603b559a332.jpg","000597_jpg.rf.36c0d3fcd73f547629e2f603b559a332.txt","train"
"train","00005_00015_00000_png.rf.931eb41cdee5dacf75809d81cd6f45a0.jpg","00005_00015_00000_png.rf.931eb41cdee5dacf75809d81cd6f45a0.txt","train"
"train","FisheyeCamera_1_01088_png.rf.70774c464313c8fb73f824b9dbba67a3.jpg","FisheyeCamera_1_01088_png.rf.70774c464313c8fb73f824b9dbba67a3.txt","train"
"train","00014_00005_00029_png.rf.d8c41fb766f1a213727a8b2735a37a85.jpg","00014_00005_00029_png.rf.d8c41fb766f1a213727a8b2735a37a85.txt","train"
"train","00014_00001_00015_png.rf.3f96876e443b6b5ef2f8b953731ea355.jpg","00014_00001_00015_png.rf.3f96876e443b6b5ef2f8b953731ea355.txt","train"
"train","00002_00021_00028_png.rf.3499f84fb3aaed5f33badb65ce197566.jpg","00002_00021_00028_png.rf.3499f84fb3aaed5f33badb65ce197566.txt","valid"
"train","00014_00001_00019_png.rf.e5cf93cc865b4fba4ca9b405e869db3f.jpg","00014_00001_00019_png.rf.e5cf93cc865b4fba4ca9b405e869db3f.txt","test"
"train","road869_png.rf.9428c2ebdb117c267a174dd6825b2759.jpg","road869_png.rf.9428c2ebdb117c267a174dd6825b2759.txt","valid"
"train","000810_jpg.rf.71130d51de66321e1af79c8a3ea5342f.jpg","000810_jpg.rf.71130d51de66321e1af79c8a3ea5342f.txt","train"
"train","road289_png.rf.b60f442f1694815dfc3ba4f69b09b455.jpg","road289_png.rf.b60f442f1694815dfc3ba4f69b09b455.txt","test"
"train","FisheyeCamera_1_00086_png.rf.915425cb4c69be991ae08343a2bff4f4.jpg","FisheyeCamera_1_00086_png.rf.915425cb4c69be991ae08343a2bff4f4.txt","train"
"train","road104_png.rf.b8abe2a3840ee0a48ee855901f67c68f.jpg","road104_png.rf.b8abe2a3840ee0a48ee855901f67c68f.txt","test"
"train","00000_00001_00015_png.rf.9c55a5f25a24f6e9476d41175d007d95.jpg","00000_00001_00015_png.rf.9c55a5f25a24f6e9476d41175d007d95.txt","valid"
"train","000201_jpg.rf.ad4084f001e12a779abbb2791227e798.jpg","000201_jpg.rf.ad4084f001e12a779abbb2791227e798.txt","train"
"train","001483_jpg.rf.569937375e10b63665c49825e1e9e3c1.jpg","001483_jpg.rf.569937375e10b63665c49825e1e9e3c1.txt","train"
"train","00014_00002_00025_png.rf.8223cfb53dce3f4c2bae74d7d0a68b39.jpg","00014_00002_00025_png.rf.8223cfb53dce3f4c2bae74d7d0a68b39.txt","train"
"train","000984_JPG_jpg.rf.40562606198a63735201a52ce4324d4f.jpg","000984_JPG_jpg.rf.40562606198a63735201a52ce4324d4f.txt","train"
"train","000989_JPG_jpg.rf.0a519411ce29b210d57d33ea6a2ba970.jpg","000989_JPG_jpg.rf.0a519411ce29b210d57d33ea6a2ba970.txt","test"
"train","000287_jpg.rf.920524a12e66e6f5a4dabfbc242363f2.jpg","000287_jpg.rf.920524a12e66e6f5a4dabfbc242363f2.txt","test"
"train","000869_JPG_jpg.rf.2f284225e5bd1231d5325187cb2353d4.jpg","000869_JPG_jpg.rf.2f284225e5bd1231d5325187cb2353d4.txt","train"
"train","000263_jpg.rf.edd87e234d6067261424b116a3cbde2e.jpg","000263_jpg.rf.edd87e234d6067261424b116a3cbde2e.txt","valid"
"train","road26_png.rf.4ef750adc59fa2abc3347a2ce0608973.jpg","road26_png.rf.4ef750adc59fa2abc3347a2ce0608973.txt","train"
"train","000285_jpg.rf.a7fc28d23d1690f4e140c650f7d7a4ce.jpg","000285_jpg.rf.a7fc28d23d1690f4e140c650f7d7a4ce.txt","train"
"train","road279_png.rf.267e53d38879555b6f677dcc96a07aee.jpg","road279_png.rf.267e53d38879555b6f677dcc96a07aee.txt","train"
"train","FisheyeCamera_1_00129_png.rf.4137ff3428beb2e4b7ccad50cc30782a.jpg","FisheyeCamera_1_00129_png.rf.4137ff3428beb2e4b7ccad50cc30782a.txt","train"
"train","road563_png.rf.3abf3bb29dbc7967f53f583d43aca717.jpg","road563_png.rf.3abf3bb29dbc7967f53f583d43aca717.txt","valid"
"train","001612_JPG_jpg.rf.6157d73abf7e7ac671d86b43edeeaa98.jpg","001612_JPG_jpg.rf.6157d73abf7e7ac671d86b43edeeaa98.txt","train"
"train","00004_00021_00009_png.rf.2d6329f2d6457b13a25118cb848c59b6.jpg","00004_00021_00009_png.rf.2d6329f2d6457b13a25118cb848c59b6.txt","train"
"train","road596_png.rf.4d42637c1271143a6322399c7dea080e.jpg","road596_png.rf.4d42637c1271143a6322399c7dea080e.txt","test"
"train","001463_jpg.rf.879e985ee263fd36ff1c94be120dca05.jpg","001463_jpg.rf.879e985ee263fd36ff1c94be120dca05.txt","valid"
"train","001831_JPG_jpg.rf.d209ca8eeccae8af80f818a5f341070c.jpg","001831_JPG_jpg.rf.d209ca8eeccae8af80f818a5f341070c.txt","train"
"train","001029_jpg.rf.8dc19d79f175ebc306ae053d65c2f234.jpg","001029_jpg.rf.8dc19d79f175ebc306ae053d65c2f234.txt","train"
"train","00007_00036_00016_png.rf.5462bac9ba3973f8cc5e8d1607940150.jpg","00007_00036_00016_png.rf.5462bac9ba3973f8cc5e8d1607940150.txt","train"
"train","00002_00049_00027_png.rf.45fdf553e2de259cc8b1657bb0aaad83.jpg","00002_00049_00027_png.rf.45fdf553e2de259cc8b1657bb0aaad83.txt","train"
"train","road759_png.rf.04beff70fc6f5e7d9ee0d5952e85bfa0.jpg","road759_png.rf.04beff70fc6f5e7d9ee0d5952e85bfa0.txt","train"
"train","road674_png.rf.097c58743980230b06c084dafec95ba1.jpg","road674_png.rf.097c58743980230b06c084dafec95ba1.txt","train"
"train","FisheyeCamera_1_00019_png.rf.3569127607cd22f70f9f76c92443ecd8.jpg","FisheyeCamera_1_00019_png.rf.3569127607cd22f70f9f76c92443ecd8.txt","train"
"train","00014_00011_00028_png.rf.a96875a590740a2096aa19346bb6dc8e.jpg","00014_00011_00028_png.rf.a96875a590740a2096aa19346bb6dc8e.txt","train"
"train","001238_jpg.rf.76ebdbe7f78e2832e50fc9e10ea237ba.jpg","001238_jpg.rf.76ebdbe7f78e2832e50fc9e10ea237ba.txt","train"
"train","00001_00065_00006_png.rf.28330e4d8201a463be9539714d40e3e1.jpg","00001_00065_00006_png.rf.28330e4d8201a463be9539714d40e3e1.txt","test"
"train","00000_00002_00018_png.rf.2f275cebac0adcc565c34d236ef6864e.jpg","00000_00002_00018_png.rf.2f275cebac0adcc565c34d236ef6864e.txt","train"
"train","00005_00013_00016_png.rf.db82289ad39e0cf0b477bf6f985903b4.jpg","00005_00013_00016_png.rf.db82289ad39e0cf0b477bf6f985903b4.txt","valid"
"train","10c3aecb-eaa3-4f81-a749-fd76b25be428_jpg.rf.fe7a52efd08d72070df9f039bd12f6f6.jpg","10c3aecb-eaa3-4f81-a749-fd76b25be428_jpg.rf.fe7a52efd08d72070df9f039bd12f6f6.txt","train"
"train","000424_jpg.rf.f93b105fb3663f99e14d02f679c702cc.jpg","000424_jpg.rf.f93b105fb3663f99e14d02f679c702cc.txt","train"
"train","road863_png.rf.2854af47439d9ffe19d808b0dd3bee3b.jpg","road863_png.rf.2854af47439d9ffe19d808b0dd3bee3b.txt","valid"
"train","00014_00011_00001_png.rf.5505f99718ae7e15021f3b37b41133be.jpg","00014_00011_00001_png.rf.5505f99718ae7e15021f3b37b41133be.txt","train"
"train","001294_jpg.rf.365782fa244e6a731e390c06516cd524.jpg","001294_jpg.rf.365782fa244e6a731e390c06516cd524.txt","valid"
"train","road318_png.rf.e061f8599d2e76d610fa544c8e4e48aa.jpg","road318_png.rf.e061f8599d2e76d610fa544c8e4e48aa.txt","train"
"train","000739_jpg.rf.b2f00909cfea59e4355236bd4de48cc6.jpg","000739_jpg.rf.b2f00909cfea59e4355236bd4de48cc6.txt","train"
"train","00003_00040_00029_png.rf.c77214e3830e590d9931c0e8beffce4b.jpg","00003_00040_00029_png.rf.c77214e3830e590d9931c0e8beffce4b.txt","test"
"train","000373_jpg.rf.f4437d03da8e0fe65f69b737ebad88a8.jpg","000373_jpg.rf.f4437d03da8e0fe65f69b737ebad88a8.txt","valid"
"train","road753_png.rf.67ac80ba73f25178e19de14fe0678951.jpg","road753_png.rf.67ac80ba73f25178e19de14fe0678951.txt","train"
"train","001605_JPG_jpg.rf.327138f884ccbf52b9f5f8bae5325a67.jpg","001605_JPG_jpg.rf.327138f884ccbf52b9f5f8bae5325a67.txt","train"
"train","000764_jpg.rf.77efde7c77b5aea87721809c028e900f.jpg","000764_jpg.rf.77efde7c77b5aea87721809c028e900f.txt","train"
"train","000821_jpg.rf.a1db784465723606117f20c7c2fd78c3.jpg","000821_jpg.rf.a1db784465723606117f20c7c2fd78c3.txt","train"
"train","road537_png.rf.1c67f4dffc41b8b57148a1c7832ad536.jpg","road537_png.rf.1c67f4dffc41b8b57148a1c7832ad536.txt","train"
"train","00003_00010_00014_png.rf.7b14d9822fb81a76337e40bb3c12a819.jpg","00003_00010_00014_png.rf.7b14d9822fb81a76337e40bb3c12a819.txt","valid"
"train","FisheyeCamera_1_00479_png.rf.43f706938f56b7a419a27913bfbad0c3.jpg","FisheyeCamera_1_00479_png.rf.43f706938f56b7a419a27913bfbad0c3.txt","valid"
"train","00008_00032_00018_png.rf.9479b0bb50683a74c516458690ddcf6d.jpg","00008_00032_00018_png.rf.9479b0bb50683a74c516458690ddcf6d.txt","train"
"train","00001_00025_00025_png.rf.3068de35f892d47c34bcae8de29ae7ef.jpg","00001_00025_00025_png.rf.3068de35f892d47c34bcae8de29ae7ef.txt","test"
"train","001035_jpg.rf.37bba1493b4ddcc00f6cacd741fd5998.jpg","001035_jpg.rf.37bba1493b4ddcc00f6cacd741fd5998.txt","test"
"train","00001_00003_00029_png.rf.6e63ce0c86c14d9cedfadfa72ebc9e66.jpg","00001_00003_00029_png.rf.6e63ce0c86c14d9cedfadfa72ebc9e66.txt","train"
"train","000734_JPG_jpg.rf.93ec5188190364f4c3356de9ec7dcda1.jpg","000734_JPG_jpg.rf.93ec5188190364f4c3356de9ec7dcda1.txt","train"
"train","001871_png_jpg.rf.948f5b1546a2ab28a8165fc8e226927f.jpg","001871_png_jpg.rf.948f5b1546a2ab28a8165fc8e226927f.txt","train"
"train","000519_jpg.rf.eb7c9ff333e55287045a5b7238bdd92b.jpg","000519_jpg.rf.eb7c9ff333e55287045a5b7238bdd92b.txt","train"
"train","00004_00040_00006_png.rf.219b549be10c18b8aea4f961ad35a900.jpg","00004_00040_00006_png.rf.219b549be10c18b8aea4f961ad35a900.txt","valid"
"train","00005_00056_00007_png.rf.5596fd114dfcaf61a987764ae0fdfe2d.jpg","00005_00056_00007_png.rf.5596fd114dfcaf61a987764ae0fdfe2d.txt","train"
"train","FisheyeCamera_1_00300_png.rf.364d43e93da9acbdcc4844a43b9a87d2.jpg","FisheyeCamera_1_00300_png.rf.364d43e93da9acbdcc4844a43b9a87d2.txt","train"
"train","9d3d7cd0-7f2c-48ee-af30-56f3a73da5b7_jpg.rf.2ae0ecb3baa0e9a2d711a93cb1323dfd.jpg","9d3d7cd0-7f2c-48ee-af30-56f3a73da5b7_jpg.rf.2ae0ecb3baa0e9a2d711a93cb1323dfd.txt","train"
"train","001244_jpg.rf.38c35b7810448f81ac3e7ecdc69956be.jpg","001244_jpg.rf.38c35b7810448f81ac3e7ecdc69956be.txt","train"
"train","00007_00041_00005_png.rf.de55a35fdee605e5888b007ad3b7bf72.jpg","00007_00041_00005_png.rf.de55a35fdee605e5888b007ad3b7bf72.txt","train"
"train","001215_jpg.rf.26192138092618694ebfc87eab2ff7e1.jpg","001215_jpg.rf.26192138092618694ebfc87eab2ff7e1.txt","train"
"train","road859_png.rf.b4a14ab0dc15f2d15a75a11e5f5b3c9c.jpg","road859_png.rf.b4a14ab0dc15f2d15a75a11e5f5b3c9c.txt","test"
"train","00003_00027_00025_png.rf.7c21b33592ea844df818d38582b53e4b.jpg","00003_00027_00025_png.rf.7c21b33592ea844df818d38582b53e4b.txt","test"
"train","001499_jpg.rf.ff3aa06c6c5714ca4623e3a93e36c189.jpg","001499_jpg.rf.ff3aa06c6c5714ca4623e3a93e36c189.txt","train"
"train","00014_00001_00025_png.rf.897c13291fa64de3612a0a840027259f.jpg","00014_00001_00025_png.rf.897c13291fa64de3612a0a840027259f.txt","train"
"train","001488_jpg.rf.2a531b9ee5f227dc03240c871cbd4b5e.jpg","001488_jpg.rf.2a531b9ee5f227dc03240c871cbd4b5e.txt","train"
"train","00003_00002_00019_png.rf.3b98c1a9f34dfe8f1869a44e6f191cbb.jpg","00003_00002_00019_png.rf.3b98c1a9f34dfe8f1869a44e6f191cbb.txt","train"
"train","00007_00005_00009_png.rf.a5ed5bdc7c6b5509f24799f2616ff884.jpg","00007_00005_00009_png.rf.a5ed5bdc7c6b5509f24799f2616ff884.txt","valid"
"train","FisheyeCamera_1_01101_png.rf.def60dba5fafa91520402621bceb9fed.jpg","FisheyeCamera_1_01101_png.rf.def60dba5fafa91520402621bceb9fed.txt","train"
"train","183bc196-1a4b-43f7-9d0b-ecce08393ffe_jpg.rf.72dba53b80a781d07e3f16055906fc8a.jpg","183bc196-1a4b-43f7-9d0b-ecce08393ffe_jpg.rf.72dba53b80a781d07e3f16055906fc8a.txt","train"
"train","000398_jpg.rf.a1ec9c0df18ec5e0b775f0aad67ef291.jpg","000398_jpg.rf.a1ec9c0df18ec5e0b775f0aad67ef291.txt","train"
"train","000456_jpg.rf.06a8aeb04168a3a66914f9ad97ea2e42.jpg","000456_jpg.rf.06a8aeb04168a3a66914f9ad97ea2e42.txt","valid"
"train","FisheyeCamera_1_00026_png.rf.0c9d8ea4667b414c2e19303f56539cfe.jpg","FisheyeCamera_1_00026_png.rf.0c9d8ea4667b414c2e19303f56539cfe.txt","train"
"train","00007_00026_00027_png.rf.11a9326a205b4c70e89afeadc4362948.jpg","00007_00026_00027_png.rf.11a9326a205b4c70e89afeadc4362948.txt","train"
"train","000499_jpg.rf.de2c36114e61f42b003c3b937a8b168c.jpg","000499_jpg.rf.de2c36114e61f42b003c3b937a8b168c.txt","train"
"train","road677_png.rf.78043a0ae94146e5cdc0dc9dbca42b53.jpg","road677_png.rf.78043a0ae94146e5cdc0dc9dbca42b53.txt","train"
"train","00001_00042_00013_png.rf.4d1a4ef3dc403af73ad0e935e8d54773.jpg","00001_00042_00013_png.rf.4d1a4ef3dc403af73ad0e935e8d54773.txt","train"
"train","road703_png.rf.bf032393242bc18e68a2698a48dfd1df.jpg","road703_png.rf.bf032393242bc18e68a2698a48dfd1df.txt","train"
"train","00005_00003_00025_png.rf.8b7107d4c3567361a4eab4605dee7b53.jpg","00005_00003_00025_png.rf.8b7107d4c3567361a4eab4605dee7b53.txt","train"
"train","001670_JPG_jpg.rf.524f85433d54676935778af6848322ec.jpg","001670_JPG_jpg.rf.524f85433d54676935778af6848322ec.txt","train"
"train","001699_JPG_jpg.rf.cbd2447de787d4172fdbeb2bf0c7456d.jpg","001699_JPG_jpg.rf.cbd2447de787d4172fdbeb2bf0c7456d.txt","train"
"train","road424_png.rf.48dd63eb354ee19e64e4f0dcab34145b.jpg","road424_png.rf.48dd63eb354ee19e64e4f0dcab34145b.txt","train"
"train","00003_00026_00023_png.rf.2e150ecdaec96f94e16e0fc47869f565.jpg","00003_00026_00023_png.rf.2e150ecdaec96f94e16e0fc47869f565.txt","train"
"train","00001_00067_00009_png.rf.eb7b0eb9255c98616b91517792b6112e.jpg","00001_00067_00009_png.rf.eb7b0eb9255c98616b91517792b6112e.txt","valid"
"train","000710_jpg.rf.50aac2252bcc80502a8d5fc438b9e61d.jpg","000710_jpg.rf.50aac2252bcc80502a8d5fc438b9e61d.txt","train"
"train","road436_png.rf.74f37fa93c9c3425ab24894348cb07f8.jpg","road436_png.rf.74f37fa93c9c3425ab24894348cb07f8.txt","train"
"train","00014_00004_00019_png.rf.88a42af9a98ec7dff8c8a7c9da28f74d.jpg","00014_00004_00019_png.rf.88a42af9a98ec7dff8c8a7c9da28f74d.txt","train"
"train","00003_00017_00016_png.rf.db6b2eae874dc030fd99088671cda6ab.jpg","00003_00017_00016_png.rf.db6b2eae874dc030fd99088671cda6ab.txt","valid"
"train","00002_00000_00021_png.rf.605e4e50476cc129c3d94c33032fa478.jpg","00002_00000_00021_png.rf.605e4e50476cc129c3d94c33032fa478.txt","valid"
"train","001836_JPG_jpg.rf.6029908d1b1efe202f61598de08d2bbe.jpg","001836_JPG_jpg.rf.6029908d1b1efe202f61598de08d2bbe.txt","valid"
"train","000086_jpg.rf.d3d12450d549b7d411c61b8a204cfdaa.jpg","000086_jpg.rf.d3d12450d549b7d411c61b8a204cfdaa.txt","test"
"train","001647_JPG_jpg.rf.25cc0ab854453f2a56ccc9129ed936aa.jpg","001647_JPG_jpg.rf.25cc0ab854453f2a56ccc9129ed936aa.txt","train"
"train","000606_jpg.rf.5807b61f886bd61197bf81bed2c90706.jpg","000606_jpg.rf.5807b61f886bd61197bf81bed2c90706.txt","train"
"train","FisheyeCamera_1_00000_png.rf.bdcc370f0a991112ab8cba855fada81b.jpg","FisheyeCamera_1_00000_png.rf.bdcc370f0a991112ab8cba855fada81b.txt","test"
"train","00014_00002_00020_png.rf.6ea260a67860ac920397c63a4d3bfbc2.jpg","00014_00002_00020_png.rf.6ea260a67860ac920397c63a4d3bfbc2.txt","valid"
"train","001637_JPG_jpg.rf.2c600a69792069f98162b0a6c8d6f873.jpg","001637_JPG_jpg.rf.2c600a69792069f98162b0a6c8d6f873.txt","valid"
"train","000054_jpg.rf.7d1a1d15b5f1567384e2d077f960a5b6.jpg","000054_jpg.rf.7d1a1d15b5f1567384e2d077f960a5b6.txt","valid"
"train","00004_00059_00000_png.rf.0f14ea6d02a78aa75283c134f40d81a9.jpg","00004_00059_00000_png.rf.0f14ea6d02a78aa75283c134f40d81a9.txt","train"
"train","00001_00010_00005_png.rf.15a763b1f2193e1da2c1ebfba0d9e753.jpg","00001_00010_00005_png.rf.15a763b1f2193e1da2c1ebfba0d9e753.txt","train"
"train","00004_00005_00020_png.rf.c3d1578d1b176ce6ccce18bcc3d19d45.jpg","00004_00005_00020_png.rf.c3d1578d1b176ce6ccce18bcc3d19d45.txt","valid"
"train","FisheyeCamera_1_00298_png.rf.517e5da0e848abcab7f72c190e2cb6d4.jpg","FisheyeCamera_1_00298_png.rf.517e5da0e848abcab7f72c190e2cb6d4.txt","test"
"train","00003_00003_00007_png.rf.3a7f343dc497d5c4525e349f83f32edc.jpg","00003_00003_00007_png.rf.3a7f343dc497d5c4525e349f83f32edc.txt","train"
"train","road78_png.rf.58b44eac7b7c88efca598f08eafa4c22.jpg","road78_png.rf.58b44eac7b7c88efca598f08eafa4c22.txt","train"
"train","00007_00005_00007_png.rf.f30053428e6b645e76a749dc118696e1.jpg","00007_00005_00007_png.rf.f30053428e6b645e76a749dc118696e1.txt","train"
"train","00007_00016_00010_png.rf.0fe34793352aa7ef4ee38e165a9851f4.jpg","00007_00016_00010_png.rf.0fe34793352aa7ef4ee38e165a9851f4.txt","test"
"train","FisheyeCamera_1_01049_png.rf.c9186e0103ab069ed7c8fe9935cd6487.jpg","FisheyeCamera_1_01049_png.rf.c9186e0103ab069ed7c8fe9935cd6487.txt","valid"
"train","00000_00003_00018_png.rf.a98c6b6cf8edaf071d8985b2d7249b8a.jpg","00000_00003_00018_png.rf.a98c6b6cf8edaf071d8985b2d7249b8a.txt","train"
"train","000847_jpg.rf.46be29a3063f03e2ea4504d66fa051fc.jpg","000847_jpg.rf.46be29a3063f03e2ea4504d66fa051fc.txt","train"
"train","000018_jpg.rf.4d01e1cda4c9862cb245fb1fa872415b.jpg","000018_jpg.rf.4d01e1cda4c9862cb245fb1fa872415b.txt","train"
"train","FisheyeCamera_1_01094_png.rf.1248af42a1525115a25146fd5cc37093.jpg","FisheyeCamera_1_01094_png.rf.1248af42a1525115a25146fd5cc37093.txt","valid"
"train","00014_00021_00029_png.rf.98c305641ff20cc08f65108fb1da7d5d.jpg","00014_00021_00029_png.rf.98c305641ff20cc08f65108fb1da7d5d.txt","train"
"train","000039_jpg.rf.14a33689308fafcf8a1ef330a41498a7.jpg","000039_jpg.rf.14a33689308fafcf8a1ef330a41498a7.txt","train"
"train","road96_png.rf.1dcbb039371a4df71083db9b5fc784f9.jpg","road96_png.rf.1dcbb039371a4df71083db9b5fc784f9.txt","train"
"train","00014_00004_00010_png.rf.043b7530b711773ce1d09c89f0a3e831.jpg","00014_00004_00010_png.rf.043b7530b711773ce1d09c89f0a3e831.txt","test"
"train","FisheyeCamera_1_00597_png.rf.3b3f58b9d2c7d417f4dc3d684171e1f9.jpg","FisheyeCamera_1_00597_png.rf.3b3f58b9d2c7d417f4dc3d684171e1f9.txt","train"
"train","road439_png.rf.f55cfe36455da63db1f366522b94a7b4.jpg","road439_png.rf.f55cfe36455da63db1f366522b94a7b4.txt","test"
"train","001401_jpg.rf.5715bb60ecdbd74baeab8aae02208c81.jpg","001401_jpg.rf.5715bb60ecdbd74baeab8aae02208c81.txt","train"
"train","road598_png.rf.7a7fb2458a3b371f7e1f53374671a352.jpg","road598_png.rf.7a7fb2458a3b371f7e1f53374671a352.txt","train"
"train","000106_jpg.rf.259a87017fa3e8ea1dd483b587a504d8.jpg","000106_jpg.rf.259a87017fa3e8ea1dd483b587a504d8.txt","train"
"train","00004_00046_00003_png.rf.126ecbbef704794bd6a2fbd22a372b02.jpg","00004_00046_00003_png.rf.126ecbbef704794bd6a2fbd22a372b02.txt","train"
"train","00014_00015_00007_png.rf.b7eee281e3983aae49c004c6e9f55a77.jpg","00014_00015_00007_png.rf.b7eee281e3983aae49c004c6e9f55a77.txt","train"
"train","road496_png.rf.9e8c5630be4308a8c84ceefd02f5f3e8.jpg","road496_png.rf.9e8c5630be4308a8c84ceefd02f5f3e8.txt","train"
"train","000404_png_jpg.rf.c78a9b212fe780391b130d51e9d1a388.jpg","000404_png_jpg.rf.c78a9b212fe780391b130d51e9d1a388.txt","train"
"train","00003_00043_00019_png.rf.ab4b0057b76ed9c590fe4ad2475a446f.jpg","00003_00043_00019_png.rf.ab4b0057b76ed9c590fe4ad2475a446f.txt","train"
"train","road729_png.rf.c291e175b2e36f49a6dadaaaa95502b5.jpg","road729_png.rf.c291e175b2e36f49a6dadaaaa95502b5.txt","train"
"train","00000_00002_00026_png.rf.8bd644c51559abfb6ff75956cd72e06c.jpg","00000_00002_00026_png.rf.8bd644c51559abfb6ff75956cd72e06c.txt","test"
"train","FisheyeCamera_1_00225_png.rf.6c292a12fe718e77ea8c85c049c88631.jpg","FisheyeCamera_1_00225_png.rf.6c292a12fe718e77ea8c85c049c88631.txt","train"
"train","00004_00035_00005_png.rf.d10e809721ccab0a77d9a665176f9566.jpg","00004_00035_00005_png.rf.d10e809721ccab0a77d9a665176f9566.txt","test"
"train","road270_png.rf.d5377aaa1e3325e6c438922887a9c216.jpg","road270_png.rf.d5377aaa1e3325e6c438922887a9c216.txt","train"
"train","road639_png.rf.59315f4b68b9cd0f20b30de44a68d196.jpg","road639_png.rf.59315f4b68b9cd0f20b30de44a68d196.txt","test"
"train","00002_00031_00027_png.rf.0c1f952632413feecba2d39034e25d16.jpg","00002_00031_00027_png.rf.0c1f952632413feecba2d39034e25d16.txt","train"
"train","000142_jpg.rf.803552c8059c5141606df2e5c6f0c6ae.jpg","000142_jpg.rf.803552c8059c5141606df2e5c6f0c6ae.txt","train"
"train","road538_png.rf.f047376bff7bd5cedf46ecacf6211e02.jpg","road538_png.rf.f047376bff7bd5cedf46ecacf6211e02.txt","train"
"train","000095_jpg.rf.006499f82e91ea4d123a32501effc74e.jpg","000095_jpg.rf.006499f82e91ea4d123a32501effc74e.txt","train"
"train","00002_00012_00000_png.rf.1d169804ea67bd61a98acbcf9d71c52c.jpg","00002_00012_00000_png.rf.1d169804ea67bd61a98acbcf9d71c52c.txt","train"
"train","road668_png.rf.deecfbcdf8b5279b46b5432f399ab940.jpg","road668_png.rf.deecfbcdf8b5279b46b5432f399ab940.txt","train"
"train","00001_00023_00010_png.rf.4b0ebfb9b0be7793719308b638597a10.jpg","00001_00023_00010_png.rf.4b0ebfb9b0be7793719308b638597a10.txt","train"
"train","00008_00011_00012_png.rf.d5a58cfb1d1170a1caf4d7f88f3fd6b4.jpg","00008_00011_00012_png.rf.d5a58cfb1d1170a1caf4d7f88f3fd6b4.txt","train"
"train","road327_png.rf.68dc7b0435de763b0c933cf3b17b7057.jpg","road327_png.rf.68dc7b0435de763b0c933cf3b17b7057.txt","train"
"train","road871_png.rf.b38ee3c3b7be591d95c68237162c4961.jpg","road871_png.rf.b38ee3c3b7be591d95c68237162c4961.txt","train"
"train","00000_00005_00000_png.rf.a6f5a2e7f2142957ecc55f8614f582ee.jpg","00000_00005_00000_png.rf.a6f5a2e7f2142957ecc55f8614f582ee.txt","train"
"train","000343_jpg.rf.4aa16ceb62a77e937fd81afe93093ffc.jpg","000343_jpg.rf.4aa16ceb62a77e937fd81afe93093ffc.txt","train"
"train","00008_00007_00011_png.rf.1f6db393350f083ad461b283a17adb54.jpg","00008_00007_00011_png.rf.1f6db393350f083ad461b283a17adb54.txt","train"
"train","00014_00009_00020_png.rf.04986f511bebf998079ed2ab5d0cec92.jpg","00014_00009_00020_png.rf.04986f511bebf998079ed2ab5d0cec92.txt","train"
"train","road437_png.rf.9e51955145e306d32b35eb6b971b22db.jpg","road437_png.rf.9e51955145e306d32b35eb6b971b22db.txt","train"
"train","FisheyeCamera_1_00442_png.rf.2068c1655874a296ab3e6f8aad5b4530.jpg","FisheyeCamera_1_00442_png.rf.2068c1655874a296ab3e6f8aad5b4530.txt","train"
"train","000769_jpg.rf.4be9ea499f6c581d1805f94501d1fed7.jpg","000769_jpg.rf.4be9ea499f6c581d1805f94501d1fed7.txt","test"
"train","000925_JPG_jpg.rf.e983d9f32cfae06d572c6fae980920c4.jpg","000925_JPG_jpg.rf.e983d9f32cfae06d572c6fae980920c4.txt","train"
"train","00008_00046_00027_png.rf.26fdf755d5ae0321ad18c350e1f2ca6f.jpg","00008_00046_00027_png.rf.26fdf755d5ae0321ad18c350e1f2ca6f.txt","train"
"train","FisheyeCamera_1_00143_png.rf.9064c573ba2ce6091a2c3d3f5a51cb70.jpg","FisheyeCamera_1_00143_png.rf.9064c573ba2ce6091a2c3d3f5a51cb70.txt","train"
"train","000824_JPG_jpg.rf.5469d930b559e0e5e91b0088fd84fba6.jpg","000824_JPG_jpg.rf.5469d930b559e0e5e91b0088fd84fba6.txt","train"
"train","000843_jpg.rf.890bfd3c8bce6e47c7c94281056cf99e.jpg","000843_jpg.rf.890bfd3c8bce6e47c7c94281056cf99e.txt","valid"
"train","00000_00001_00004_png.rf.1d4966ad313869924edeb7361774d997.jpg","00000_00001_00004_png.rf.1d4966ad313869924edeb7361774d997.txt","valid"
"train","000950_JPG_jpg.rf.9ee90298c9273ea633ded3025a6ae29e.jpg","000950_JPG_jpg.rf.9ee90298c9273ea633ded3025a6ae29e.txt","train"
"train","00014_00008_00007_png.rf.41eb12f694b3340cc349e86f3ceb56c1.jpg","00014_00008_00007_png.rf.41eb12f694b3340cc349e86f3ceb56c1.txt","train"
"train","road33_png.rf.3c6121f79b24ea2f292046a24df49951.jpg","road33_png.rf.3c6121f79b24ea2f292046a24df49951.txt","train"
"train","000146_jpg.rf.3a4b6cccf96fa26fa85d92d676addc3d.jpg","000146_jpg.rf.3a4b6cccf96fa26fa85d92d676addc3d.txt","train"
"train","00005_00016_00013_png.rf.02565e2e30a9ca951c8e5920163d307d.jpg","00005_00016_00013_png.rf.02565e2e30a9ca951c8e5920163d307d.txt","train"
"train","00001_00011_00005_png.rf.eedb8a0227d347a23bce90c349522894.jpg","00001_00011_00005_png.rf.eedb8a0227d347a23bce90c349522894.txt","train"
"train","001410_jpg.rf.9dccdd364eff41fa645f88dff20b247b.jpg","001410_jpg.rf.9dccdd364eff41fa645f88dff20b247b.txt","train"
"train","00004_00045_00021_png.rf.a99fda0f2173286ea484642049d6359a.jpg","00004_00045_00021_png.rf.a99fda0f2173286ea484642049d6359a.txt","valid"
"train","road482_png.rf.37fe2b5ed40d0e54db7c0a3ba30afb95.jpg","road482_png.rf.37fe2b5ed40d0e54db7c0a3ba30afb95.txt","train"
"train","road614_png.rf.06af58ad73cced78cf121daeb1925208.jpg","road614_png.rf.06af58ad73cced78cf121daeb1925208.txt","train"
"train","00005_00044_00000_png.rf.ca78357f92c045ede5d72569e6a797f0.jpg","00005_00044_00000_png.rf.ca78357f92c045ede5d72569e6a797f0.txt","train"
"train","road525_png.rf.1ef9c43f9b9da0daa58fa5cae56b8d4a.jpg","road525_png.rf.1ef9c43f9b9da0daa58fa5cae56b8d4a.txt","train"
"train","00000_00002_00003_png.rf.cd0e7e7d50b99449ca45d67898e96cf5.jpg","00000_00002_00003_png.rf.cd0e7e7d50b99449ca45d67898e96cf5.txt","train"
"train","00008_00020_00015_png.rf.7bcdbb72b3768feb7e3fb686d03d8997.jpg","00008_00020_00015_png.rf.7bcdbb72b3768feb7e3fb686d03d8997.txt","test"
"train","000489_jpg.rf.c583e3ba2e25746b7188459dc3d54130.jpg","000489_jpg.rf.c583e3ba2e25746b7188459dc3d54130.txt","train"
"train","00004_00012_00022_png.rf.c7e90a2193657c754d281900ebda816c.jpg","00004_00012_00022_png.rf.c7e90a2193657c754d281900ebda816c.txt","train"
"train","00000_00002_00009_png.rf.ceb4f44f52dd338ea6b2672a4667e757.jpg","00000_00002_00009_png.rf.ceb4f44f52dd338ea6b2672a4667e757.txt","train"
"train","00008_00012_00006_png.rf.ae7b425d2151a2a7f10b59f005279d66.jpg","00008_00012_00006_png.rf.ae7b425d2151a2a7f10b59f005279d66.txt","train"
"train","00001_00007_00010_png.rf.227b2c4a69c8dd704c9764de6a1080cc.jpg","00001_00007_00010_png.rf.227b2c4a69c8dd704c9764de6a1080cc.txt","valid"
"train","00004_00037_00006_png.rf.9ca65e86803c059bc96eb78524f9426d.jpg","00004_00037_00006_png.rf.9ca65e86803c059bc96eb78524f9426d.txt","valid"
"train","00002_00016_00028_png.rf.81733cefb81e5a37636c8b4d70789f5d.jpg","00002_00016_00028_png.rf.81733cefb81e5a37636c8b4d70789f5d.txt","train"
"train","FisheyeCamera_1_00230_png.rf.a15bca64943ed435d0880a6d1fa80ffb.jpg","FisheyeCamera_1_00230_png.rf.a15bca64943ed435d0880a6d1fa80ffb.txt","test"
"train","000109_jpg.rf.6d6eecf0e3dec359be9b758c3234d2c8.jpg","000109_jpg.rf.6d6eecf0e3dec359be9b758c3234d2c8.txt","train"
"train","001439_jpg.rf.a622ce26f856348fa8217e01d61d15cd.jpg","001439_jpg.rf.a622ce26f856348fa8217e01d61d15cd.txt","train"
"train","000336_jpg.rf.723d2a1021e985bf25a08794b66d51b2.jpg","000336_jpg.rf.723d2a1021e985bf25a08794b66d51b2.txt","test"
"train","FisheyeCamera_1_00222_png.rf.e4267ad1ed426da073eae1865762ea88.jpg","FisheyeCamera_1_00222_png.rf.e4267ad1ed426da073eae1865762ea88.txt","train"
"train","FisheyeCamera_1_00576_png.rf.056847c49783d207351c0e9b7533a1f3.jpg","FisheyeCamera_1_00576_png.rf.056847c49783d207351c0e9b7533a1f3.txt","train"
"train","000244_jpg.rf.433001aca6c830bf4a9f63b518a92cb9.jpg","000244_jpg.rf.433001aca6c830bf4a9f63b518a92cb9.txt","train"
"train","00001_00024_00017_png.rf.312dc7890cc07b6c713b6a2cbb860ccb.jpg","00001_00024_00017_png.rf.312dc7890cc07b6c713b6a2cbb860ccb.txt","train"
"train","00002_00002_00006_png.rf.1f84a1af5aef1e504cf9ef7addb2e338.jpg","00002_00002_00006_png.rf.1f84a1af5aef1e504cf9ef7addb2e338.txt","valid"
"train","000866_jpg.rf.9eaa269c8685702a9abf4a58c0cb2a63.jpg","000866_jpg.rf.9eaa269c8685702a9abf4a58c0cb2a63.txt","train"
"train","road810_png.rf.9f436d5593dd6ff41a13398fa757f89f.jpg","road810_png.rf.9f436d5593dd6ff41a13398fa757f89f.txt","train"
"train","road395_png.rf.5ed5ce62f117c2dd24f9c01f06daa7c7.jpg","road395_png.rf.5ed5ce62f117c2dd24f9c01f06daa7c7.txt","train"
"train","road362_png.rf.ee0d5d7044efe3a1e6fe321e69c2f277.jpg","road362_png.rf.ee0d5d7044efe3a1e6fe321e69c2f277.txt","test"
"train","00007_00020_00022_png.rf.2cf6f6caec313c55cf4c7217b9f4634f.jpg","00007_00020_00022_png.rf.2cf6f6caec313c55cf4c7217b9f4634f.txt","train"
"train","00004_00061_00021_png.rf.91001a7b91e83d18ca165bdd0f46e617.jpg","00004_00061_00021_png.rf.91001a7b91e83d18ca165bdd0f46e617.txt","valid"
"train","001285_jpg.rf.d666ee9902427afe3c5b44358bdd097c.jpg","001285_jpg.rf.d666ee9902427afe3c5b44358bdd097c.txt","train"
"train","001492_jpg.rf.f9a8e311449946941f97812eada015ff.jpg","001492_jpg.rf.f9a8e311449946941f97812eada015ff.txt","train"
"train","road446_png.rf.596ffd3d6b9d47b2f7f350462d96428f.jpg","road446_png.rf.596ffd3d6b9d47b2f7f350462d96428f.txt","test"
"train","00000_00001_00004_png.rf.0b6a760814092ea54ca7e6ad25e34883.jpg","00000_00001_00004_png.rf.0b6a760814092ea54ca7e6ad25e34883.txt","train"
"train","00001_00024_00015_png.rf.6710c4a75148b98fdd1a6cdb8356b6ac.jpg","00001_00024_00015_png.rf.6710c4a75148b98fdd1a6cdb8356b6ac.txt","valid"
"train","00004_00029_00021_png.rf.8ae0ec5f7120045683a0139594a2d149.jpg","00004_00029_00021_png.rf.8ae0ec5f7120045683a0139594a2d149.txt","train"
"train","00004_00043_00014_png.rf.9f222d0ed08ebd9285f7be23ceb95095.jpg","00004_00043_00014_png.rf.9f222d0ed08ebd9285f7be23ceb95095.txt","train"
"train","000022_jpg.rf.aec830c4ff6ad62411a0adf0e4d3c475.jpg","000022_jpg.rf.aec830c4ff6ad62411a0adf0e4d3c475.txt","train"
"train","001286_jpg.rf.8ad394676728c638595b469f02b2edd4.jpg","001286_jpg.rf.8ad394676728c638595b469f02b2edd4.txt","train"
"train","road617_png.rf.8a7f12530cf4365cd92a5a3027e6e98f.jpg","road617_png.rf.8a7f12530cf4365cd92a5a3027e6e98f.txt","train"
"train","00003_00036_00003_png.rf.667ef21ed5db93285f9a226442611e4a.jpg","00003_00036_00003_png.rf.667ef21ed5db93285f9a226442611e4a.txt","train"
"train","00001_00038_00027_png.rf.13a70abaeb4759698a44a2b88fb15b7f.jpg","00001_00038_00027_png.rf.13a70abaeb4759698a44a2b88fb15b7f.txt","train"
"train","00002_00000_00026_png.rf.64583c7a502ea3a7593e57f83caf7d69.jpg","00002_00000_00026_png.rf.64583c7a502ea3a7593e57f83caf7d69.txt","train"
"train","00003_00039_00018_png.rf.75b18c1cc0b68ef693d89bc73bd6936c.jpg","00003_00039_00018_png.rf.75b18c1cc0b68ef693d89bc73bd6936c.txt","train"
"train","00003_00040_00017_png.rf.d473cd6d4e2270909352ab7ccdbb4294.jpg","00003_00040_00017_png.rf.d473cd6d4e2270909352ab7ccdbb4294.txt","train"
"train","000662_jpg.rf.43ac2bdda5d9ac5c49995639eb0711b1.jpg","000662_jpg.rf.43ac2bdda5d9ac5c49995639eb0711b1.txt","train"
"train","000749_jpg.rf.6fd0565a892af00a89aaba2716efb53f.jpg","000749_jpg.rf.6fd0565a892af00a89aaba2716efb53f.txt","train"
"train","000762_jpg.rf.1e1f2b5e581ec27b63d38e23d9aa6987.jpg","000762_jpg.rf.1e1f2b5e581ec27b63d38e23d9aa6987.txt","test"
"train","001444_jpg.rf.572ee531e2abdf0f08ef3af0bc5cb03a.jpg","001444_jpg.rf.572ee531e2abdf0f08ef3af0bc5cb03a.txt","train"
"train","00008_00021_00010_png.rf.86d180af2a0cf15fa4aa32176a0fa429.jpg","00008_00021_00010_png.rf.86d180af2a0cf15fa4aa32176a0fa429.txt","train"
"train","road91_png.rf.3e2d2f8daa2ca5a22934bd8caa5dc995.jpg","road91_png.rf.3e2d2f8daa2ca5a22934bd8caa5dc995.txt","train"
"train","00004_00039_00028_png.rf.60e3dc46771d88eb2ab8ce0b7fafa4e5.jpg","00004_00039_00028_png.rf.60e3dc46771d88eb2ab8ce0b7fafa4e5.txt","test"
"train","00003_00034_00001_png.rf.d062da8afb0640a5069bca33abc48f8f.jpg","00003_00034_00001_png.rf.d062da8afb0640a5069bca33abc48f8f.txt","train"
"train","00002_00011_00027_png.rf.08fdca40a8113c4e8de78d3e19bd1fbd.jpg","00002_00011_00027_png.rf.08fdca40a8113c4e8de78d3e19bd1fbd.txt","train"
"train","00001_00032_00018_png.rf.52e293b1168cdf1489982267efd0c432.jpg","00001_00032_00018_png.rf.52e293b1168cdf1489982267efd0c432.txt","train"
"train","000623_jpg.rf.5983b768d95f2fc2a0da23b5e2f160b9.jpg","000623_jpg.rf.5983b768d95f2fc2a0da23b5e2f160b9.txt","train"
"train","00014_00006_00000_png.rf.68efe803b0fd153c1acb3a94069046ee.jpg","00014_00006_00000_png.rf.68efe803b0fd153c1acb3a94069046ee.txt","train"
"train","00008_00008_00008_png.rf.264f2e0c904af1180bd6560756cfd0cc.jpg","00008_00008_00008_png.rf.264f2e0c904af1180bd6560756cfd0cc.txt","train"
"train","001051_jpg.rf.d881c43136694b80b49059468699811c.jpg","001051_jpg.rf.d881c43136694b80b49059468699811c.txt","train"
"train","000037_jpg.rf.dc61f22c5fa8bf01605f6569c5b5e5cd.jpg","000037_jpg.rf.dc61f22c5fa8bf01605f6569c5b5e5cd.txt","train"
"train","00003_00034_00006_png.rf.cb648daf3cd2d24e8b88203033e77735.jpg","00003_00034_00006_png.rf.cb648daf3cd2d24e8b88203033e77735.txt","train"
"train","00003_00017_00005_png.rf.c0ca7fdb0df2d3f2dd65320821256cf5.jpg","00003_00017_00005_png.rf.c0ca7fdb0df2d3f2dd65320821256cf5.txt","valid"
"train","000415_jpg.rf.59413e67d5efa79326b82a783bda9a3b.jpg","000415_jpg.rf.59413e67d5efa79326b82a783bda9a3b.txt","train"
"train","road299_png.rf.4442620232ae8c5dad8702b768f0bfe1.jpg","road299_png.rf.4442620232ae8c5dad8702b768f0bfe1.txt","train"
"train","00014_00003_00021_png.rf.acac8bebf914718c299d02d219f2cf82.jpg","00014_00003_00021_png.rf.acac8bebf914718c299d02d219f2cf82.txt","train"
"train","road360_png.rf.e0495970a2a5e94a53535269d3f58a9d.jpg","road360_png.rf.e0495970a2a5e94a53535269d3f58a9d.txt","train"
"train","FisheyeCamera_1_00142_png.rf.715302e8e24fc2f23296b665187a4cda.jpg","FisheyeCamera_1_00142_png.rf.715302e8e24fc2f23296b665187a4cda.txt","train"
"train","road81_png.rf.b9fcc14ce93a1ee687ce90f944cca066.jpg","road81_png.rf.b9fcc14ce93a1ee687ce90f944cca066.txt","train"
"train","FisheyeCamera_1_00159_png.rf.62d7cd5efd478c9ded4f78319c56521f.jpg","FisheyeCamera_1_00159_png.rf.62d7cd5efd478c9ded4f78319c56521f.txt","train"
"train","00003_00027_00014_png.rf.dce83a1dacadb4be9ec813dfcdc698af.jpg","00003_00027_00014_png.rf.dce83a1dacadb4be9ec813dfcdc698af.txt","train"
"train","000975_jpg.rf.9f2f7e913d5d4291c2d8a71c30055615.jpg","000975_jpg.rf.9f2f7e913d5d4291c2d8a71c30055615.txt","train"
"train","road87_png.rf.083439c08eb1a031d605bbee52eb8c6e.jpg","road87_png.rf.083439c08eb1a031d605bbee52eb8c6e.txt","valid"
"train","001832_JPG_jpg.rf.704683ba6c0a1dd4453d95696aa651b7.jpg","001832_JPG_jpg.rf.704683ba6c0a1dd4453d95696aa651b7.txt","valid"
"train","000803_jpg.rf.a82c9e5cdeec4cd4f2c000e7ad19c553.jpg","000803_jpg.rf.a82c9e5cdeec4cd4f2c000e7ad19c553.txt","train"
"train","00002_00002_00007_png.rf.46877e4d07fe0d75b9b609a34b3d3b82.jpg","00002_00002_00007_png.rf.46877e4d07fe0d75b9b609a34b3d3b82.txt","train"
"train","00003_00046_00010_png.rf.c19131455ddb95d5e563892fba837271.jpg","00003_00046_00010_png.rf.c19131455ddb95d5e563892fba837271.txt","train"
"train","000777_jpg.rf.7a35f21ae4baafc9cb20bd6a45e05ce6.jpg","000777_jpg.rf.7a35f21ae4baafc9cb20bd6a45e05ce6.txt","train"
"train","000608_jpg.rf.87167f76337b136df96f7302b7bfdc25.jpg","000608_jpg.rf.87167f76337b136df96f7302b7bfdc25.txt","train"
"train","00001_00062_00009_png.rf.fdcafefa9fb2326db38cb9ce60e1b621.jpg","00001_00062_00009_png.rf.fdcafefa9fb2326db38cb9ce60e1b621.txt","train"
"train","000377_jpg.rf.f8a4b7779247b9cf59a7f889cca1a045.jpg","000377_jpg.rf.f8a4b7779247b9cf59a7f889cca1a045.txt","train"
"train","00002_00067_00002_png.rf.5b4878c3c32e95618a32bc5c699cc4bc.jpg","00002_00067_00002_png.rf.5b4878c3c32e95618a32bc5c699cc4bc.txt","train"
"train","00005_00021_00009_png.rf.c86287c538ad5b2d72866bca7d0146d2.jpg","00005_00021_00009_png.rf.c86287c538ad5b2d72866bca7d0146d2.txt","valid"
"train","00000_00005_00022_png.rf.c1ed368e06f831442129ce14e9fa2bbb.jpg","00000_00005_00022_png.rf.c1ed368e06f831442129ce14e9fa2bbb.txt","valid"
"train","00014_00001_00002_png.rf.543ec8b489ecec030f60154203d6cd18.jpg","00014_00001_00002_png.rf.543ec8b489ecec030f60154203d6cd18.txt","valid"
"train","FisheyeCamera_1_00123_png.rf.ca95c68cae5820f60854e183394eb838.jpg","FisheyeCamera_1_00123_png.rf.ca95c68cae5820f60854e183394eb838.txt","train"
"train","00014_00006_00027_png.rf.78059a4eba656c0c4fcd6168b0a82552.jpg","00014_00006_00027_png.rf.78059a4eba656c0c4fcd6168b0a82552.txt","train"
"train","road646_png.rf.6ed3e6ea02ac0152e7a559e92c756068.jpg","road646_png.rf.6ed3e6ea02ac0152e7a559e92c756068.txt","valid"
"train","001615_JPG_jpg.rf.150b0bac1a5d3be1fe18848372518913.jpg","001615_JPG_jpg.rf.150b0bac1a5d3be1fe18848372518913.txt","train"
"train","00001_00067_00010_png.rf.787eaedabe440632d6d1e585fbbda327.jpg","00001_00067_00010_png.rf.787eaedabe440632d6d1e585fbbda327.txt","valid"
"train","001500_jpg.rf.34cca26d0aa09729cba92e407c8210db.jpg","001500_jpg.rf.34cca26d0aa09729cba92e407c8210db.txt","train"
"train","001069_jpg.rf.cee095572a8f3f0932dc483c58331fc6.jpg","001069_jpg.rf.cee095572a8f3f0932dc483c58331fc6.txt","train"
"train","FisheyeCamera_1_00024_png.rf.5ee830c7bac185c7eafb5d304deffef2.jpg","FisheyeCamera_1_00024_png.rf.5ee830c7bac185c7eafb5d304deffef2.txt","valid"
"train","000664_jpg.rf.6e5c452cf5a9656c4c09e636fbebab42.jpg","000664_jpg.rf.6e5c452cf5a9656c4c09e636fbebab42.txt","test"
"train","00003_00045_00025_png.rf.147d6ab96467905b9b99cfba9074df57.jpg","00003_00045_00025_png.rf.147d6ab96467905b9b99cfba9074df57.txt","train"
"train","road242_png.rf.15a18faed6b0d2a88d97c9fdf516158a.jpg","road242_png.rf.15a18faed6b0d2a88d97c9fdf516158a.txt","train"
"train","00000_00002_00008_png.rf.a37f78883b8d4aaeed005b7e0c5834e7.jpg","00000_00002_00008_png.rf.a37f78883b8d4aaeed005b7e0c5834e7.txt","train"
"train","FisheyeCamera_1_00339_png.rf.4916e2a7350f7cc03364f403b576bfc3.jpg","FisheyeCamera_1_00339_png.rf.4916e2a7350f7cc03364f403b576bfc3.txt","train"
"train","00014_00003_00020_png.rf.39c18c63a6aafb14875f4910e0fcddd5.jpg","00014_00003_00020_png.rf.39c18c63a6aafb14875f4910e0fcddd5.txt","train"
"train","001016_jpg.rf.2b15025269293a12c270e28605dd1572.jpg","001016_jpg.rf.2b15025269293a12c270e28605dd1572.txt","train"
"train","00007_00042_00007_png.rf.4211229c52b4b0b03ab97fc24b367b44.jpg","00007_00042_00007_png.rf.4211229c52b4b0b03ab97fc24b367b44.txt","train"
"train","road560_png.rf.b4b10c526b3abea1084752b05818a513.jpg","road560_png.rf.b4b10c526b3abea1084752b05818a513.txt","train"
"train","000785_jpg.rf.0eced9823cb545f98bb940436cb4c6ac.jpg","000785_jpg.rf.0eced9823cb545f98bb940436cb4c6ac.txt","train"
"train","FisheyeCamera_1_00042_png.rf.29d0f0a8b1a8dc6b2ca18f2b2a8db3db.jpg","FisheyeCamera_1_00042_png.rf.29d0f0a8b1a8dc6b2ca18f2b2a8db3db.txt","train"
"train","00004_00030_00008_png.rf.f75d963fd6419c226bea942fbff1d175.jpg","00004_00030_00008_png.rf.f75d963fd6419c226bea942fbff1d175.txt","train"
"train","00001_00061_00018_png.rf.d3796229438936ae4d541c3fb95d0895.jpg","00001_00061_00018_png.rf.d3796229438936ae4d541c3fb95d0895.txt","train"
"train","00005_00029_00009_png.rf.75d97017cbf66dce724b3d03cdcfc367.jpg","00005_00029_00009_png.rf.75d97017cbf66dce724b3d03cdcfc367.txt","valid"
"train","001995_jpg.rf.dbf7d9e415a1d8ad9bf08f0a74b605bb.jpg","001995_jpg.rf.dbf7d9e415a1d8ad9bf08f0a74b605bb.txt","train"
"train","FisheyeCamera_1_00627_png.rf.337326f2b890a1e3cc315175381d4bc0.jpg","FisheyeCamera_1_00627_png.rf.337326f2b890a1e3cc315175381d4bc0.txt","valid"
"train","001214_jpg.rf.c4eb86cda75d758ceeda8205ae7de562.jpg","001214_jpg.rf.c4eb86cda75d758ceeda8205ae7de562.txt","test"
"train","FisheyeCamera_1_00364_png.rf.575f49f0c8996e26241709255b8626c1.jpg","FisheyeCamera_1_00364_png.rf.575f49f0c8996e26241709255b8626c1.txt","train"
"train","FisheyeCamera_1_00175_png.rf.9e64fc67b1e2a778ff2e2ff895978d6f.jpg","FisheyeCamera_1_00175_png.rf.9e64fc67b1e2a778ff2e2ff895978d6f.txt","train"
"train","00008_00001_00018_png.rf.1cb002e227e41483f8473d4b76b7b35a.jpg","00008_00001_00018_png.rf.1cb002e227e41483f8473d4b76b7b35a.txt","train"
"train","00014_00011_00025_png.rf.11d6b71d641af295542d1d14092700b5.jpg","00014_00011_00025_png.rf.11d6b71d641af295542d1d14092700b5.txt","train"
"train","001073_jpg.rf.0aef083171b918630193c9908e44f928.jpg","001073_jpg.rf.0aef083171b918630193c9908e44f928.txt","train"
"train","00002_00015_00028_png.rf.5be660a0c828c90599599d1721a053e8.jpg","00002_00015_00028_png.rf.5be660a0c828c90599599d1721a053e8.txt","train"
"train","road372_png.rf.c9c91036a8fc331169306373a29bd1c9.jpg","road372_png.rf.c9c91036a8fc331169306373a29bd1c9.txt","valid"
"train","001642_JPG_jpg.rf.1c826fbb7e43c7d35499c6fd07820543.jpg","001642_JPG_jpg.rf.1c826fbb7e43c7d35499c6fd07820543.txt","test"
"train","00001_00017_00007_png.rf.017bc91c2dbe7b585da868cffba38d55.jpg","00001_00017_00007_png.rf.017bc91c2dbe7b585da868cffba38d55.txt","train"
"train","000795_jpg.rf.c1715ac44a9d709dbc6e1e3a5a297ce9.jpg","000795_jpg.rf.c1715ac44a9d709dbc6e1e3a5a297ce9.txt","train"
"train","000639_jpg.rf.982762a404d95b572215011f508156c9.jpg","000639_jpg.rf.982762a404d95b572215011f508156c9.txt","train"
"train","000626_jpg.rf.ee7e8f776008ce73d0b60b7293472d94.jpg","000626_jpg.rf.ee7e8f776008ce73d0b60b7293472d94.txt","test"
"train","001033_jpg.rf.e16c84da04523674bd24d890d5426439.jpg","001033_jpg.rf.e16c84da04523674bd24d890d5426439.txt","train"
"train","001264_jpg.rf.2af83e6a8de589ff736b8eb4b3092080.jpg","001264_jpg.rf.2af83e6a8de589ff736b8eb4b3092080.txt","train"
"train","000448_jpg.rf.3c7b48989097b2dd543e85cc8ad10fb8.jpg","000448_jpg.rf.3c7b48989097b2dd543e85cc8ad10fb8.txt","train"
"train","00014_00002_00011_png.rf.647928a0b399d4d8ae6d02857a9a0774.jpg","00014_00002_00011_png.rf.647928a0b399d4d8ae6d02857a9a0774.txt","train"
"train","001227_jpg.rf.0432aa8824393dc09eaaa4eb09ed90a8.jpg","001227_jpg.rf.0432aa8824393dc09eaaa4eb09ed90a8.txt","train"
"train","road536_png.rf.ba1b520aa8476834e759d48d059a7f11.jpg","road536_png.rf.ba1b520aa8476834e759d48d059a7f11.txt","train"
"train","road675_png.rf.55bb10e4322d77adc1888dfa017b9a00.jpg","road675_png.rf.55bb10e4322d77adc1888dfa017b9a00.txt","train"
"train","000127_jpg.rf.e29c01b2eeb95675fdad78f034f40938.jpg","000127_jpg.rf.e29c01b2eeb95675fdad78f034f40938.txt","train"
"train","FisheyeCamera_1_00509_png.rf.286b2d01d086a3903424ad2853c4ffdf.jpg","FisheyeCamera_1_00509_png.rf.286b2d01d086a3903424ad2853c4ffdf.txt","test"
"train","000782_jpg.rf.2093303224a00cc842764a70097b33b3.jpg","000782_jpg.rf.2093303224a00cc842764a70097b33b3.txt","train"
"train","000894_JPG_jpg.rf.1e010b3f7318df886392fb1c98e345d8.jpg","000894_JPG_jpg.rf.1e010b3f7318df886392fb1c98e345d8.txt","train"
"train","001081_jpg.rf.bb10a1547ae440ce7a1b9558aaea9579.jpg","001081_jpg.rf.bb10a1547ae440ce7a1b9558aaea9579.txt","train"
"train","001949_jpg.rf.9f1a18fae9217b9697c36f4b2a7acc23.jpg","001949_jpg.rf.9f1a18fae9217b9697c36f4b2a7acc23.txt","train"
"train","00000_00006_00005_png.rf.96a5419340be85369cd62cb5f6c6c5b2.jpg","00000_00006_00005_png.rf.96a5419340be85369cd62cb5f6c6c5b2.txt","train"
"train","00007_00002_00029_png.rf.4e4ac55cce0a7ae26807d11224f1fd3f.jpg","00007_00002_00029_png.rf.4e4ac55cce0a7ae26807d11224f1fd3f.txt","train"
"train","00002_00015_00019_png.rf.5814b6e3ab109cb0e1a60a3174639a8c.jpg","00002_00015_00019_png.rf.5814b6e3ab109cb0e1a60a3174639a8c.txt","train"
"train","road375_png.rf.a9fda53956deec167cfdc92888947047.jpg","road375_png.rf.a9fda53956deec167cfdc92888947047.txt","train"
"train","00004_00006_00025_png.rf.921906e807c95aa46afc6d8de371cf87.jpg","00004_00006_00025_png.rf.921906e807c95aa46afc6d8de371cf87.txt","train"
"train","00014_00005_00018_png.rf.9463b60852f5911a17a90ab7eaa2cc14.jpg","00014_00005_00018_png.rf.9463b60852f5911a17a90ab7eaa2cc14.txt","train"
"train","FisheyeCamera_1_00347_png.rf.98bf58a9b5a876c97b0c71b1c3ce471b.jpg","FisheyeCamera_1_00347_png.rf.98bf58a9b5a876c97b0c71b1c3ce471b.txt","train"
"train","001412_jpg.rf.3d412414a5e1db5f15099f07f4633a97.jpg","001412_jpg.rf.3d412414a5e1db5f15099f07f4633a97.txt","train"
"train","001638_JPG_jpg.rf.f9a11833e98a3664c7a1986872e196bc.jpg","001638_JPG_jpg.rf.f9a11833e98a3664c7a1986872e196bc.txt","valid"
"train","000632_jpg.rf.fb6345f7dade38e3be3c4b907d1c50f2.jpg","000632_jpg.rf.fb6345f7dade38e3be3c4b907d1c50f2.txt","train"
"train","00001_00023_00025_png.rf.fe7c8edc315cd0c53f6bcfd8dddddddf.jpg","00001_00023_00025_png.rf.fe7c8edc315cd0c53f6bcfd8dddddddf.txt","valid"
"train","000987_jpg.rf.f4314e85fa0343ff3932dd8682475a3a.jpg","000987_jpg.rf.f4314e85fa0343ff3932dd8682475a3a.txt","train"
"train","001204_jpg.rf.5a4f31461b4ce35712688ea157b74249.jpg","001204_jpg.rf.5a4f31461b4ce35712688ea157b74249.txt","train"
"train","001091_jpg.rf.5ed9cf8c6cfd06df7f8a746de42e62d3.jpg","001091_jpg.rf.5ed9cf8c6cfd06df7f8a746de42e62d3.txt","train"
"train","000133_jpg.rf.5c9ae01529db9ced7675cefa43236fb1.jpg","000133_jpg.rf.5c9ae01529db9ced7675cefa43236fb1.txt","train"
"train","road549_png.rf.880f9fde7fa5f24ce10e163abae93110.jpg","road549_png.rf.880f9fde7fa5f24ce10e163abae93110.txt","train"
"train","000855_JPG_jpg.rf.08fd611e128c397d010713c7d8e8f955.jpg","000855_JPG_jpg.rf.08fd611e128c397d010713c7d8e8f955.txt","train"
"train","000226_jpg.rf.15008d11e1d4b3ff10441172ca3db9b2.jpg","000226_jpg.rf.15008d11e1d4b3ff10441172ca3db9b2.txt","train"
"train","00004_00038_00017_png.rf.8d1007b564cd3976a87f0fee4cc24da6.jpg","00004_00038_00017_png.rf.8d1007b564cd3976a87f0fee4cc24da6.txt","train"
"train","001611_JPG_jpg.rf.8d6985359bcb38e33c4a8e1b71d8e01d.jpg","001611_JPG_jpg.rf.8d6985359bcb38e33c4a8e1b71d8e01d.txt","train"
"train","road635_png.rf.9f583fad7a8d11844a8c288a505a7363.jpg","road635_png.rf.9f583fad7a8d11844a8c288a505a7363.txt","train"
"train","00014_00005_00008_png.rf.3bcbc608f10e68dd2d61df35add776bb.jpg","00014_00005_00008_png.rf.3bcbc608f10e68dd2d61df35add776bb.txt","train"
"train","00005_00018_00019_png.rf.f499942034c23e0bcff86130c4bc828f.jpg","00005_00018_00019_png.rf.f499942034c23e0bcff86130c4bc828f.txt","train"
"train","00000_00001_00028_png.rf.ca6da9ec6ef50e186326dbe1ac90e054.jpg","00000_00001_00028_png.rf.ca6da9ec6ef50e186326dbe1ac90e054.txt","train"
"train","road698_png.rf.a4b9247c4f70d35bbb8bc939885af56c.jpg","road698_png.rf.a4b9247c4f70d35bbb8bc939885af56c.txt","train"
"train","00000_00002_00002_png.rf.9d8f84fd83a625e77e6a606a2d459c20.jpg","00000_00002_00002_png.rf.9d8f84fd83a625e77e6a606a2d459c20.txt","train"
"train","001030_jpg.rf.f6a67af7f89fefd99cb7ab3f7d2d7104.jpg","001030_jpg.rf.f6a67af7f89fefd99cb7ab3f7d2d7104.txt","train"
"train","000413_jpg.rf.f19819af777022099058164992bfb94d.jpg","000413_jpg.rf.f19819af777022099058164992bfb94d.txt","valid"
"train","000412_jpg.rf.128185ffe19c79d98c2bce0c9150327e.jpg","000412_jpg.rf.128185ffe19c79d98c2bce0c9150327e.txt","test"
"train","road861_png.rf.09f61badceae453e5de4e91869c85d02.jpg","road861_png.rf.09f61badceae453e5de4e91869c85d02.txt","train"
"train","00007_00026_00016_png.rf.b03bc55bbc1911aa9f09df48761f854c.jpg","00007_00026_00016_png.rf.b03bc55bbc1911aa9f09df48761f854c.txt","train"
"train","001613_JPG_jpg.rf.47b7ea9bd2bd483b5319ba25c44eae13.jpg","001613_JPG_jpg.rf.47b7ea9bd2bd483b5319ba25c44eae13.txt","train"
"train","00004_00034_00015_png.rf.8e946ad222db35c9d99af013f7e047ea.jpg","00004_00034_00015_png.rf.8e946ad222db35c9d99af013f7e047ea.txt","train"
"train","road361_png.rf.4bbcb4a8ab1f50122e88b4e92a81cc10.jpg","road361_png.rf.4bbcb4a8ab1f50122e88b4e92a81cc10.txt","train"
"train","00003_00046_00027_png.rf.ccd05f21aeeb79d5b2e5c4a9e9d9e1dc.jpg","00003_00046_00027_png.rf.ccd05f21aeeb79d5b2e5c4a9e9d9e1dc.txt","train"
"train","000433_jpg.rf.3ccfdbb6b13bdd9107e2a0ab2718a64b.jpg","000433_jpg.rf.3ccfdbb6b13bdd9107e2a0ab2718a64b.txt","train"
"train","001042_jpg.rf.1825e03046adb8f665c52c05889c647b.jpg","001042_jpg.rf.1825e03046adb8f665c52c05889c647b.txt","train"
"train","00008_00011_00019_png.rf.5c1a73081b6fc4a646cbae33f9cf1176.jpg","00008_00011_00019_png.rf.5c1a73081b6fc4a646cbae33f9cf1176.txt","train"
"train","road160_png.rf.8f66fa79371f0804ebeb0b78db9c4fc3.jpg","road160_png.rf.8f66fa79371f0804ebeb0b78db9c4fc3.txt","train"
"train","00007_00000_00022_png.rf.6d99010631ce4eec13a25a4adcbde64c.jpg","00007_00000_00022_png.rf.6d99010631ce4eec13a25a4adcbde64c.txt","train"
"train","00001_00030_00017_png.rf.7892fb749bb9c529bff3cdaeee6f2d97.jpg","00001_00030_00017_png.rf.7892fb749bb9c529bff3cdaeee6f2d97.txt","train"
"train","road719_png.rf.f56ab08c62c5f7e23dadd5aa7c9e833c.jpg","road719_png.rf.f56ab08c62c5f7e23dadd5aa7c9e833c.txt","train"
"train","000732_jpg.rf.75d232ac5089635892505f4688d55a4b.jpg","000732_jpg.rf.75d232ac5089635892505f4688d55a4b.txt","train"
"train","000693_jpg.rf.d92d29a836c6506c1ffaf9d18e7b5346.jpg","000693_jpg.rf.d92d29a836c6506c1ffaf9d18e7b5346.txt","train"
"train","00008_00015_00024_png.rf.2617bc9a9d9389f77129770c0ae75733.jpg","00008_00015_00024_png.rf.2617bc9a9d9389f77129770c0ae75733.txt","train"
"train","road8_png.rf.6a917d7e4842298f7fe75afa5a4a5cd4.jpg","road8_png.rf.6a917d7e4842298f7fe75afa5a4a5cd4.txt","valid"
"train","FisheyeCamera_1_00316_png.rf.f673c4f35da3d3266b3b077b6cac48bf.jpg","FisheyeCamera_1_00316_png.rf.f673c4f35da3d3266b3b077b6cac48bf.txt","train"
"train","000453_png_jpg.rf.b500e5dce5e6f9a520e53cdfa9434ff2.jpg","000453_png_jpg.rf.b500e5dce5e6f9a520e53cdfa9434ff2.txt","train"
"train","000779_jpg.rf.f04b5c692a36d5fff4fe801405f8fc49.jpg","000779_jpg.rf.f04b5c692a36d5fff4fe801405f8fc49.txt","train"
"train","00003_00038_00027_png.rf.f876d1c22b38800cb42e2bda7df1da2f.jpg","00003_00038_00027_png.rf.f876d1c22b38800cb42e2bda7df1da2f.txt","train"
"train","001683_JPG_jpg.rf.395f2f0f179694af40b6ef61f51e8b81.jpg","001683_JPG_jpg.rf.395f2f0f179694af40b6ef61f51e8b81.txt","train"
"train","000486_jpg.rf.e7e998f103268c4c457d701dc39d6391.jpg","000486_jpg.rf.e7e998f103268c4c457d701dc39d6391.txt","train"
"train","road191_png.rf.fb00edb1c5332fe897a22e2bc6fb76db.jpg","road191_png.rf.fb00edb1c5332fe897a22e2bc6fb76db.txt","valid"
"train","00003_00004_00009_png.rf.069238a909938912c9688925c060fad2.jpg","00003_00004_00009_png.rf.069238a909938912c9688925c060fad2.txt","train"
"train","00002_00027_00011_png.rf.34c4e866da8fc3484961c0761973704b.jpg","00002_00027_00011_png.rf.34c4e866da8fc3484961c0761973704b.txt","train"
"train","000311_jpg.rf.8ec0d7209ba1b1ca74b45b886ad6d70e.jpg","000311_jpg.rf.8ec0d7209ba1b1ca74b45b886ad6d70e.txt","valid"
"train","road728_png.rf.058b26795826656674dc45ad77812769.jpg","road728_png.rf.058b26795826656674dc45ad77812769.txt","train"
"train","00910eaa-bfb5-42d1-acf0-2cb87b877f8d_jpg.rf.b95d0a5eb45ee01aca51b2dc361d2e0e.jpg","00910eaa-bfb5-42d1-acf0-2cb87b877f8d_jpg.rf.b95d0a5eb45ee01aca51b2dc361d2e0e.txt","train"
"train","road791_png.rf.2209ed1a0150915977f1b1a5d743e752.jpg","road791_png.rf.2209ed1a0150915977f1b1a5d743e752.txt","train"
"train","000279_jpg.rf.5c212c2d7e0fd5d1f2e3f3b6bf78ca2c.jpg","000279_jpg.rf.5c212c2d7e0fd5d1f2e3f3b6bf78ca2c.txt","train"
"train","000230_jpg.rf.24bc40187d03157422838c3ee5dcfc40.jpg","000230_jpg.rf.24bc40187d03157422838c3ee5dcfc40.txt","train"
"train","00000_00003_00024_png.rf.150f13e7f92b796160da20d29e01275b.jpg","00000_00003_00024_png.rf.150f13e7f92b796160da20d29e01275b.txt","train"
"train","00014_00007_00012_png.rf.beecac770578ba88fa9c9e246622372f.jpg","00014_00007_00012_png.rf.beecac770578ba88fa9c9e246622372f.txt","train"
"train","00002_00004_00027_png.rf.e36f3e4e0dfca72ea957da9eb9a6bfe8.jpg","00002_00004_00027_png.rf.e36f3e4e0dfca72ea957da9eb9a6bfe8.txt","train"
"train","00002_00025_00026_png.rf.5ae74e0a471bd43c5ca3fa12d52d68b1.jpg","00002_00025_00026_png.rf.5ae74e0a471bd43c5ca3fa12d52d68b1.txt","train"
"train","000819_jpg.rf.4de686a20baf4512cf4d72f65a4795fe.jpg","000819_jpg.rf.4de686a20baf4512cf4d72f65a4795fe.txt","train"
"train","000228_jpg.rf.657609f6c4e81fac5f317fb3eb2465e1.jpg","000228_jpg.rf.657609f6c4e81fac5f317fb3eb2465e1.txt","train"
"train","000702_jpg.rf.c373c8877f09e7dd93d4d3413eaa892a.jpg","000702_jpg.rf.c373c8877f09e7dd93d4d3413eaa892a.txt","train"
"train","8012d134-e1e7-429d-834c-489482813e65_jpg.rf.6b6fd622691cfd1ac3bd9ee55dd13034.jpg","8012d134-e1e7-429d-834c-489482813e65_jpg.rf.6b6fd622691cfd1ac3bd9ee55dd13034.txt","train"
"train","FisheyeCamera_1_00101_png.rf.2dcbdd0dc7718e3acc84b39614e0dce7.jpg","FisheyeCamera_1_00101_png.rf.2dcbdd0dc7718e3acc84b39614e0dce7.txt","train"
"train","00014_00010_00002_png.rf.20d93a4b400376d30f22ec9db58c863f.jpg","00014_00010_00002_png.rf.20d93a4b400376d30f22ec9db58c863f.txt","train"
"train","FisheyeCamera_1_00802_png.rf.3209b12474e547c60a0fb6361348e3ce.jpg","FisheyeCamera_1_00802_png.rf.3209b12474e547c60a0fb6361348e3ce.txt","train"
"train","00008_00003_00015_png.rf.a7dd6abf481f4653eff5499f61a91a39.jpg","00008_00003_00015_png.rf.a7dd6abf481f4653eff5499f61a91a39.txt","train"
"train","road688_png.rf.706dae9869940c94f503a2fa09239d12.jpg","road688_png.rf.706dae9869940c94f503a2fa09239d12.txt","train"
"train","001273_jpg.rf.65640f2e2d4215afbc28211ee9db54ad.jpg","001273_jpg.rf.65640f2e2d4215afbc28211ee9db54ad.txt","train"
"train","000089_jpg.rf.bc1dec919dd63779e8ace8f3a36fd4b4.jpg","000089_jpg.rf.bc1dec919dd63779e8ace8f3a36fd4b4.txt","train"
"train","00002_00067_00003_png.rf.4a30847276f6baa91efefa32e172c0e6.jpg","00002_00067_00003_png.rf.4a30847276f6baa91efefa32e172c0e6.txt","train"
"train","00008_00043_00018_png.rf.62047d53617d29fea304a56f558387d3.jpg","00008_00043_00018_png.rf.62047d53617d29fea304a56f558387d3.txt","test"
"train","FisheyeCamera_1_00231_png.rf.5baa90b4c8e7c522940297d7b7e94c66.jpg","FisheyeCamera_1_00231_png.rf.5baa90b4c8e7c522940297d7b7e94c66.txt","train"
"train","road19_png.rf.c071ce3707598fc632b9bc5441d8e3fe.jpg","road19_png.rf.c071ce3707598fc632b9bc5441d8e3fe.txt","test"
"train","000616_jpg.rf.67b6eb4ee958a99d1098892d128e4613.jpg","000616_jpg.rf.67b6eb4ee958a99d1098892d128e4613.txt","train"
"train","000215_jpg.rf.6a9d40ee6e7bf01b07037071013d4cd1.jpg","000215_jpg.rf.6a9d40ee6e7bf01b07037071013d4cd1.txt","train"
"train","001008_png_jpg.rf.3cc435da945e1866552d2dbe3c1dcee4.jpg","001008_png_jpg.rf.3cc435da945e1866552d2dbe3c1dcee4.txt","train"
"train","00007_00023_00016_png.rf.edce662b94865d85fdfb31ce7d4f7818.jpg","00007_00023_00016_png.rf.edce662b94865d85fdfb31ce7d4f7818.txt","train"
"train","FisheyeCamera_1_00012_png.rf.0a95e19846d7c5e68555b89b89af10f6.jpg","FisheyeCamera_1_00012_png.rf.0a95e19846d7c5e68555b89b89af10f6.txt","test"
"train","00008_00005_00016_png.rf.b38289c8780a173e34d88b645919ea9d.jpg","00008_00005_00016_png.rf.b38289c8780a173e34d88b645919ea9d.txt","valid"
"train","road415_png.rf.703eee6d69c0cb3bb632c122956a67a2.jpg","road415_png.rf.703eee6d69c0cb3bb632c122956a67a2.txt","train"
"train","00008_00006_00019_png.rf.800d94561ef3e31ed9906284a9a19258.jpg","00008_00006_00019_png.rf.800d94561ef3e31ed9906284a9a19258.txt","valid"
"train","00007_00006_00009_png.rf.30f9f1c3d9d191dc69f39c66e960a499.jpg","00007_00006_00009_png.rf.30f9f1c3d9d191dc69f39c66e960a499.txt","train"
"train","000057_jpg.rf.672b1f759f28af76c274abf001f61dc6.jpg","000057_jpg.rf.672b1f759f28af76c274abf001f61dc6.txt","train"
"train","road841_png.rf.8188ed7ffba006b7cb07cd14b95071b7.jpg","road841_png.rf.8188ed7ffba006b7cb07cd14b95071b7.txt","test"
"train","00008_00045_00015_png.rf.296dd4dee8929f186b71f284dbb723e1.jpg","00008_00045_00015_png.rf.296dd4dee8929f186b71f284dbb723e1.txt","train"
"train","001850_jpg.rf.871caed336d49c421fe7d88823c491d5.jpg","001850_jpg.rf.871caed336d49c421fe7d88823c491d5.txt","train"
"train","road15_png.rf.0c7f46f5a6a34f6d27356bc8630bfd3d.jpg","road15_png.rf.0c7f46f5a6a34f6d27356bc8630bfd3d.txt","train"
"train","19bafd1c-1c51-4c01-adb1-efae9a9a3acc_jpg.rf.61d5b94e84627bff1b55fccd012654d0.jpg","19bafd1c-1c51-4c01-adb1-efae9a9a3acc_jpg.rf.61d5b94e84627bff1b55fccd012654d0.txt","train"
"train","000156_jpg.rf.96d6876bff13f5dde3106c6368ef8b5e.jpg","000156_jpg.rf.96d6876bff13f5dde3106c6368ef8b5e.txt","train"
"train","001432_jpg.rf.0c6dc61fa64c820befe3ea5453b9e401.jpg","001432_jpg.rf.0c6dc61fa64c820befe3ea5453b9e401.txt","test"
"train","00002_00015_00018_png.rf.fe1fe99dbe28d2a3d728b7ec9d51f27c.jpg","00002_00015_00018_png.rf.fe1fe99dbe28d2a3d728b7ec9d51f27c.txt","train"
"train","road632_png.rf.bd59ed9808e40b6c26ea693f4060d253.jpg","road632_png.rf.bd59ed9808e40b6c26ea693f4060d253.txt","train"
"train","00014_00005_00005_png.rf.beef809c572690761f811650ad912dec.jpg","00014_00005_00005_png.rf.beef809c572690761f811650ad912dec.txt","train"
"train","001655_JPG_jpg.rf.7e90cfe2b90b0329d98cee1492b3adc6.jpg","001655_JPG_jpg.rf.7e90cfe2b90b0329d98cee1492b3adc6.txt","train"
"train","00005_00016_00001_png.rf.494486a573c92ebfc958e40198818719.jpg","00005_00016_00001_png.rf.494486a573c92ebfc958e40198818719.txt","test"
"train","00001_00039_00007_png.rf.f25df163585a7362b1ece1c11b37e764.jpg","00001_00039_00007_png.rf.f25df163585a7362b1ece1c11b37e764.txt","train"
"train","000297_jpg.rf.14ea96e09ded01fe3bf139f21de6f535.jpg","000297_jpg.rf.14ea96e09ded01fe3bf139f21de6f535.txt","valid"
"train","00014_00011_00011_png.rf.aa77fcc4a5a28f9da7aa72feb0df5212.jpg","00014_00011_00011_png.rf.aa77fcc4a5a28f9da7aa72feb0df5212.txt","train"
"train","FisheyeCamera_1_00372_png.rf.db7ca5177ee97b7a8e2156888cba26ee.jpg","FisheyeCamera_1_00372_png.rf.db7ca5177ee97b7a8e2156888cba26ee.txt","valid"
"train","000019_jpg.rf.433f05965d4c7abaa67b34789ad42314.jpg","000019_jpg.rf.433f05965d4c7abaa67b34789ad42314.txt","train"
"train","00003_00046_00015_png.rf.b3339335b059abf9b7f4b9731525394b.jpg","00003_00046_00015_png.rf.b3339335b059abf9b7f4b9731525394b.txt","valid"
"train","road556_png.rf.3e908225b064a2877196df1ba0a0135e.jpg","road556_png.rf.3e908225b064a2877196df1ba0a0135e.txt","train"
"train","001650_JPG_jpg.rf.0158aa0fc357c2d266a3afe1e0a0e1e0.jpg","001650_JPG_jpg.rf.0158aa0fc357c2d266a3afe1e0a0e1e0.txt","valid"
"train","000592_jpg.rf.6c0a01c0fbb3bfda29f83cd6672b898d.jpg","000592_jpg.rf.6c0a01c0fbb3bfda29f83cd6672b898d.txt","test"
"train","00003_00030_00020_png.rf.b10e5b420483f70dff2e9a3068947be7.jpg","00003_00030_00020_png.rf.b10e5b420483f70dff2e9a3068947be7.txt","train"
"train","00014_00009_00028_png.rf.184a5a0409c90d38ce56a0363edfff1d.jpg","00014_00009_00028_png.rf.184a5a0409c90d38ce56a0363edfff1d.txt","train"
"train","00003_00044_00014_png.rf.82e0dd2316e110549b76447f41c8976e.jpg","00003_00044_00014_png.rf.82e0dd2316e110549b76447f41c8976e.txt","train"
"train","000163_jpg.rf.ce790a833cd4329a1c06d9a4b18d9ca2.jpg","000163_jpg.rf.ce790a833cd4329a1c06d9a4b18d9ca2.txt","test"
"train","000788_jpg.rf.3bd7d86c68968bbf56fd0d31d38cb27f.jpg","000788_jpg.rf.3bd7d86c68968bbf56fd0d31d38cb27f.txt","train"
"train","000184_jpg.rf.b31e88fce31dca2e7a0d5ecd657a4c6c.jpg","000184_jpg.rf.b31e88fce31dca2e7a0d5ecd657a4c6c.txt","train"
"train","FisheyeCamera_1_00638_png.rf.5475ec000bad6bd3e704c9097f4deae2.jpg","FisheyeCamera_1_00638_png.rf.5475ec000bad6bd3e704c9097f4deae2.txt","train"
"train","000514_jpg.rf.c28c8675ab247b128944cba6ec9aa288.jpg","000514_jpg.rf.c28c8675ab247b128944cba6ec9aa288.txt","test"
"train","000005_jpg.rf.ff1553eaf070113a3eb161efea9a0bcf.jpg","000005_jpg.rf.ff1553eaf070113a3eb161efea9a0bcf.txt","train"
"train","001677_JPG_jpg.rf.d1cd25dc81c477e90858aa6b5d239d4a.jpg","001677_JPG_jpg.rf.d1cd25dc81c477e90858aa6b5d239d4a.txt","train"
"train","000933_JPG_jpg.rf.b3877da8fcaa99fd30c8dff6eecaec85.jpg","000933_JPG_jpg.rf.b3877da8fcaa99fd30c8dff6eecaec85.txt","train"
"train","00014_00004_00008_png.rf.a1aedbb8e333473ee8fd5876fe7a01da.jpg","00014_00004_00008_png.rf.a1aedbb8e333473ee8fd5876fe7a01da.txt","train"
"train","000707_jpg.rf.dc83c40861f9d68f7b0e133e4ee0d320.jpg","000707_jpg.rf.dc83c40861f9d68f7b0e133e4ee0d320.txt","valid"
"train","000882_jpg.rf.98dc6f3778ace005943b9dfb3f337a56.jpg","000882_jpg.rf.98dc6f3778ace005943b9dfb3f337a56.txt","train"
"train","00007_00040_00024_png.rf.b3da1df74c0c4bfc0ad4049cf51f736e.jpg","00007_00040_00024_png.rf.b3da1df74c0c4bfc0ad4049cf51f736e.txt","train"
"train","FisheyeCamera_1_00158_png.rf.3a38c1b7cc32672e752a06ba049f2721.jpg","FisheyeCamera_1_00158_png.rf.3a38c1b7cc32672e752a06ba049f2721.txt","train"
"train","001044_jpg.rf.9949c2a914658ea00464d4eafafd31c0.jpg","001044_jpg.rf.9949c2a914658ea00464d4eafafd31c0.txt","train"
"train","000096_jpg.rf.371cffb2ead85f2352ec88f31c257868.jpg","000096_jpg.rf.371cffb2ead85f2352ec88f31c257868.txt","train"
"train","001658_JPG_jpg.rf.f792b4a9a3df3ad86bb63ee705bb664a.jpg","001658_JPG_jpg.rf.f792b4a9a3df3ad86bb63ee705bb664a.txt","valid"
"train","000462_jpg.rf.072b4196215580853c42d3b2cae89730.jpg","000462_jpg.rf.072b4196215580853c42d3b2cae89730.txt","train"
"train","00001_00004_00000_png.rf.7a64c933b43d78ee14bcb5375f22e284.jpg","00001_00004_00000_png.rf.7a64c933b43d78ee14bcb5375f22e284.txt","train"
"train","00003_00046_00025_png.rf.231e12a671d85aa8c1b057236046450e.jpg","00003_00046_00025_png.rf.231e12a671d85aa8c1b057236046450e.txt","train"
"train","road659_png.rf.7a55b6271819a05e3edbe53549d20f39.jpg","road659_png.rf.7a55b6271819a05e3edbe53549d20f39.txt","train"
"train","00001_00035_00010_png.rf.e2a380fcbf21813a54f3f8838c2af4f9.jpg","00001_00035_00010_png.rf.e2a380fcbf21813a54f3f8838c2af4f9.txt","train"
"train","00002_00025_00027_png.rf.04a131803f65db4f6858297f954597cd.jpg","00002_00025_00027_png.rf.04a131803f65db4f6858297f954597cd.txt","train"
"train","000859_jpg.rf.5fa8d6d4d63eafbc9778994c7fe2d0c1.jpg","000859_jpg.rf.5fa8d6d4d63eafbc9778994c7fe2d0c1.txt","train"
"train","000723_jpg.rf.142fda8250b70691f3b93c1e6ed771c7.jpg","000723_jpg.rf.142fda8250b70691f3b93c1e6ed771c7.txt","train"
"train","00002_00031_00029_png.rf.533aa37256be7c8d29a20fa70b556e12.jpg","00002_00031_00029_png.rf.533aa37256be7c8d29a20fa70b556e12.txt","train"
"train","001614_JPG_jpg.rf.96008211523b74d93046434ad3f0a176.jpg","001614_JPG_jpg.rf.96008211523b74d93046434ad3f0a176.txt","valid"
"train","FisheyeCamera_1_00616_png.rf.e899156cfcc9c24338b21cab1a47beea.jpg","FisheyeCamera_1_00616_png.rf.e899156cfcc9c24338b21cab1a47beea.txt","train"
"train","000431_jpg.rf.44e2355af5e8e0f17f8097385ff34257.jpg","000431_jpg.rf.44e2355af5e8e0f17f8097385ff34257.txt","train"
"train","00000_00000_00013_png.rf.cc8ee3f07dcad0d2f383d14edb68a086.jpg","00000_00000_00013_png.rf.cc8ee3f07dcad0d2f383d14edb68a086.txt","train"
"train","00004_00034_00005_png.rf.f6d90af648a3e38ec32ea840483cb8a4.jpg","00004_00034_00005_png.rf.f6d90af648a3e38ec32ea840483cb8a4.txt","train"
"train","000455_jpg.rf.141fd9393101ec0a5e3e0f65558bbd74.jpg","000455_jpg.rf.141fd9393101ec0a5e3e0f65558bbd74.txt","train"
"train","000158_jpg.rf.3fe4b068ce4a10799533efbc9a8585c5.jpg","000158_jpg.rf.3fe4b068ce4a10799533efbc9a8585c5.txt","valid"
"train","00000_00001_00029_png.rf.8112dae02d471906377f12d04473180e.jpg","00000_00001_00029_png.rf.8112dae02d471906377f12d04473180e.txt","train"
"train","001258_jpg.rf.fe9d5f67ebb728bc7abcb7c00caa4f71.jpg","001258_jpg.rf.fe9d5f67ebb728bc7abcb7c00caa4f71.txt","train"
"train","000126_jpg.rf.c3e53236154dc66455f4b0c034a085a0.jpg","000126_jpg.rf.c3e53236154dc66455f4b0c034a085a0.txt","train"
"train","098904b8-c355-46e6-b644-52387480db96_jpg.rf.bef3f20940195305066b43f6147ec59f.jpg","098904b8-c355-46e6-b644-52387480db96_jpg.rf.bef3f20940195305066b43f6147ec59f.txt","test"
"train","road471_png.rf.f34a38f3aa4c01b50eae27b7ddb57edf.jpg","road471_png.rf.f34a38f3aa4c01b50eae27b7ddb57edf.txt","train"
"train","00004_00044_00019_png.rf.6a0a406c7abb9e21821c6fb7c5f96722.jpg","00004_00044_00019_png.rf.6a0a406c7abb9e21821c6fb7c5f96722.txt","train"
"train","000941_JPG_jpg.rf.5dd6877ab0d1b6d113f32a76b6fe3a71.jpg","000941_JPG_jpg.rf.5dd6877ab0d1b6d113f32a76b6fe3a71.txt","test"
"train","000509_jpg.rf.286692671531f1dbb1113960eecbe5af.jpg","000509_jpg.rf.286692671531f1dbb1113960eecbe5af.txt","train"
"train","road744_png.rf.fd63c769769129ba09f4a63f836bc56d.jpg","road744_png.rf.fd63c769769129ba09f4a63f836bc56d.txt","train"
"train","FisheyeCamera_1_00071_png.rf.0156d21540a9a305ca4c81ff9a43ebf4.jpg","FisheyeCamera_1_00071_png.rf.0156d21540a9a305ca4c81ff9a43ebf4.txt","valid"
"train","00003_00044_00006_png.rf.096a4b878963b8040a6961f32373d4c3.jpg","00003_00044_00006_png.rf.096a4b878963b8040a6961f32373d4c3.txt","train"
"train","000602_jpg.rf.297afad5abe2da76a0252db335d99838.jpg","000602_jpg.rf.297afad5abe2da76a0252db335d99838.txt","train"
"train","000692_jpg.rf.50b8acb8ed1ea534507513c6b1bf5d1c.jpg","000692_jpg.rf.50b8acb8ed1ea534507513c6b1bf5d1c.txt","train"
"train","118c692e-9a44-4c90-ad76-0b78e4d472fc_jpg.rf.0a0de58c824802eca03a7037f20d2285.jpg","118c692e-9a44-4c90-ad76-0b78e4d472fc_jpg.rf.0a0de58c824802eca03a7037f20d2285.txt","train"
"train","001468_jpg.rf.dcda80ba3ce6e209e28be278a09a41c1.jpg","001468_jpg.rf.dcda80ba3ce6e209e28be278a09a41c1.txt","train"
"train","FisheyeCamera_1_00373_png.rf.06b4c8853c7c6ee368583bb41e824208.jpg","FisheyeCamera_1_00373_png.rf.06b4c8853c7c6ee368583bb41e824208.txt","train"
"train","00014_00002_00023_png.rf.cc79b0d82399019c81befb841fae3cfc.jpg","00014_00002_00023_png.rf.cc79b0d82399019c81befb841fae3cfc.txt","train"
"train","00004_00001_00003_png.rf.5eb9a4aba52dea4f4dae5cce1bc85c57.jpg","00004_00001_00003_png.rf.5eb9a4aba52dea4f4dae5cce1bc85c57.txt","valid"
"train","000205_jpg.rf.9ef20edde53baeb214271e8f51412bee.jpg","000205_jpg.rf.9ef20edde53baeb214271e8f51412bee.txt","train"
"train","00003_00002_00023_png.rf.e9f7ae9c1b7fd76cfc9b3f52d8114299.jpg","00003_00002_00023_png.rf.e9f7ae9c1b7fd76cfc9b3f52d8114299.txt","test"
"train","FisheyeCamera_1_00351_png.rf.2a5324edbd6b43404a047c8c541a8cc4.jpg","FisheyeCamera_1_00351_png.rf.2a5324edbd6b43404a047c8c541a8cc4.txt","test"
"train","00008_00032_00019_png.rf.91d77005603f3f99d4abca3a2c0342e6.jpg","00008_00032_00019_png.rf.91d77005603f3f99d4abca3a2c0342e6.txt","valid"
"train","000796_jpg.rf.dfaa782b18c396e03a2b3cabf184bb7e.jpg","000796_jpg.rf.dfaa782b18c396e03a2b3cabf184bb7e.txt","train"
"train","000687_jpg.rf.e51afd6a90b52fd03aaf78455a0c58b7.jpg","000687_jpg.rf.e51afd6a90b52fd03aaf78455a0c58b7.txt","train"
"train","000842_jpg.rf.14a00da49946191e4016b27b749c12a1.jpg","000842_jpg.rf.14a00da49946191e4016b27b749c12a1.txt","train"
"train","road117_png.rf.76a29dff07bfe8fe32dd1f3a17dabffb.jpg","road117_png.rf.76a29dff07bfe8fe32dd1f3a17dabffb.txt","train"
"train","road275_png.rf.74fc80032c5f8f53abf06c4e49170341.jpg","road275_png.rf.74fc80032c5f8f53abf06c4e49170341.txt","train"
"train","001685_JPG_jpg.rf.4dc3052cb7a82d9159053f1125fd9590.jpg","001685_JPG_jpg.rf.4dc3052cb7a82d9159053f1125fd9590.txt","valid"
"train","000123_jpg.rf.4aa7af71c82028d1ba4236d2b732f7b1.jpg","000123_jpg.rf.4aa7af71c82028d1ba4236d2b732f7b1.txt","valid"
"train","00002_00002_00009_png.rf.0d55192e0b36ec83d333bf7bbed2dccc.jpg","00002_00002_00009_png.rf.0d55192e0b36ec83d333bf7bbed2dccc.txt","train"
"train","00014_00015_00002_png.rf.3cbcb9617fa101a9efbee89910a16c17.jpg","00014_00015_00002_png.rf.3cbcb9617fa101a9efbee89910a16c17.txt","train"
"train","000689_jpg.rf.674b43ddd25fce91638e0fe6f59a33a2.jpg","000689_jpg.rf.674b43ddd25fce91638e0fe6f59a33a2.txt","test"
"train","000295_jpg.rf.9fc71b6415bca053cd37aa39ddb592cc.jpg","000295_jpg.rf.9fc71b6415bca053cd37aa39ddb592cc.txt","test"
"train","road394_png.rf.7abef7b32ae154b88ffe35ed5e7cb74e.jpg","road394_png.rf.7abef7b32ae154b88ffe35ed5e7cb74e.txt","train"
"train","00014_00009_00029_png.rf.85a22ff41ee09ca7c7e01640cc98d1e1.jpg","00014_00009_00029_png.rf.85a22ff41ee09ca7c7e01640cc98d1e1.txt","train"
"train","000586_jpg.rf.8c35069525f94c240b33bf5f5da17243.jpg","000586_jpg.rf.8c35069525f94c240b33bf5f5da17243.txt","valid"
"train","000883_JPG_jpg.rf.005b9e668d72939a8a2082121c248af7.jpg","000883_JPG_jpg.rf.005b9e668d72939a8a2082121c248af7.txt","test"
"train","00002_00015_00017_png.rf.6a7c81263174847367f971cc6d40eb10.jpg","00002_00015_00017_png.rf.6a7c81263174847367f971cc6d40eb10.txt","test"
"train","00004_00032_00009_png.rf.08e8bb55099b2d29fab8687f960e3392.jpg","00004_00032_00009_png.rf.08e8bb55099b2d29fab8687f960e3392.txt","test"
"train","FisheyeCamera_1_00125_png.rf.1b5e850b769a87b25704b39df5a99fb0.jpg","FisheyeCamera_1_00125_png.rf.1b5e850b769a87b25704b39df5a99fb0.txt","train"
"train","00002_00013_00001_png.rf.fd34d427ca2e4e51bbfc6ec00b6ca18d.jpg","00002_00013_00001_png.rf.fd34d427ca2e4e51bbfc6ec00b6ca18d.txt","train"
"train","000011_jpg.rf.4b995cfa7505d5ce74916bd988e39f36.jpg","000011_jpg.rf.4b995cfa7505d5ce74916bd988e39f36.txt","valid"
"train","road459_png.rf.1180018c02cb716d505bc51cd764eab0.jpg","road459_png.rf.1180018c02cb716d505bc51cd764eab0.txt","test"
"train","00003_00034_00026_png.rf.855cfb229ca05719b1a84aab90124124.jpg","00003_00034_00026_png.rf.855cfb229ca05719b1a84aab90124124.txt","valid"
"train","00002_00010_00023_png.rf.06a8b62c099f214aef1ab25721b4d7a9.jpg","00002_00010_00023_png.rf.06a8b62c099f214aef1ab25721b4d7a9.txt","train"
"train","00008_00021_00018_png.rf.d5c4baa35e66f3cf404b0bb35225a60b.jpg","00008_00021_00018_png.rf.d5c4baa35e66f3cf404b0bb35225a60b.txt","train"
"train","FisheyeCamera_1_00612_png.rf.de7edd193dbcd549024b5761d06b0cdd.jpg","FisheyeCamera_1_00612_png.rf.de7edd193dbcd549024b5761d06b0cdd.txt","train"
"train","000805_jpg.rf.29afb67e2cadc309992aaaafdc202c15.jpg","000805_jpg.rf.29afb67e2cadc309992aaaafdc202c15.txt","train"
"train","road700_png.rf.74faf1ec6a9ece549d3b14cac116e7da.jpg","road700_png.rf.74faf1ec6a9ece549d3b14cac116e7da.txt","valid"
"train","road633_png.rf.94690507b13fbe3cdfa9e71f662a83ca.jpg","road633_png.rf.94690507b13fbe3cdfa9e71f662a83ca.txt","test"
"train","000381_jpg.rf.17091190b2eb99367768eed9a637d2e5.jpg","000381_jpg.rf.17091190b2eb99367768eed9a637d2e5.txt","train"
"train","road407_png.rf.40f993ae3d48e16c964f79d585490a50.jpg","road407_png.rf.40f993ae3d48e16c964f79d585490a50.txt","train"
"train","road654_png.rf.7116962b99c0d9280da60d9053d0aadc.jpg","road654_png.rf.7116962b99c0d9280da60d9053d0aadc.txt","test"
"train","FisheyeCamera_1_00170_png.rf.6adbf0686cbd6e2a59dc4833e532c513.jpg","FisheyeCamera_1_00170_png.rf.6adbf0686cbd6e2a59dc4833e532c513.txt","train"
"train","000905_JPG_jpg.rf.3ddb214e1b24616f8aca8e4fb08d98af.jpg","000905_JPG_jpg.rf.3ddb214e1b24616f8aca8e4fb08d98af.txt","valid"
"train","00008_00011_00013_png.rf.69c3e4c23383ae46e8f52ff0cb65218a.jpg","00008_00011_00013_png.rf.69c3e4c23383ae46e8f52ff0cb65218a.txt","train"
"train","road440_png.rf.63bf110f1bfcf1c92a1a12697e25a4d0.jpg","road440_png.rf.63bf110f1bfcf1c92a1a12697e25a4d0.txt","train"
"train","00008_00015_00020_png.rf.7a0dd6cfc64950a51ef46595d65af919.jpg","00008_00015_00020_png.rf.7a0dd6cfc64950a51ef46595d65af919.txt","train"
"train","000467_jpg.rf.cbe6f0c93a1cb11fcdeeb887833168f9.jpg","000467_jpg.rf.cbe6f0c93a1cb11fcdeeb887833168f9.txt","train"
"train","FisheyeCamera_1_00290_png.rf.f018745238c1e61bd6c3982cc96ee3ef.jpg","FisheyeCamera_1_00290_png.rf.f018745238c1e61bd6c3982cc96ee3ef.txt","train"
"train","FisheyeCamera_1_00333_png.rf.18efe202308005cc4a363188671538ee.jpg","FisheyeCamera_1_00333_png.rf.18efe202308005cc4a363188671538ee.txt","train"
"train","FisheyeCamera_1_00197_png.rf.d12b7d5020c526d397ff5e0331a84b3d.jpg","FisheyeCamera_1_00197_png.rf.d12b7d5020c526d397ff5e0331a84b3d.txt","train"
"train","FisheyeCamera_1_00478_png.rf.34db20dd840b6f5bd82f77335d9a54a8.jpg","FisheyeCamera_1_00478_png.rf.34db20dd840b6f5bd82f77335d9a54a8.txt","train"
"train","00001_00019_00005_png.rf.f9db48812a945b872333313975b81c65.jpg","00001_00019_00005_png.rf.f9db48812a945b872333313975b81c65.txt","train"
"train","FisheyeCamera_1_00357_png.rf.9c2dd84d51d79ad0e8dc5f3a6735262c.jpg","FisheyeCamera_1_00357_png.rf.9c2dd84d51d79ad0e8dc5f3a6735262c.txt","valid"
"train","road2_png.rf.934de7346ccb327c99fa6d245ac7c65c.jpg","road2_png.rf.934de7346ccb327c99fa6d245ac7c65c.txt","train"
"train","road176_png.rf.9efe5f048413050a0afc2ab3a1addceb.jpg","road176_png.rf.9efe5f048413050a0afc2ab3a1addceb.txt","valid"
"train","road434_png.rf.304e5cfceb178d8fdc870d1ae33d9d95.jpg","road434_png.rf.304e5cfceb178d8fdc870d1ae33d9d95.txt","valid"
"train","FisheyeCamera_1_00053_png.rf.6d93c6514508a8f21e88534163bc088f.jpg","FisheyeCamera_1_00053_png.rf.6d93c6514508a8f21e88534163bc088f.txt","train"
"train","00002_00020_00006_png.rf.3bb5a70579d0673292000f9953d7f055.jpg","00002_00020_00006_png.rf.3bb5a70579d0673292000f9953d7f055.txt","train"
"train","001485_jpg.rf.55f14de9e292eb889ca5196a8d330bc1.jpg","001485_jpg.rf.55f14de9e292eb889ca5196a8d330bc1.txt","train"
"train","00004_00038_00019_png.rf.fcd54fd82feb392b60b4f3a7e21987bd.jpg","00004_00038_00019_png.rf.fcd54fd82feb392b60b4f3a7e21987bd.txt","train"
"train","FisheyeCamera_1_00578_png.rf.1e58ef91e8cce9091e99c064ca7aa106.jpg","FisheyeCamera_1_00578_png.rf.1e58ef91e8cce9091e99c064ca7aa106.txt","train"
"train","00014_00001_00008_png.rf.85c2ad4cbf9948571d1c11cb460c444d.jpg","00014_00001_00008_png.rf.85c2ad4cbf9948571d1c11cb460c444d.txt","train"
"train","001243_jpg.rf.e5e007d7eec5b058c34744e64e421146.jpg","001243_jpg.rf.e5e007d7eec5b058c34744e64e421146.txt","train"
"train","00008_00038_00009_png.rf.4065d04c998fff62bb737bf8672a5147.jpg","00008_00038_00009_png.rf.4065d04c998fff62bb737bf8672a5147.txt","valid"
"train","00001_00069_00013_png.rf.5c4e548f5c005a2f15efa21485250687.jpg","00001_00069_00013_png.rf.5c4e548f5c005a2f15efa21485250687.txt","train"
"train","00008_00011_00009_png.rf.0bebfb4e2a6b492af54a4d4b8172e3e3.jpg","00008_00011_00009_png.rf.0bebfb4e2a6b492af54a4d4b8172e3e3.txt","train"
"train","00008_00005_00013_png.rf.dbf194a81769fb1319b237f8e14a4030.jpg","00008_00005_00013_png.rf.dbf194a81769fb1319b237f8e14a4030.txt","train"
"train","FisheyeCamera_1_01094_png.rf.f1edebb65b9f7bc06d00c1272bfea18b.jpg","FisheyeCamera_1_01094_png.rf.f1edebb65b9f7bc06d00c1272bfea18b.txt","train"
"train","000717_jpg.rf.a23966c703bc81341d91644274007e3a.jpg","000717_jpg.rf.a23966c703bc81341d91644274007e3a.txt","valid"
"train","FisheyeCamera_1_00028_png.rf.65e618e39d1afea3912cf9b9a96de06b.jpg","FisheyeCamera_1_00028_png.rf.65e618e39d1afea3912cf9b9a96de06b.txt","test"
"train","00002_00002_00025_png.rf.45d6b2339f7477f9bea87ac67fb3c5ee.jpg","00002_00002_00025_png.rf.45d6b2339f7477f9bea87ac67fb3c5ee.txt","train"
"train","001461_jpg.rf.b6ee5df9e958b6c2bd3f655c1bd76b26.jpg","001461_jpg.rf.b6ee5df9e958b6c2bd3f655c1bd76b26.txt","train"
"train","001019_jpg.rf.97441a28bff736a2a3fdf0aaba9e5b80.jpg","001019_jpg.rf.97441a28bff736a2a3fdf0aaba9e5b80.txt","test"
"train","00007_00043_00021_png.rf.705b63fa3f1a327582157ef718c26a34.jpg","00007_00043_00021_png.rf.705b63fa3f1a327582157ef718c26a34.txt","train"
"train","00001_00022_00012_png.rf.3be92c022ed92f35177bf3ee19623390.jpg","00001_00022_00012_png.rf.3be92c022ed92f35177bf3ee19623390.txt","train"
"train","00003_00018_00022_png.rf.94822111a6d049faf63ded7160e3b04b.jpg","00003_00018_00022_png.rf.94822111a6d049faf63ded7160e3b04b.txt","train"
"train","00000_00003_00023_png.rf.638e64802d8ffdedf847e175462bf44c.jpg","00000_00003_00023_png.rf.638e64802d8ffdedf847e175462bf44c.txt","train"
"train","00002_00011_00028_png.rf.4a625da65adc8ec7e67f2897f399b172.jpg","00002_00011_00028_png.rf.4a625da65adc8ec7e67f2897f399b172.txt","test"
"train","001206_jpg.rf.1f82a086d87ad99907b4bd5869463d5e.jpg","001206_jpg.rf.1f82a086d87ad99907b4bd5869463d5e.txt","train"
"train","000234_jpg.rf.8baf9fa37bf657ed90be14393eb22e3c.jpg","000234_jpg.rf.8baf9fa37bf657ed90be14393eb22e3c.txt","train"
"train","00005_00012_00025_png.rf.f4e7494a5a3a20a22119ba201c4e95d8.jpg","00005_00012_00025_png.rf.f4e7494a5a3a20a22119ba201c4e95d8.txt","test"
"train","156423ad-e299-4e87-8d94-86f02716c132_jpg.rf.1f5bdf18d826c665b57045654d56c8dc.jpg","156423ad-e299-4e87-8d94-86f02716c132_jpg.rf.1f5bdf18d826c665b57045654d56c8dc.txt","train"
"train","001229_jpg.rf.4636f4f34b5f7b4a14b7b5fee7f3e580.jpg","001229_jpg.rf.4636f4f34b5f7b4a14b7b5fee7f3e580.txt","test"
"train","road515_png.rf.d0d065a76fa879c94d1de74ebb326448.jpg","road515_png.rf.d0d065a76fa879c94d1de74ebb326448.txt","train"
"train","00007_00014_00016_png.rf.910a68a72cc6f5498aed0dd704661c92.jpg","00007_00014_00016_png.rf.910a68a72cc6f5498aed0dd704661c92.txt","train"
"train","FisheyeCamera_1_00313_png.rf.c40676ae49797ba60d0c0dacb97b7408.jpg","FisheyeCamera_1_00313_png.rf.c40676ae49797ba60d0c0dacb97b7408.txt","train"
"train","000665_jpg.rf.1a7fe7135f91b2f653a9fed1175cfb0a.jpg","000665_jpg.rf.1a7fe7135f91b2f653a9fed1175cfb0a.txt","train"
"train","FisheyeCamera_1_00052_png.rf.8d1cf4662cf79fba06a53df0fa3b3b52.jpg","FisheyeCamera_1_00052_png.rf.8d1cf4662cf79fba06a53df0fa3b3b52.txt","train"
"train","FisheyeCamera_1_00145_png.rf.97e9c074ec39001e34168ee60832c7b6.jpg","FisheyeCamera_1_00145_png.rf.97e9c074ec39001e34168ee60832c7b6.txt","train"
"train","000164_jpg.rf.6bf9dc1820774aa20693f7e5cc234f0b.jpg","000164_jpg.rf.6bf9dc1820774aa20693f7e5cc234f0b.txt","valid"
"train","00007_00043_00010_png.rf.2d8b282948f31ab06873661bcfdd9875.jpg","00007_00043_00010_png.rf.2d8b282948f31ab06873661bcfdd9875.txt","test"
"train","000724_jpg.rf.e6f7567a571e013189713a393f21fa74.jpg","000724_jpg.rf.e6f7567a571e013189713a393f21fa74.txt","train"
"train","000783_jpg.rf.63edc90ed8d401313a8763420e058b30.jpg","000783_jpg.rf.63edc90ed8d401313a8763420e058b30.txt","test"
"train","000010_jpg.rf.4fe9187c9b081049511ce879ac99323d.jpg","000010_jpg.rf.4fe9187c9b081049511ce879ac99323d.txt","train"
"train","00002_00000_00006_png.rf.1f3fce0066eb1efb2f55393893a9b0a6.jpg","00002_00000_00006_png.rf.1f3fce0066eb1efb2f55393893a9b0a6.txt","train"
"train","road400_png.rf.5b923d4068c6686ae1beecec1641248e.jpg","road400_png.rf.5b923d4068c6686ae1beecec1641248e.txt","test"
"train","FisheyeCamera_1_01082_png.rf.d6cf8310beee30c5b6cea154e9e82365.jpg","FisheyeCamera_1_01082_png.rf.d6cf8310beee30c5b6cea154e9e82365.txt","test"
"train","001201_jpg.rf.f6141f85bd33c7293c08bf11d33047de.jpg","001201_jpg.rf.f6141f85bd33c7293c08bf11d33047de.txt","train"
"train","FisheyeCamera_1_00109_png.rf.ec739d4e419c7055973452742fbcd0c2.jpg","FisheyeCamera_1_00109_png.rf.ec739d4e419c7055973452742fbcd0c2.txt","train"
"train","000451_jpg.rf.9f7d00f49067f93739b6e74e89977aaa.jpg","000451_jpg.rf.9f7d00f49067f93739b6e74e89977aaa.txt","train"
"train","road718_png.rf.39b30806fd764abde96904b957176bcd.jpg","road718_png.rf.39b30806fd764abde96904b957176bcd.txt","train"
"train","000792_jpg.rf.95564f0e31d56436581ee230ac7068da.jpg","000792_jpg.rf.95564f0e31d56436581ee230ac7068da.txt","test"
"train","00000_00005_00024_png.rf.245a21226199698f8b0cd461930694af.jpg","00000_00005_00024_png.rf.245a21226199698f8b0cd461930694af.txt","train"
"train","00004_00059_00001_png.rf.d9ec62be7441d85eebca6bdc7ac52144.jpg","00004_00059_00001_png.rf.d9ec62be7441d85eebca6bdc7ac52144.txt","train"
"train","000905_jpg.rf.8073b624957f7dda752140cc42ef7a01.jpg","000905_jpg.rf.8073b624957f7dda752140cc42ef7a01.txt","train"
"train","road308_png.rf.2bbb7fc35fe23cd4f83017b7fa0b7bd5.jpg","road308_png.rf.2bbb7fc35fe23cd4f83017b7fa0b7bd5.txt","train"
"train","000036_jpg.rf.852e353131630e8fe11855be967a73e5.jpg","000036_jpg.rf.852e353131630e8fe11855be967a73e5.txt","train"
"train","00000_00001_00023_png.rf.a0d24be1ff6d3c07587044743e0af24d.jpg","00000_00001_00023_png.rf.a0d24be1ff6d3c07587044743e0af24d.txt","train"
"train","001661_JPG_jpg.rf.6e452769d14b34ca1e2e6b6318e6b411.jpg","001661_JPG_jpg.rf.6e452769d14b34ca1e2e6b6318e6b411.txt","train"
"train","road771_png.rf.6ccdea01d77c42cc776171ea0166e258.jpg","road771_png.rf.6ccdea01d77c42cc776171ea0166e258.txt","train"
"train","00004_00052_00017_png.rf.739e699131f600952e46f21aca9027a3.jpg","00004_00052_00017_png.rf.739e699131f600952e46f21aca9027a3.txt","train"
"train","00000_00002_00017_png.rf.f2a09ec7e934b74057b9df11d2c37ecd.jpg","00000_00002_00017_png.rf.f2a09ec7e934b74057b9df11d2c37ecd.txt","train"
"train","001028_jpg.rf.530292f898da2bc2828d6333383bd70d.jpg","001028_jpg.rf.530292f898da2bc2828d6333383bd70d.txt","test"
"train","road875_png.rf.03d721c778630edf3191c07423ed02f0.jpg","road875_png.rf.03d721c778630edf3191c07423ed02f0.txt","train"
"train","000069_jpg.rf.d397f2e71cf5ae0850eb8de30c0b9535.jpg","000069_jpg.rf.d397f2e71cf5ae0850eb8de30c0b9535.txt","test"
"train","road284_png.rf.28a39361bcf8af0f21cc7acf726f3e06.jpg","road284_png.rf.28a39361bcf8af0f21cc7acf726f3e06.txt","train"
"train","road97_png.rf.b78990a595ea8ce448416758e7b40d79.jpg","road97_png.rf.b78990a595ea8ce448416758e7b40d79.txt","valid"
"train","00003_00014_00026_png.rf.d47a4b2665a50cbe4624666738213ee9.jpg","00003_00014_00026_png.rf.d47a4b2665a50cbe4624666738213ee9.txt","train"
"train","00002_00010_00029_png.rf.6461ee540a4ca6d33a7c6b1691e2821a.jpg","00002_00010_00029_png.rf.6461ee540a4ca6d33a7c6b1691e2821a.txt","test"
"train","00004_00038_00010_png.rf.aade9e9a40066ebed2ae9faf1babd4ca.jpg","00004_00038_00010_png.rf.aade9e9a40066ebed2ae9faf1babd4ca.txt","train"
"train","00000_00006_00028_png.rf.1b69425622df887a249590995eb53ad0.jpg","00000_00006_00028_png.rf.1b69425622df887a249590995eb53ad0.txt","train"
"train","FisheyeCamera_1_00051_png.rf.31e071447a0834c61a84aab5588b4edf.jpg","FisheyeCamera_1_00051_png.rf.31e071447a0834c61a84aab5588b4edf.txt","train"
"train","road406_png.rf.3bc4878c4525bf0a7e041c885a496b7e.jpg","road406_png.rf.3bc4878c4525bf0a7e041c885a496b7e.txt","train"
"train","000045_jpg.rf.0b1356613fa53c3843070d6e9fdea5c7.jpg","000045_jpg.rf.0b1356613fa53c3843070d6e9fdea5c7.txt","train"
"train","road656_png.rf.4195c17bca382faa577887d8f724e702.jpg","road656_png.rf.4195c17bca382faa577887d8f724e702.txt","train"
"train","000266_jpg.rf.8df7359e19778088fa909b0dc467b33e.jpg","000266_jpg.rf.8df7359e19778088fa909b0dc467b33e.txt","train"
"train","00014_00002_00026_png.rf.2606214ac87419ebc6b5c370f8535d9f.jpg","00014_00002_00026_png.rf.2606214ac87419ebc6b5c370f8535d9f.txt","train"
"train","road661_png.rf.8f77e0935b7044ee393bf489dc28e8df.jpg","road661_png.rf.8f77e0935b7044ee393bf489dc28e8df.txt","test"
"train","road422_png.rf.09342b2e242d6333c19f09bb2b5d9f37.jpg","road422_png.rf.09342b2e242d6333c19f09bb2b5d9f37.txt","test"
"train","001038_jpg.rf.e59bdd0ba8ff58fda1a1f92b8552626d.jpg","001038_jpg.rf.e59bdd0ba8ff58fda1a1f92b8552626d.txt","train"
"train","000047_jpg.rf.c3aa1369802539979284be83a36c324c.jpg","000047_jpg.rf.c3aa1369802539979284be83a36c324c.txt","valid"
"train","00007_00013_00022_png.rf.58f357d213ad1e6f06fe5a550dff110c.jpg","00007_00013_00022_png.rf.58f357d213ad1e6f06fe5a550dff110c.txt","train"
"train","001062_jpg.rf.e6bea7a5bc2fc6708a3d6a702b02e48e.jpg","001062_jpg.rf.e6bea7a5bc2fc6708a3d6a702b02e48e.txt","train"
"train","00000_00006_00025_png.rf.3170ae61c0136afce77c321a0afd90e6.jpg","00000_00006_00025_png.rf.3170ae61c0136afce77c321a0afd90e6.txt","train"
"train","FisheyeCamera_1_00036_png.rf.419e386d057c81f2d080cd342f9133d5.jpg","FisheyeCamera_1_00036_png.rf.419e386d057c81f2d080cd342f9133d5.txt","test"
"train","FisheyeCamera_1_01042_png.rf.7a4fc0d3c2f47378bf71372676f7560b.jpg","FisheyeCamera_1_01042_png.rf.7a4fc0d3c2f47378bf71372676f7560b.txt","train"
"train","FisheyeCamera_1_00198_png.rf.f28b635c39314a570d51b7a8b40b0c7b.jpg","FisheyeCamera_1_00198_png.rf.f28b635c39314a570d51b7a8b40b0c7b.txt","train"
"train","000970_JPG_jpg.rf.8149a7ddded8c345671791c3c2f178ba.jpg","000970_JPG_jpg.rf.8149a7ddded8c345671791c3c2f178ba.txt","train"
"train","001493_jpg.rf.fd7e2d9a2d759d9d1d6e2d6e1f11ae38.jpg","001493_jpg.rf.fd7e2d9a2d759d9d1d6e2d6e1f11ae38.txt","train"
"train","00003_00005_00022_png.rf.e9be6923e570806cc6f068515d940a41.jpg","00003_00005_00022_png.rf.e9be6923e570806cc6f068515d940a41.txt","valid"
"train","road600_png.rf.d770255fd9ab8ed5b86bca6b51c34f3e.jpg","road600_png.rf.d770255fd9ab8ed5b86bca6b51c34f3e.txt","train"
"train","00008_00010_00015_png.rf.2c389138ce278dd4223c08f87decd7bd.jpg","00008_00010_00015_png.rf.2c389138ce278dd4223c08f87decd7bd.txt","train"
"train","00003_00035_00018_png.rf.4d537d6eb926f625e513e3bf590f9fbd.jpg","00003_00035_00018_png.rf.4d537d6eb926f625e513e3bf590f9fbd.txt","train"
"train","road365_png.rf.531d485abb9550c082c5c6cb5ee6ad82.jpg","road365_png.rf.531d485abb9550c082c5c6cb5ee6ad82.txt","train"
"train","00004_00060_00008_png.rf.53f81135e1b72eb1737d30d0e57709f3.jpg","00004_00060_00008_png.rf.53f81135e1b72eb1737d30d0e57709f3.txt","valid"
"train","00004_00036_00006_png.rf.9e9ffa370b525886216dc9edb2c0492c.jpg","00004_00036_00006_png.rf.9e9ffa370b525886216dc9edb2c0492c.txt","valid"
"train","FisheyeCamera_1_00223_png.rf.d054af823bd864dfab3eaa1faba803ed.jpg","FisheyeCamera_1_00223_png.rf.d054af823bd864dfab3eaa1faba803ed.txt","train"
"train","road69_png.rf.fbf2f6dfc799aad6fb091a1389d7206c.jpg","road69_png.rf.fbf2f6dfc799aad6fb091a1389d7206c.txt","train"
"train","000935_JPG_jpg.rf.2a4fb2c11bb2257fe65251f66a2d1c40.jpg","000935_JPG_jpg.rf.2a4fb2c11bb2257fe65251f66a2d1c40.txt","valid"
"train","000025_jpg.rf.82101a56de686f25279865c6c5150818.jpg","000025_jpg.rf.82101a56de686f25279865c6c5150818.txt","valid"
"train","000924_JPG_jpg.rf.c0c32132ee1fc6c8b7c182a06255e02a.jpg","000924_JPG_jpg.rf.c0c32132ee1fc6c8b7c182a06255e02a.txt","train"
"train","road867_png.rf.4ede936f7ad13114c57da3b0867c753b.jpg","road867_png.rf.4ede936f7ad13114c57da3b0867c753b.txt","train"
"train","00003_00039_00008_png.rf.1abcbbc1a4b0942ed9814fa9743deb2a.jpg","00003_00039_00008_png.rf.1abcbbc1a4b0942ed9814fa9743deb2a.txt","train"
"train","00601e2b-af06-4b91-a50b-d94385371b01_jpg.rf.7775c848bae91c06c5c748f7ceeab298.jpg","00601e2b-af06-4b91-a50b-d94385371b01_jpg.rf.7775c848bae91c06c5c748f7ceeab298.txt","train"
"train","000307_jpg.rf.f2c5f40bc63ca93dd310857444b6521d.jpg","000307_jpg.rf.f2c5f40bc63ca93dd310857444b6521d.txt","train"
"train","000930_jpg.rf.bc49e5c2085a82dc114128d9babbb401.jpg","000930_jpg.rf.bc49e5c2085a82dc114128d9babbb401.txt","valid"
"train","000129_jpg.rf.a1f2f10e37246b7aa4421d06c99e95c5.jpg","000129_jpg.rf.a1f2f10e37246b7aa4421d06c99e95c5.txt","test"
"train","00000_00001_00006_png.rf.74cfdfb04170047255e09ea5e32a87cd.jpg","00000_00001_00006_png.rf.74cfdfb04170047255e09ea5e32a87cd.txt","train"
"train","000293_jpg.rf.f713dacc5b3ead8f23d61f03edd6f68f.jpg","000293_jpg.rf.f713dacc5b3ead8f23d61f03edd6f68f.txt","train"
"train","00001_00023_00019_png.rf.362ddaa25af8a6f5ac5e1af848a6fdef.jpg","00001_00023_00019_png.rf.362ddaa25af8a6f5ac5e1af848a6fdef.txt","train"
"train","00003_00045_00010_png.rf.dcecfa28fac8a5940949220902672b1e.jpg","00003_00045_00010_png.rf.dcecfa28fac8a5940949220902672b1e.txt","test"
"train","000666_jpg.rf.1eeb08a25aacc0dd03c0857fc146af68.jpg","000666_jpg.rf.1eeb08a25aacc0dd03c0857fc146af68.txt","train"
"train","00008_00043_00016_png.rf.f3c3675053b683bd529e23394b9b9bfc.jpg","00008_00043_00016_png.rf.f3c3675053b683bd529e23394b9b9bfc.txt","train"
"train","road724_png.rf.a0842a1fe68c967893c20abe311a556f.jpg","road724_png.rf.a0842a1fe68c967893c20abe311a556f.txt","train"
"train","000258_jpg.rf.47f9b6ef16ddda188f45ff0a9e1f0108.jpg","000258_jpg.rf.47f9b6ef16ddda188f45ff0a9e1f0108.txt","train"
"train","road357_png.rf.7b7696943dfa33ec4750e105e616aea9.jpg","road357_png.rf.7b7696943dfa33ec4750e105e616aea9.txt","train"
"train","road615_png.rf.8d405830d857fd1610dfffd2c5ee83c4.jpg","road615_png.rf.8d405830d857fd1610dfffd2c5ee83c4.txt","train"
"train","00014_00001_00003_png.rf.8eaadda3e43fc8d34f1257a691027f61.jpg","00014_00001_00003_png.rf.8eaadda3e43fc8d34f1257a691027f61.txt","train"
"train","000145_jpg.rf.324a45a05267e0323cec93c55ac52ff3.jpg","000145_jpg.rf.324a45a05267e0323cec93c55ac52ff3.txt","test"
"train","FisheyeCamera_1_00214_png.rf.65d6b93bc2edbadad8a14230e5da7867.jpg","FisheyeCamera_1_00214_png.rf.65d6b93bc2edbadad8a14230e5da7867.txt","train"
"train","0994e69f-c73b-418f-9471-5b8c7225f45e_jpg.rf.fb4ad493860d15b2460dc5276cc10383.jpg","0994e69f-c73b-418f-9471-5b8c7225f45e_jpg.rf.fb4ad493860d15b2460dc5276cc10383.txt","train"
"train","001805_JPG_jpg.rf.c31ec06d736b8e5ee1e3a802ee92a8a0.jpg","001805_JPG_jpg.rf.c31ec06d736b8e5ee1e3a802ee92a8a0.txt","valid"
"train","road550_png.rf.73171f44e27262c8674473acf68b4ec6.jpg","road550_png.rf.73171f44e27262c8674473acf68b4ec6.txt","valid"
"train","000255_jpg.rf.1ffbb93890a121586dc69f5facd5884a.jpg","000255_jpg.rf.1ffbb93890a121586dc69f5facd5884a.txt","train"
"train","00003_00005_00011_png.rf.878f4d78950368b4cf364d3e01004f31.jpg","00003_00005_00011_png.rf.878f4d78950368b4cf364d3e01004f31.txt","train"
"train","000312_jpg.rf.caf115d2a92c1e5f3cc93bcf155d3125.jpg","000312_jpg.rf.caf115d2a92c1e5f3cc93bcf155d3125.txt","train"
"train","00008_00012_00005_png.rf.2147879e9a52e28c550976e0334fb4bf.jpg","00008_00012_00005_png.rf.2147879e9a52e28c550976e0334fb4bf.txt","train"
"train","00002_00033_00011_png.rf.41d72f770cd088b9ca036519e9b2b5e4.jpg","00002_00033_00011_png.rf.41d72f770cd088b9ca036519e9b2b5e4.txt","train"
"train","road340_png.rf.185132f751559bc2b0f4ce61764ded89.jpg","road340_png.rf.185132f751559bc2b0f4ce61764ded89.txt","valid"
"train","FisheyeCamera_1_00478_png.rf.0356bae16773be6f83ac36261aa6b5f0.jpg","FisheyeCamera_1_00478_png.rf.0356bae16773be6f83ac36261aa6b5f0.txt","valid"
"train","00004_00050_00020_png.rf.bb5fe6146db5a1c3580ca62cc64b6e42.jpg","00004_00050_00020_png.rf.bb5fe6146db5a1c3580ca62cc64b6e42.txt","test"
"train","road655_png.rf.d636f9e5003df0bf737603fe76ce6f4e.jpg","road655_png.rf.d636f9e5003df0bf737603fe76ce6f4e.txt","test"
"train","000813_jpg.rf.52f107ebdfc93808c008e7a95763af4e.jpg","000813_jpg.rf.52f107ebdfc93808c008e7a95763af4e.txt","train"
"train","00004_00061_00013_png.rf.43b6136f1a3123d20fb694fc6017b2e3.jpg","00004_00061_00013_png.rf.43b6136f1a3123d20fb694fc6017b2e3.txt","valid"
"train","00014_00005_00001_png.rf.4290c80dddde1aceb6e2c3aa04706692.jpg","00014_00005_00001_png.rf.4290c80dddde1aceb6e2c3aa04706692.txt","train"
"train","00014_00006_00026_png.rf.c60c4091bc45e009eeceaa67e367682b.jpg","00014_00006_00026_png.rf.c60c4091bc45e009eeceaa67e367682b.txt","train"
"train","00000_00001_00005_png.rf.d28d49778c334945b8c54e1cf18436bb.jpg","00000_00001_00005_png.rf.d28d49778c334945b8c54e1cf18436bb.txt","train"
"train","FisheyeCamera_1_00054_png.rf.eeb7f60f0d1236b5c1a0dffc8df27050.jpg","FisheyeCamera_1_00054_png.rf.eeb7f60f0d1236b5c1a0dffc8df27050.txt","train"
"train","road17_png.rf.c546dbfe09b7fca5831c89220059b6e4.jpg","road17_png.rf.c546dbfe09b7fca5831c89220059b6e4.txt","train"
"train","000569_jpg.rf.731d59af0e3698571fe26e5431889724.jpg","000569_jpg.rf.731d59af0e3698571fe26e5431889724.txt","valid"
"train","road552_png.rf.ecad1942ecd898842152604f722b466e.jpg","road552_png.rf.ecad1942ecd898842152604f722b466e.txt","train"
"train","road83_png.rf.807cd1177657bc9bcb7fda2db7ec9ee8.jpg","road83_png.rf.807cd1177657bc9bcb7fda2db7ec9ee8.txt","train"
"train","000229_jpg.rf.aabe625f2518892fb849a20fc080fcf9.jpg","000229_jpg.rf.aabe625f2518892fb849a20fc080fcf9.txt","train"
"train","000603_jpg.rf.2e248122c5b611f7a1802505b0dfcf1c.jpg","000603_jpg.rf.2e248122c5b611f7a1802505b0dfcf1c.txt","train"
"train","000038_jpg.rf.aa5564c07992b0d067f24543fb8a31cd.jpg","000038_jpg.rf.aa5564c07992b0d067f24543fb8a31cd.txt","train"
"train","000896_JPG_jpg.rf.d084cd11d71d223ab88e8c10107a12cd.jpg","000896_JPG_jpg.rf.d084cd11d71d223ab88e8c10107a12cd.txt","train"
"train","FisheyeCamera_1_00217_png.rf.97d96137c8d472131f8108fb713f771c.jpg","FisheyeCamera_1_00217_png.rf.97d96137c8d472131f8108fb713f771c.txt","valid"
"train","road818_png.rf.448f1c9757801200c38eb019f76e1d62.jpg","road818_png.rf.448f1c9757801200c38eb019f76e1d62.txt","train"
"train","FisheyeCamera_1_00077_png.rf.721a148ff0067ba25e177c6ea0f9e7fa.jpg","FisheyeCamera_1_00077_png.rf.721a148ff0067ba25e177c6ea0f9e7fa.txt","train"
"train","00002_00007_00027_png.rf.db7fc7ff941682651ad9f7036b51d0ad.jpg","00002_00007_00027_png.rf.db7fc7ff941682651ad9f7036b51d0ad.txt","train"
"train","FisheyeCamera_1_01088_png.rf.48494489771c446997fc218439ffc036.jpg","FisheyeCamera_1_01088_png.rf.48494489771c446997fc218439ffc036.txt","train"
"train","00014_00006_00015_png.rf.f00182397a455e00ee4b431ee61f5b28.jpg","00014_00006_00015_png.rf.f00182397a455e00ee4b431ee61f5b28.txt","test"
"train","00000_00001_00002_png.rf.31ce808919785b0cd86b935e9bc59a27.jpg","00000_00001_00002_png.rf.31ce808919785b0cd86b935e9bc59a27.txt","train"
"train","FisheyeCamera_1_00022_png.rf.1d0bf80f0f78f6f7cfdd5abe9ce2abd3.jpg","FisheyeCamera_1_00022_png.rf.1d0bf80f0f78f6f7cfdd5abe9ce2abd3.txt","test"
"train","00014_00007_00027_png.rf.925cd2c2e231fa82b8aa259518bc42e5.jpg","00014_00007_00027_png.rf.925cd2c2e231fa82b8aa259518bc42e5.txt","train"
"train","00004_00018_00009_png.rf.2e3d0cb7362cc5fed92a72a0d7f99744.jpg","00004_00018_00009_png.rf.2e3d0cb7362cc5fed92a72a0d7f99744.txt","train"
"train","000965_jpg.rf.cb9cd0b36e6c0ea1a03f376295b900ae.jpg","000965_jpg.rf.cb9cd0b36e6c0ea1a03f376295b900ae.txt","train"
"train","001696_JPG_jpg.rf.625304c5d319be03a98c3413346ad026.jpg","001696_JPG_jpg.rf.625304c5d319be03a98c3413346ad026.txt","train"
"train","00003_00028_00026_png.rf.c91e114651bf0d3fc70b53665051b612.jpg","00003_00028_00026_png.rf.c91e114651bf0d3fc70b53665051b612.txt","train"
"train","00014_00013_00006_png.rf.acdb7dff9a063777d6a400a6c7ce6aa8.jpg","00014_00013_00006_png.rf.acdb7dff9a063777d6a400a6c7ce6aa8.txt","train"
"train","000917_JPG_jpg.rf.26a5e0e3973837c9d5e4bb373d3f32fe.jpg","000917_JPG_jpg.rf.26a5e0e3973837c9d5e4bb373d3f32fe.txt","valid"
"train","00004_00029_00025_png.rf.6b88c69eba1dbeeed0215a392ff76212.jpg","00004_00029_00025_png.rf.6b88c69eba1dbeeed0215a392ff76212.txt","train"
"train","00004_00046_00001_png.rf.836dde5acb0a890922e0153503ae0ee6.jpg","00004_00046_00001_png.rf.836dde5acb0a890922e0153503ae0ee6.txt","train"
"train","FisheyeCamera_1_00096_png.rf.f4e7212c0de912c430f999fd6fe8529c.jpg","FisheyeCamera_1_00096_png.rf.f4e7212c0de912c430f999fd6fe8529c.txt","valid"
"train","road67_png.rf.6a1c9c865107e7c25534f686fa7e469d.jpg","road67_png.rf.6a1c9c865107e7c25534f686fa7e469d.txt","train"
"train","FisheyeCamera_1_00628_png.rf.e2bb417a5445e087ed183b60809c7810.jpg","FisheyeCamera_1_00628_png.rf.e2bb417a5445e087ed183b60809c7810.txt","train"
"train","00008_00022_00013_png.rf.0d1dceaf229f061234d8fbc5804ca4a2.jpg","00008_00022_00013_png.rf.0d1dceaf229f061234d8fbc5804ca4a2.txt","train"
"train","000820_jpg.rf.2b74347ebb9c6f225a4473690a9a833b.jpg","000820_jpg.rf.2b74347ebb9c6f225a4473690a9a833b.txt","train"
"train","00007_00041_00002_png.rf.9f47bb51a9b76cf860b3a573d2852398.jpg","00007_00041_00002_png.rf.9f47bb51a9b76cf860b3a573d2852398.txt","test"
"train","001245_jpg.rf.fc46f81a0be45051eb4ad25ea46a6447.jpg","001245_jpg.rf.fc46f81a0be45051eb4ad25ea46a6447.txt","train"
"train","FisheyeCamera_1_00487_png.rf.1a7703e231f4e950ee255c7f74539fa9.jpg","FisheyeCamera_1_00487_png.rf.1a7703e231f4e950ee255c7f74539fa9.txt","train"
"train","00008_00018_00023_png.rf.fe90df041e4697c2d2d77e126694e78d.jpg","00008_00018_00023_png.rf.fe90df041e4697c2d2d77e126694e78d.txt","valid"
"train","001416_jpg.rf.c0ecdc7bdda4968b25f16cd9d319a29a.jpg","001416_jpg.rf.c0ecdc7bdda4968b25f16cd9d319a29a.txt","train"
"train","001482_jpg.rf.1eea9a85900b9b2a83cde377a284db2b.jpg","001482_jpg.rf.1eea9a85900b9b2a83cde377a284db2b.txt","test"
"train","FisheyeCamera_1_01143_png.rf.086715adaac4af7cb292cfefe368f942.jpg","FisheyeCamera_1_01143_png.rf.086715adaac4af7cb292cfefe368f942.txt","valid"
"train","00002_00027_00010_png.rf.8cbc6fe9a9222526b6f9a0cbeac5c587.jpg","00002_00027_00010_png.rf.8cbc6fe9a9222526b6f9a0cbeac5c587.txt","valid"
"train","road498_png.rf.9f67090e9ce57c86c6225b955025a2af.jpg","road498_png.rf.9f67090e9ce57c86c6225b955025a2af.txt","train"
"train","FisheyeCamera_1_00004_png.rf.adcd55831d3c8ebd72dda1f08ed9d95a.jpg","FisheyeCamera_1_00004_png.rf.adcd55831d3c8ebd72dda1f08ed9d95a.txt","valid"
"train","001692_JPG_jpg.rf.af638ca8d987b79b9a990354532aa241.jpg","001692_JPG_jpg.rf.af638ca8d987b79b9a990354532aa241.txt","train"
"train","00003_00044_00013_png.rf.657bd77cb4e7ec2cc4221543fd5f30e3.jpg","00003_00044_00013_png.rf.657bd77cb4e7ec2cc4221543fd5f30e3.txt","test"
"train","000219_jpg.rf.9e736b3b85a7677b01b693035a878f36.jpg","000219_jpg.rf.9e736b3b85a7677b01b693035a878f36.txt","valid"
"train","FisheyeCamera_1_00236_png.rf.4563ad6c7a2a03a32495125dfe73300d.jpg","FisheyeCamera_1_00236_png.rf.4563ad6c7a2a03a32495125dfe73300d.txt","train"
"train","00014_00004_00003_png.rf.ad0b2e8f6ce519ce512d9c3aee9e8b94.jpg","00014_00004_00003_png.rf.ad0b2e8f6ce519ce512d9c3aee9e8b94.txt","train"
"train","00002_00017_00022_png.rf.bdd59687488d30b44d81cc03fb77fb84.jpg","00002_00017_00022_png.rf.bdd59687488d30b44d81cc03fb77fb84.txt","train"
"train","00003_00020_00010_png.rf.738c12759319bdd6a1fa7d5222eb61d5.jpg","00003_00020_00010_png.rf.738c12759319bdd6a1fa7d5222eb61d5.txt","train"
"train","000378_jpg.rf.b47f0913a999aa3fb00ca39ea5824b44.jpg","000378_jpg.rf.b47f0913a999aa3fb00ca39ea5824b44.txt","train"
"train","000031_jpg.rf.f2b8d3c00dbe1b1cde3f5ac396ede4a5.jpg","000031_jpg.rf.f2b8d3c00dbe1b1cde3f5ac396ede4a5.txt","train"
"train","000132_jpg.rf.1527b62fc01495597be7a73a638536b7.jpg","000132_jpg.rf.1527b62fc01495597be7a73a638536b7.txt","test"
"train","00003_00023_00020_png.rf.b4d2066f9840779e8c76a2723aaeccdf.jpg","00003_00023_00020_png.rf.b4d2066f9840779e8c76a2723aaeccdf.txt","valid"
"train","00008_00036_00007_png.rf.6d0451914913ffb92582e40b886bc6d2.jpg","00008_00036_00007_png.rf.6d0451914913ffb92582e40b886bc6d2.txt","train"
"train","00014_00008_00023_png.rf.adf4790e1f34f4b4526150096658858b.jpg","00014_00008_00023_png.rf.adf4790e1f34f4b4526150096658858b.txt","valid"
"train","00004_00047_00010_png.rf.d1422c64e100a4c50e9ebb88d2ce0aac.jpg","00004_00047_00010_png.rf.d1422c64e100a4c50e9ebb88d2ce0aac.txt","train"
"train","00003_00036_00004_png.rf.c7eb876dd3118fd482338715d4b3c44d.jpg","00003_00036_00004_png.rf.c7eb876dd3118fd482338715d4b3c44d.txt","valid"
"train","00004_00036_00023_png.rf.190212eebed19207fad1e9318c909667.jpg","00004_00036_00023_png.rf.190212eebed19207fad1e9318c909667.txt","train"
"train","00008_00044_00012_png.rf.5af78c7934597475c827a372b60b38d6.jpg","00008_00044_00012_png.rf.5af78c7934597475c827a372b60b38d6.txt","train"
"train","road842_png.rf.6963b6797d5f12259e5f37b6a1ad3468.jpg","road842_png.rf.6963b6797d5f12259e5f37b6a1ad3468.txt","test"
"train","00003_00013_00012_png.rf.f68b722a4a4bbb0db695f00952bdd65d.jpg","00003_00013_00012_png.rf.f68b722a4a4bbb0db695f00952bdd65d.txt","valid"
"train","road343_png.rf.de2162a04921da5aa76cbebb5263e188.jpg","road343_png.rf.de2162a04921da5aa76cbebb5263e188.txt","train"
"train","FisheyeCamera_1_00174_png.rf.866b574bf0360acdc7da1c7d303a7d9e.jpg","FisheyeCamera_1_00174_png.rf.866b574bf0360acdc7da1c7d303a7d9e.txt","train"
"train","FisheyeCamera_1_01058_png.rf.eb39b4a008acc15a4c4e5f197c8b36d5.jpg","FisheyeCamera_1_01058_png.rf.eb39b4a008acc15a4c4e5f197c8b36d5.txt","train"
"train","000614_jpg.rf.a545ca68b836ee501d30d9336e1d0816.jpg","000614_jpg.rf.a545ca68b836ee501d30d9336e1d0816.txt","train"
"train","00007_00010_00023_png.rf.a30956ef290baef633eba70631470796.jpg","00007_00010_00023_png.rf.a30956ef290baef633eba70631470796.txt","train"
"train","001636_JPG_jpg.rf.f8adcbb3a1fd576155e06d81850fe128.jpg","001636_JPG_jpg.rf.f8adcbb3a1fd576155e06d81850fe128.txt","train"
"train","road492_png.rf.8ba3480f57db89f4a0c902800881050a.jpg","road492_png.rf.8ba3480f57db89f4a0c902800881050a.txt","train"
"train","road253_png.rf.cbc87e4c3b9661ace0a49ff4cda19bd7.jpg","road253_png.rf.cbc87e4c3b9661ace0a49ff4cda19bd7.txt","train"
"train","FisheyeCamera_1_00497_png.rf.52787871de75d0b9491647ec211d7988.jpg","FisheyeCamera_1_00497_png.rf.52787871de75d0b9491647ec211d7988.txt","train"
"train","001459_jpg.rf.91583584d718f750f5fcda8e512a8006.jpg","001459_jpg.rf.91583584d718f750f5fcda8e512a8006.txt","train"
"train","001240_jpg.rf.bbac2835d90a394e8102f4302f727610.jpg","001240_jpg.rf.bbac2835d90a394e8102f4302f727610.txt","train"
"train","00001_00019_00018_png.rf.67ec274962baeb8a08ab36bf4e236eea.jpg","00001_00019_00018_png.rf.67ec274962baeb8a08ab36bf4e236eea.txt","valid"
"train","road643_png.rf.04dd98ece3501274640e4ef3733004dc.jpg","road643_png.rf.04dd98ece3501274640e4ef3733004dc.txt","train"
"train","001236_jpg.rf.b266dead68a2eec15b6d53e5be53fa50.jpg","001236_jpg.rf.b266dead68a2eec15b6d53e5be53fa50.txt","train"
"train","000716_jpg.rf.f598c799e7a41e5f902a4de6d7e4dff5.jpg","000716_jpg.rf.f598c799e7a41e5f902a4de6d7e4dff5.txt","valid"
"train","000801_jpg.rf.2b001f3e074f7d3c64feea238ce63d46.jpg","000801_jpg.rf.2b001f3e074f7d3c64feea238ce63d46.txt","train"
"train","road516_png.rf.738e31cdf2f804499dc2502940e0a55c.jpg","road516_png.rf.738e31cdf2f804499dc2502940e0a55c.txt","train"
"train","FisheyeCamera_1_00187_png.rf.fdbe9cd30bdfd9273f3ff813b0eb0f4b.jpg","FisheyeCamera_1_00187_png.rf.fdbe9cd30bdfd9273f3ff813b0eb0f4b.txt","train"
"train","0411c4e4-3aec-40bc-b98f-60ab68f503fd_jpg.rf.5d86c30bce8b0e10e8a7eef0b8a5484f.jpg","0411c4e4-3aec-40bc-b98f-60ab68f503fd_jpg.rf.5d86c30bce8b0e10e8a7eef0b8a5484f.txt","train"
"train","road682_png.rf.f92883fc868ee1bb430095b203edfc15.jpg","road682_png.rf.f92883fc868ee1bb430095b203edfc15.txt","train"
"train","000103_jpg.rf.61e7d764db77dbe64615b1ac65312005.jpg","000103_jpg.rf.61e7d764db77dbe64615b1ac65312005.txt","train"
"train","000494_jpg.rf.932af88d1c5bee6bb81301181196bf25.jpg","000494_jpg.rf.932af88d1c5bee6bb81301181196bf25.txt","train"
"train","00008_00034_00005_png.rf.55127680a995f0ded52ff3a1a9f03813.jpg","00008_00034_00005_png.rf.55127680a995f0ded52ff3a1a9f03813.txt","train"
"train","00002_00063_00008_png.rf.9a6e064a4269b6612997db663379fa2d.jpg","00002_00063_00008_png.rf.9a6e064a4269b6612997db663379fa2d.txt","test"
"train","00014_00023_00009_png.rf.f585aaffd0101dcd509fccba0ede8780.jpg","00014_00023_00009_png.rf.f585aaffd0101dcd509fccba0ede8780.txt","train"
"train","00000_00002_00020_png.rf.63ee96bf901b2899742c04aeed36d3bd.jpg","00000_00002_00020_png.rf.63ee96bf901b2899742c04aeed36d3bd.txt","train"
"train","001031_jpg.rf.1a5dc79b72e39c4a83711c48b2e7fa3f.jpg","001031_jpg.rf.1a5dc79b72e39c4a83711c48b2e7fa3f.txt","test"
"train","FisheyeCamera_1_00478_png.rf.e1d2d7d5dccde9be67c02a1ebbd846d2.jpg","FisheyeCamera_1_00478_png.rf.e1d2d7d5dccde9be67c02a1ebbd846d2.txt","train"
"train","FisheyeCamera_1_00572_png.rf.da948cf9b711fcd915c242bd6ef7107e.jpg","FisheyeCamera_1_00572_png.rf.da948cf9b711fcd915c242bd6ef7107e.txt","train"
"train","00014_00007_00015_png.rf.0a119d8104ac21d865c5fb96a3d12181.jpg","00014_00007_00015_png.rf.0a119d8104ac21d865c5fb96a3d12181.txt","valid"
"train","00000_00006_00022_png.rf.eee0f5cafd6b7ca16c2ad178b515419e.jpg","00000_00006_00022_png.rf.eee0f5cafd6b7ca16c2ad178b515419e.txt","test"
"train","00002_00016_00000_png.rf.d9482594ca5a5fb380e08c0eb0aa0414.jpg","00002_00016_00000_png.rf.d9482594ca5a5fb380e08c0eb0aa0414.txt","valid"
"train","00008_00038_00021_png.rf.da6d8bdaa9075fa7251966a8c687e00c.jpg","00008_00038_00021_png.rf.da6d8bdaa9075fa7251966a8c687e00c.txt","train"
"train","road510_png.rf.7c481f07f375c868e842eca334cd70d5.jpg","road510_png.rf.7c481f07f375c868e842eca334cd70d5.txt","valid"
"train","00007_00022_00012_png.rf.9a01c515153b5af989dd1fcf5be8dcce.jpg","00007_00022_00012_png.rf.9a01c515153b5af989dd1fcf5be8dcce.txt","train"
"train","000908_JPG_jpg.rf.e60cace16aa747a24c5c286bdde23265.jpg","000908_JPG_jpg.rf.e60cace16aa747a24c5c286bdde23265.txt","test"
"train","road94_png.rf.8b1014758075188b1b46a5d024d4ae81.jpg","road94_png.rf.8b1014758075188b1b46a5d024d4ae81.txt","test"
"train","002110_jpg.rf.ca63295e5e503452a95a099a0e468dde.jpg","002110_jpg.rf.ca63295e5e503452a95a099a0e468dde.txt","train"
"train","001688_JPG_jpg.rf.6f66b14862f3ef6a21be8a0fb9277178.jpg","001688_JPG_jpg.rf.6f66b14862f3ef6a21be8a0fb9277178.txt","train"
"train","00008_00046_00017_png.rf.0ff4f940f5cf8771f92c45c2e620bf8a.jpg","00008_00046_00017_png.rf.0ff4f940f5cf8771f92c45c2e620bf8a.txt","train"
"train","FisheyeCamera_1_00629_png.rf.2011e55f1ff0620bd8eb97962a719521.jpg","FisheyeCamera_1_00629_png.rf.2011e55f1ff0620bd8eb97962a719521.txt","train"
"train","FisheyeCamera_1_00491_png.rf.55cadc042799c6e91395187368b80620.jpg","FisheyeCamera_1_00491_png.rf.55cadc042799c6e91395187368b80620.txt","train"
"train","000653_jpg.rf.711fc942885600695b93825360e92df8.jpg","000653_jpg.rf.711fc942885600695b93825360e92df8.txt","train"
"train","00000_00005_00019_png.rf.4dc67205324e4d491bd2987e3bf4b110.jpg","00000_00005_00019_png.rf.4dc67205324e4d491bd2987e3bf4b110.txt","train"
"train","FisheyeCamera_1_00152_png.rf.496ca372c2bc23abbd6960ed4385961b.jpg","FisheyeCamera_1_00152_png.rf.496ca372c2bc23abbd6960ed4385961b.txt","train"
"train","00003_00028_00015_png.rf.eda12040112380223c5f2296378ab864.jpg","00003_00028_00015_png.rf.eda12040112380223c5f2296378ab864.txt","train"
"train","road485_png.rf.4d7166d6f6209c6cc6f6c3017766a1a5.jpg","road485_png.rf.4d7166d6f6209c6cc6f6c3017766a1a5.txt","test"
"train","road250_png.rf.d7be5f1bb31db75055e9f24962c734c0.jpg","road250_png.rf.d7be5f1bb31db75055e9f24962c734c0.txt","train"
"train","001068_jpg.rf.20ffc7b9aae80b440814056d36842b2f.jpg","001068_jpg.rf.20ffc7b9aae80b440814056d36842b2f.txt","test"
"train","001228_jpg.rf.149c1e9438f5f148df0642a12f8c9800.jpg","001228_jpg.rf.149c1e9438f5f148df0642a12f8c9800.txt","test"
"train","00004_00003_00014_png.rf.1d3162067a8548cfc86f4ab8e7fc642b.jpg","00004_00003_00014_png.rf.1d3162067a8548cfc86f4ab8e7fc642b.txt","test"
"train","00014_00006_00029_png.rf.85a1028090d4bb856de339c0eb37e6fd.jpg","00014_00006_00029_png.rf.85a1028090d4bb856de339c0eb37e6fd.txt","train"
"train","00007_00007_00015_png.rf.8637ba163939841069eccdee285c36ce.jpg","00007_00007_00015_png.rf.8637ba163939841069eccdee285c36ce.txt","train"
"train","00005_00009_00006_png.rf.7d10ac030b744f89e9a427cef1b4a1d9.jpg","00005_00009_00006_png.rf.7d10ac030b744f89e9a427cef1b4a1d9.txt","train"
"train","00005_00009_00015_png.rf.6662c17a166c6b26f668aed7c291e74d.jpg","00005_00009_00015_png.rf.6662c17a166c6b26f668aed7c291e74d.txt","valid"
"train","FisheyeCamera_1_00173_png.rf.c53409dae3f71e030ea0753066f5634a.jpg","FisheyeCamera_1_00173_png.rf.c53409dae3f71e030ea0753066f5634a.txt","train"
"train","00008_00012_00015_png.rf.b7279c4c1faab5b9689e17585dc7167d.jpg","00008_00012_00015_png.rf.b7279c4c1faab5b9689e17585dc7167d.txt","valid"
"train","road717_png.rf.e7733f757e0132b381e33de0b69593f9.jpg","road717_png.rf.e7733f757e0132b381e33de0b69593f9.txt","train"
"train","road355_png.rf.79e0ae4cd8103e097e6efe1d0f7f6bd1.jpg","road355_png.rf.79e0ae4cd8103e097e6efe1d0f7f6bd1.txt","test"
"train","000578_jpg.rf.beaa0aa9e99005e91f4fd6aa0b82a430.jpg","000578_jpg.rf.beaa0aa9e99005e91f4fd6aa0b82a430.txt","train"
"train","001673_JPG_jpg.rf.d7fb503d1f1f59055e8048fd766ba7d6.jpg","001673_JPG_jpg.rf.d7fb503d1f1f59055e8048fd766ba7d6.txt","train"
"train","000668_jpg.rf.47fb15e8ee07b8968d58654cd1fc62c8.jpg","000668_jpg.rf.47fb15e8ee07b8968d58654cd1fc62c8.txt","train"
"train","road323_png.rf.5b9fc218765fbaf8b04083491492cc1e.jpg","road323_png.rf.5b9fc218765fbaf8b04083491492cc1e.txt","test"
"train","001451_jpg.rf.b00c265aebb1e0a21b13722af6c1b9d9.jpg","001451_jpg.rf.b00c265aebb1e0a21b13722af6c1b9d9.txt","train"
"train","road431_png.rf.4d79dd0a6463a0e4d98e9a8b182cf05c.jpg","road431_png.rf.4d79dd0a6463a0e4d98e9a8b182cf05c.txt","test"
"train","FisheyeCamera_1_00020_png.rf.87d027ab36770e3a5f83528fab81778c.jpg","FisheyeCamera_1_00020_png.rf.87d027ab36770e3a5f83528fab81778c.txt","train"
"train","000138_jpg.rf.bdb9b4a65c3cdf0051bf3888afea08ba.jpg","000138_jpg.rf.bdb9b4a65c3cdf0051bf3888afea08ba.txt","train"
"train","FisheyeCamera_1_00212_png.rf.3d1e0dacdfd59206d5edc73c21dd3bc9.jpg","FisheyeCamera_1_00212_png.rf.3d1e0dacdfd59206d5edc73c21dd3bc9.txt","train"
"train","00014_00010_00004_png.rf.1c8dbaad3733178aa630d729de924ff1.jpg","00014_00010_00004_png.rf.1c8dbaad3733178aa630d729de924ff1.txt","valid"
"train","000461_jpg.rf.76d6c677c8eeb3012908739be0338b78.jpg","000461_jpg.rf.76d6c677c8eeb3012908739be0338b78.txt","valid"
"train","00014_00006_00020_png.rf.995f8b2166d1ad36417801446f6b0781.jpg","00014_00006_00020_png.rf.995f8b2166d1ad36417801446f6b0781.txt","train"
"train","00014_00008_00000_png.rf.e675fd803a7b3863e555535c3326185b.jpg","00014_00008_00000_png.rf.e675fd803a7b3863e555535c3326185b.txt","train"
"train","00004_00022_00011_png.rf.c7b35e580bc57b2aa508fbcc69a43e6f.jpg","00004_00022_00011_png.rf.c7b35e580bc57b2aa508fbcc69a43e6f.txt","valid"
"train","FisheyeCamera_1_00282_png.rf.765297f9bd286d1376a76570caddd407.jpg","FisheyeCamera_1_00282_png.rf.765297f9bd286d1376a76570caddd407.txt","test"
"train","000192_jpg.rf.843c7ae2527297f2d51eaa0af30c44f9.jpg","000192_jpg.rf.843c7ae2527297f2d51eaa0af30c44f9.txt","train"
"train","00014_00002_00002_png.rf.337ff31a5a9628657d66660dbc462939.jpg","00014_00002_00002_png.rf.337ff31a5a9628657d66660dbc462939.txt","train"
"train","00003_00018_00023_png.rf.08f144f3ef49ae4e77e9198fbfb17539.jpg","00003_00018_00023_png.rf.08f144f3ef49ae4e77e9198fbfb17539.txt","train"
"train","000429_jpg.rf.86d747d074dd9218673290ad3c0f4dae.jpg","000429_jpg.rf.86d747d074dd9218673290ad3c0f4dae.txt","train"
"train","road167_png.rf.58f0fe4205620b06cdd034b8c8822cd9.jpg","road167_png.rf.58f0fe4205620b06cdd034b8c8822cd9.txt","train"
"train","000292_jpg.rf.941c84529a5333075dfc899c75264df7.jpg","000292_jpg.rf.941c84529a5333075dfc899c75264df7.txt","train"
"train","000392_jpg.rf.f84d0c25c4dd036cdff053e2af76a083.jpg","000392_jpg.rf.f84d0c25c4dd036cdff053e2af76a083.txt","train"
"train","00000_00002_00010_png.rf.1badf24b33f23d82fd51b1ac90ec3d88.jpg","00000_00002_00010_png.rf.1badf24b33f23d82fd51b1ac90ec3d88.txt","train"
"train","001825_JPG_jpg.rf.910c69ae33613f2f6f7341cca69c0bf4.jpg","001825_JPG_jpg.rf.910c69ae33613f2f6f7341cca69c0bf4.txt","train"
"train","000155_jpg.rf.f509859a3879c8b2b672738d73427aa8.jpg","000155_jpg.rf.f509859a3879c8b2b672738d73427aa8.txt","train"
"train","00000_00006_00004_png.rf.66ea736412e07eae461edee83b2c058f.jpg","00000_00006_00004_png.rf.66ea736412e07eae461edee83b2c058f.txt","valid"
"train","00003_00003_00009_png.rf.6385839c6e8d3c3047f21e61cd174865.jpg","00003_00003_00009_png.rf.6385839c6e8d3c3047f21e61cd174865.txt","train"
"train","00004_00021_00016_png.rf.68cb5dbac740a890d896fe46b8568326.jpg","00004_00021_00016_png.rf.68cb5dbac740a890d896fe46b8568326.txt","train"
"train","00005_00021_00013_png.rf.417ebea0599199c77a58dda778924358.jpg","00005_00021_00013_png.rf.417ebea0599199c77a58dda778924358.txt","train"
"train","00000_00003_00015_png.rf.a2723cc9136255f5d304c542d67828cf.jpg","00000_00003_00015_png.rf.a2723cc9136255f5d304c542d67828cf.txt","train"
"train","00014_00008_00017_png.rf.779c73dcb9065cc55ba2c31230051b02.jpg","00014_00008_00017_png.rf.779c73dcb9065cc55ba2c31230051b02.txt","valid"
"train","00002_00000_00027_png.rf.8085e3f1b183f827c448c24434e7df68.jpg","00002_00000_00027_png.rf.8085e3f1b183f827c448c24434e7df68.txt","train"
"train","00003_00006_00022_png.rf.8aa9ddb47fdc9eff0927201bc337411e.jpg","00003_00006_00022_png.rf.8aa9ddb47fdc9eff0927201bc337411e.txt","valid"
"train","00004_00038_00012_png.rf.2a58291bdb2e83637f21d4aa71b0ad51.jpg","00004_00038_00012_png.rf.2a58291bdb2e83637f21d4aa71b0ad51.txt","train"
"train","00003_00013_00024_png.rf.618ea0dd2ad0b949bee25b1474900a71.jpg","00003_00013_00024_png.rf.618ea0dd2ad0b949bee25b1474900a71.txt","train"
"train","00004_00059_00010_png.rf.3751c9c211ad4caabcffee6e9f89b91f.jpg","00004_00059_00010_png.rf.3751c9c211ad4caabcffee6e9f89b91f.txt","test"
"train","road855_png.rf.eaa763e6eb40cadb660b8073fddeaead.jpg","road855_png.rf.eaa763e6eb40cadb660b8073fddeaead.txt","train"
"train","FisheyeCamera_1_00218_png.rf.2f65df69293ddee90363907eb848a029.jpg","FisheyeCamera_1_00218_png.rf.2f65df69293ddee90363907eb848a029.txt","train"
"train","000394_jpg.rf.f60845c79b23151d332c7e6f3663d1e8.jpg","000394_jpg.rf.f60845c79b23151d332c7e6f3663d1e8.txt","valid"
"train","00004_00050_00010_png.rf.d6e0437d4da9e53187108fcefb6b1735.jpg","00004_00050_00010_png.rf.d6e0437d4da9e53187108fcefb6b1735.txt","train"
"train","road648_png.rf.3b1d7f1c6f7b2288c6e9d6762c6176b8.jpg","road648_png.rf.3b1d7f1c6f7b2288c6e9d6762c6176b8.txt","valid"
"train","00001_00017_00023_png.rf.b430877c4ed34afe242c15eb6048d849.jpg","00001_00017_00023_png.rf.b430877c4ed34afe242c15eb6048d849.txt","train"
"train","000961_JPG_jpg.rf.b6177133e88e2d16eb23394f1c38c8e2.jpg","000961_JPG_jpg.rf.b6177133e88e2d16eb23394f1c38c8e2.txt","valid"
"train","000888_JPG_jpg.rf.7b91f7b06cf18e2443cbf8886243cdef.jpg","000888_JPG_jpg.rf.7b91f7b06cf18e2443cbf8886243cdef.txt","train"
"train","00008_00020_00010_png.rf.c6afb4245065e21d9841885a0bff17bc.jpg","00008_00020_00010_png.rf.c6afb4245065e21d9841885a0bff17bc.txt","train"
"train","00008_00018_00000_png.rf.bb1b289f448f664d7c8dae3812535e46.jpg","00008_00018_00000_png.rf.bb1b289f448f664d7c8dae3812535e46.txt","train"
"train","00014_00022_00001_png.rf.272df662a1e8d6633e64765a372802a9.jpg","00014_00022_00001_png.rf.272df662a1e8d6633e64765a372802a9.txt","valid"
"train","001406_jpg.rf.9fdee1690b73eb2a543564c416aaf087.jpg","001406_jpg.rf.9fdee1690b73eb2a543564c416aaf087.txt","train"
"train","000303_jpg.rf.26d14f897612d401e30f0174e5d400c3.jpg","000303_jpg.rf.26d14f897612d401e30f0174e5d400c3.txt","train"
"train","000913_jpg.rf.1eed1dc9ee3a22583361b9d795b87ccd.jpg","000913_jpg.rf.1eed1dc9ee3a22583361b9d795b87ccd.txt","valid"
"train","00000_00003_00023_png.rf.30d473606e7c702c7c516311adf50b8e.jpg","00000_00003_00023_png.rf.30d473606e7c702c7c516311adf50b8e.txt","train"
"train","000589_jpg.rf.232a29b449fd0863be21b1728e3e0671.jpg","000589_jpg.rf.232a29b449fd0863be21b1728e3e0671.txt","train"
"train","000715_jpg.rf.6cc9bd1058324667db4dd3ea26d57bd7.jpg","000715_jpg.rf.6cc9bd1058324667db4dd3ea26d57bd7.txt","train"
"train","FisheyeCamera_1_00159_png.rf.3e5a3d13af62d75836b0d005f789fc98.jpg","FisheyeCamera_1_00159_png.rf.3e5a3d13af62d75836b0d005f789fc98.txt","train"
"train","00001_00064_00019_png.rf.ea8245a24e4ff38e8c548f80a1b24cc5.jpg","00001_00064_00019_png.rf.ea8245a24e4ff38e8c548f80a1b24cc5.txt","test"
"train","00003_00040_00016_png.rf.724900889a284b90efd9dd08c5453462.jpg","00003_00040_00016_png.rf.724900889a284b90efd9dd08c5453462.txt","train"
"train","000563_jpg.rf.242fe62f11621acbd4e351547ef3b5f1.jpg","000563_jpg.rf.242fe62f11621acbd4e351547ef3b5f1.txt","train"
"train","000891_jpg.rf.e73055376e696a66fea72474feb3aa79.jpg","000891_jpg.rf.e73055376e696a66fea72474feb3aa79.txt","train"
"train","road852_png.rf.7ec4e257fc41289c5892ae9374956aaf.jpg","road852_png.rf.7ec4e257fc41289c5892ae9374956aaf.txt","valid"
"train","000101_jpg.rf.ffabe3708bacf90b7fdd42f388c7497b.jpg","000101_jpg.rf.ffabe3708bacf90b7fdd42f388c7497b.txt","train"
"train","road296_png.rf.338f3827c9c15109f0dad864e18cad78.jpg","road296_png.rf.338f3827c9c15109f0dad864e18cad78.txt","train"
"train","FisheyeCamera_1_00376_png.rf.ec0571ee0dda525cf59b67c8c91b2883.jpg","FisheyeCamera_1_00376_png.rf.ec0571ee0dda525cf59b67c8c91b2883.txt","train"
"train","00000_00000_00004_png.rf.a6c4fc14566460f89d8a7efa05bd383d.jpg","00000_00000_00004_png.rf.a6c4fc14566460f89d8a7efa05bd383d.txt","train"
"train","FisheyeCamera_1_00273_png.rf.e74aedddef058b2a6c1b7a5e8437bc19.jpg","FisheyeCamera_1_00273_png.rf.e74aedddef058b2a6c1b7a5e8437bc19.txt","train"
"train","road683_png.rf.ae08ddb8536adc83507b9e2ba0b137ae.jpg","road683_png.rf.ae08ddb8536adc83507b9e2ba0b137ae.txt","valid"
"train","road376_png.rf.4dbea58aefa4e6781b6e8c86fe88872c.jpg","road376_png.rf.4dbea58aefa4e6781b6e8c86fe88872c.txt","train"
"train","000819_jpg.rf.7c7d525edaf7e4e9e8784608e2b23b47.jpg","000819_jpg.rf.7c7d525edaf7e4e9e8784608e2b23b47.txt","train"
"train","000449_jpg.rf.f28a977c4964fdb8d0cccf44c554633e.jpg","000449_jpg.rf.f28a977c4964fdb8d0cccf44c554633e.txt","train"
"train","00002_00015_00005_png.rf.f39437af60e1d3d5e3b29f2342ee6e29.jpg","00002_00015_00005_png.rf.f39437af60e1d3d5e3b29f2342ee6e29.txt","train"
"train","00008_00043_00023_png.rf.ade6e73e871314281f05f1c5a1124010.jpg","00008_00043_00023_png.rf.ade6e73e871314281f05f1c5a1124010.txt","train"
"train","FisheyeCamera_1_00607_png.rf.122d1e399172af56a967162ffa27c06c.jpg","FisheyeCamera_1_00607_png.rf.122d1e399172af56a967162ffa27c06c.txt","train"
"train","road293_png.rf.d331fac708afd7c6e27aac0c048bd84e.jpg","road293_png.rf.d331fac708afd7c6e27aac0c048bd84e.txt","train"
"train","001408_jpg.rf.aeb4cd3d408e7510294320ebc7019c36.jpg","001408_jpg.rf.aeb4cd3d408e7510294320ebc7019c36.txt","valid"
"train","000290_jpg.rf.c7f9f0d012dc62fcb14ff0cd5c004f9f.jpg","000290_jpg.rf.c7f9f0d012dc62fcb14ff0cd5c004f9f.txt","valid"
"train","00003_00036_00006_png.rf.45e42dc791c335f953451538429d6362.jpg","00003_00036_00006_png.rf.45e42dc791c335f953451538429d6362.txt","train"
"train","road344_png.rf.28f3322719d5c8c72c282d84428de33f.jpg","road344_png.rf.28f3322719d5c8c72c282d84428de33f.txt","train"
"train","00003_00044_00011_png.rf.a47d05b0bcc6c9ce8903b3c484002c57.jpg","00003_00044_00011_png.rf.a47d05b0bcc6c9ce8903b3c484002c57.txt","valid"
"train","00004_00000_00010_png.rf.ec48fd37b8ff81074d0d5b98874fe462.jpg","00004_00000_00010_png.rf.ec48fd37b8ff81074d0d5b98874fe462.txt","train"
"train","road756_png.rf.2556369befd7afa7df79cd227f0b874c.jpg","road756_png.rf.2556369befd7afa7df79cd227f0b874c.txt","train"
"train","000858_jpg.rf.31dd3e16a371f853626de63df0df0f48.jpg","000858_jpg.rf.31dd3e16a371f853626de63df0df0f48.txt","train"
"train","00008_00009_00012_png.rf.a03e03adf0c28b2fc202405975ef3478.jpg","00008_00009_00012_png.rf.a03e03adf0c28b2fc202405975ef3478.txt","test"
"train","000357_jpg.rf.2a46db7a495ff3858824daf41cab2bf8.jpg","000357_jpg.rf.2a46db7a495ff3858824daf41cab2bf8.txt","train"
"train","000498_jpg.rf.f9da618a258d03b649cb8894d9e519ce.jpg","000498_jpg.rf.f9da618a258d03b649cb8894d9e519ce.txt","valid"
"train","00007_00002_00025_png.rf.5cf4ef630d4aea2e1474c24f31a6d7d9.jpg","00007_00002_00025_png.rf.5cf4ef630d4aea2e1474c24f31a6d7d9.txt","train"
"train","000709_jpg.rf.1efd529f7e6e2ebcb910876fc3d718fd.jpg","000709_jpg.rf.1efd529f7e6e2ebcb910876fc3d718fd.txt","train"
"train","00000_00004_00026_png.rf.3b5552a8dacad94258538d6b66a71ba7.jpg","00000_00004_00026_png.rf.3b5552a8dacad94258538d6b66a71ba7.txt","train"
"train","FisheyeCamera_1_00005_png.rf.6e8cf9ae3db01e638673c6709e0cdc03.jpg","FisheyeCamera_1_00005_png.rf.6e8cf9ae3db01e638673c6709e0cdc03.txt","test"
"train","00008_00019_00015_png.rf.d871f2652d56890828f5901ba8b4d8ac.jpg","00008_00019_00015_png.rf.d871f2652d56890828f5901ba8b4d8ac.txt","train"
"train","000189_jpg.rf.1fa1d0d8bac0400f1acd46e7d960ca49.jpg","000189_jpg.rf.1fa1d0d8bac0400f1acd46e7d960ca49.txt","train"
"train","00003_00008_00025_png.rf.86af96882e2d8848999e3be08780a1b5.jpg","00003_00008_00025_png.rf.86af96882e2d8848999e3be08780a1b5.txt","valid"
"train","FisheyeCamera_1_00172_png.rf.78ea1798c019c44ae220d421f9d21f9b.jpg","FisheyeCamera_1_00172_png.rf.78ea1798c019c44ae220d421f9d21f9b.txt","train"
"train","00004_00022_00013_png.rf.68e412d1814a3d3c350a6d38cbc7c657.jpg","00004_00022_00013_png.rf.68e412d1814a3d3c350a6d38cbc7c657.txt","train"
"train","road345_png.rf.5f918b2db39515bfb038bb5aba27d140.jpg","road345_png.rf.5f918b2db39515bfb038bb5aba27d140.txt","train"
"train","00000_00005_00004_png.rf.18b94dce06028dd2a391de18bcc008cc.jpg","00000_00005_00004_png.rf.18b94dce06028dd2a391de18bcc008cc.txt","valid"
"train","00014_00012_00003_png.rf.1edf3badb49a535d9bce66782247ab45.jpg","00014_00012_00003_png.rf.1edf3badb49a535d9bce66782247ab45.txt","train"
"train","00002_00018_00001_png.rf.db6cc6236c46e7e91a52418647ac111d.jpg","00002_00018_00001_png.rf.db6cc6236c46e7e91a52418647ac111d.txt","valid"
"train","001620_JPG_jpg.rf.29c65e4b2f03d47d9a4f609463b41b8f.jpg","001620_JPG_jpg.rf.29c65e4b2f03d47d9a4f609463b41b8f.txt","valid"
"train","001663_JPG_jpg.rf.029856ec855ab528d4b6ee5dc1e16a14.jpg","001663_JPG_jpg.rf.029856ec855ab528d4b6ee5dc1e16a14.txt","train"
"train","road768_png.rf.8c44456cd85023dae87e44c21faaffe1.jpg","road768_png.rf.8c44456cd85023dae87e44c21faaffe1.txt","train"
"train","00007_00040_00021_png.rf.1d389c4e2570eca6569b5eacc7ee63ec.jpg","00007_00040_00021_png.rf.1d389c4e2570eca6569b5eacc7ee63ec.txt","train"
"train","00004_00016_00000_png.rf.77430f67cb47a8f581826e702fa9e6b2.jpg","00004_00016_00000_png.rf.77430f67cb47a8f581826e702fa9e6b2.txt","train"
"train","00008_00009_00022_png.rf.6f5c1bcd3f816c08cdc73559ed791881.jpg","00008_00009_00022_png.rf.6f5c1bcd3f816c08cdc73559ed791881.txt","train"
"train","000790_jpg.rf.a31899a4f7922aee588f73a67d196941.jpg","000790_jpg.rf.a31899a4f7922aee588f73a67d196941.txt","train"
"train","road351_png.rf.c559393cfd847751aa7bc78710f87172.jpg","road351_png.rf.c559393cfd847751aa7bc78710f87172.txt","test"
"train","road22_png.rf.5f45d66cd5ff774b865c5d28a87476b4.jpg","road22_png.rf.5f45d66cd5ff774b865c5d28a87476b4.txt","train"
"train","00001_00042_00000_png.rf.49d048754ff2a96c8fa26eed831b9e94.jpg","00001_00042_00000_png.rf.49d048754ff2a96c8fa26eed831b9e94.txt","test"
"train","001249_jpg.rf.c21f2df1cedeab34e309a6dce000369e.jpg","001249_jpg.rf.c21f2df1cedeab34e309a6dce000369e.txt","train"
"train","000210_jpg.rf.fc7f09b2d3d5c56247e23b8780fbaa81.jpg","000210_jpg.rf.fc7f09b2d3d5c56247e23b8780fbaa81.txt","train"
"train","00007_00040_00018_png.rf.3082b514d6a8eea09923e9e319ab708c.jpg","00007_00040_00018_png.rf.3082b514d6a8eea09923e9e319ab708c.txt","train"
"train","road384_png.rf.2fd72c21ea2e08c8a6237aa6417282c2.jpg","road384_png.rf.2fd72c21ea2e08c8a6237aa6417282c2.txt","valid"
"train","road672_png.rf.a717f00cd83d34f9ab7e220a2a4ef3f6.jpg","road672_png.rf.a717f00cd83d34f9ab7e220a2a4ef3f6.txt","valid"
"train","00004_00059_00027_png.rf.dfd3b0a7b222fd5d603810d7b1e66a0e.jpg","00004_00059_00027_png.rf.dfd3b0a7b222fd5d603810d7b1e66a0e.txt","train"
"train","road621_png.rf.54ac7fddd8947a5ec5e9d60b39430dc2.jpg","road621_png.rf.54ac7fddd8947a5ec5e9d60b39430dc2.txt","train"
"train","000070_jpg.rf.7535b31e3577851b75ea1b162df58649.jpg","000070_jpg.rf.7535b31e3577851b75ea1b162df58649.txt","train"
"train","FisheyeCamera_1_01067_png.rf.3bc6d6804cd50e0507eb0afa0facae1b.jpg","FisheyeCamera_1_01067_png.rf.3bc6d6804cd50e0507eb0afa0facae1b.txt","train"
"train","FisheyeCamera_1_00452_png.rf.cb2f79e26a2397b840bdaac999584ed2.jpg","FisheyeCamera_1_00452_png.rf.cb2f79e26a2397b840bdaac999584ed2.txt","train"
"train","00008_00008_00020_png.rf.a421aae20aaee45c151e5eef7e08d9cf.jpg","00008_00008_00020_png.rf.a421aae20aaee45c151e5eef7e08d9cf.txt","valid"
"train","road658_png.rf.73dd31fdc16d5c88c7602ed7fbd77df0.jpg","road658_png.rf.73dd31fdc16d5c88c7602ed7fbd77df0.txt","train"
"train","road309_png.rf.2c3867239ef021be926f58ef1e5af404.jpg","road309_png.rf.2c3867239ef021be926f58ef1e5af404.txt","valid"
"train","001021_jpg.rf.13c3e45afca120b032df4b5455bf7336.jpg","001021_jpg.rf.13c3e45afca120b032df4b5455bf7336.txt","train"
"train","000299_jpg.rf.5bfe54a87a6b032bad57ade4ceff2773.jpg","000299_jpg.rf.5bfe54a87a6b032bad57ade4ceff2773.txt","valid"
"train","000743_jpg.rf.e42cb1de578dc1ef069977630d2ed965.jpg","000743_jpg.rf.e42cb1de578dc1ef069977630d2ed965.txt","valid"
"train","road623_png.rf.01821cf73bde265829d99b69f56b80bc.jpg","road623_png.rf.01821cf73bde265829d99b69f56b80bc.txt","train"
"train","00001_00014_00020_png.rf.350f6b064bae632b14816ca2b04a3b6d.jpg","00001_00014_00020_png.rf.350f6b064bae632b14816ca2b04a3b6d.txt","test"
"train","FisheyeCamera_1_00216_png.rf.6042f5257e552cca38c2c3b6cf72fa84.jpg","FisheyeCamera_1_00216_png.rf.6042f5257e552cca38c2c3b6cf72fa84.txt","train"
"train","000576_jpg.rf.381aa33acaa05cac50a8be7b17d6319b.jpg","000576_jpg.rf.381aa33acaa05cac50a8be7b17d6319b.txt","train"
"train","e0ba04ed-d9f5-41b1-8ac1-45a4111280dd_jpg.rf.383d08f450bb0030208a619c281abdbe.jpg","e0ba04ed-d9f5-41b1-8ac1-45a4111280dd_jpg.rf.383d08f450bb0030208a619c281abdbe.txt","train"
"train","073e6659-d0b9-4d10-aa6b-00121a9a0f33_jpg.rf.41e909148f894e4baad491b3620f3684.jpg","073e6659-d0b9-4d10-aa6b-00121a9a0f33_jpg.rf.41e909148f894e4baad491b3620f3684.txt","train"
"train","00002_00002_00027_png.rf.30af0c834806e638293b5b60583c0de0.jpg","00002_00002_00027_png.rf.30af0c834806e638293b5b60583c0de0.txt","train"
"train","000846_jpg.rf.8c68212a15d4797fb764350bb8d9e788.jpg","000846_jpg.rf.8c68212a15d4797fb764350bb8d9e788.txt","train"
"train","FisheyeCamera_1_00051_png.rf.fa9fc68c9f04c59b52e06220017a7392.jpg","FisheyeCamera_1_00051_png.rf.fa9fc68c9f04c59b52e06220017a7392.txt","train"
"train","FisheyeCamera_1_00274_png.rf.ef0d03b4c1537019eb7dc0492182a725.jpg","FisheyeCamera_1_00274_png.rf.ef0d03b4c1537019eb7dc0492182a725.txt","train"
"train","road764_png.rf.3b281ca9550f7582d9ac58814a80f47b.jpg","road764_png.rf.3b281ca9550f7582d9ac58814a80f47b.txt","train"
"train","00005_00000_00022_png.rf.59205558be42b6f269b3dce33b7d1ab9.jpg","00005_00000_00022_png.rf.59205558be42b6f269b3dce33b7d1ab9.txt","train"
"train","00003_00037_00023_png.rf.80b5667c1d9d53b1ad7a73459c766553.jpg","00003_00037_00023_png.rf.80b5667c1d9d53b1ad7a73459c766553.txt","train"
"train","road706_png.rf.e6f94f6c4bfeae75c35e840c63eb4be3.jpg","road706_png.rf.e6f94f6c4bfeae75c35e840c63eb4be3.txt","train"
"train","00003_00035_00023_png.rf.8c24b08342196d59a085cd6f0a95c765.jpg","00003_00035_00023_png.rf.8c24b08342196d59a085cd6f0a95c765.txt","train"
"train","00000_00004_00027_png.rf.9e7fc86addcb5ea9f41e303d10ad2940.jpg","00000_00004_00027_png.rf.9e7fc86addcb5ea9f41e303d10ad2940.txt","test"
"train","000233_jpg.rf.8cdc23b89cf32c55f6e39130729c12bf.jpg","000233_jpg.rf.8cdc23b89cf32c55f6e39130729c12bf.txt","train"
"train","FisheyeCamera_1_00275_png.rf.35c13cf6e700c0c886428dbcb00d725b.jpg","FisheyeCamera_1_00275_png.rf.35c13cf6e700c0c886428dbcb00d725b.txt","train"
"train","FisheyeCamera_1_00104_png.rf.d559d8fbef7c80b7d8a1b490225b0e25.jpg","FisheyeCamera_1_00104_png.rf.d559d8fbef7c80b7d8a1b490225b0e25.txt","train"
"train","road442_png.rf.a67063e7c421f1da396a5681d8d1214e.jpg","road442_png.rf.a67063e7c421f1da396a5681d8d1214e.txt","train"
"train","000517_jpg.rf.fa925e5b48fffdc515ad3b0f57f208dd.jpg","000517_jpg.rf.fa925e5b48fffdc515ad3b0f57f208dd.txt","train"
"train","00000_00001_00010_png.rf.0a787dd65dff051e5a6a0d288e49c7f4.jpg","00000_00001_00010_png.rf.0a787dd65dff051e5a6a0d288e49c7f4.txt","train"
"train","001822_JPG_jpg.rf.ecdc07d46045c4b7dc4cdaf49f802c4e.jpg","001822_JPG_jpg.rf.ecdc07d46045c4b7dc4cdaf49f802c4e.txt","valid"
"train","FisheyeCamera_1_00180_png.rf.5dc06d80358e58f7f6adb49b515ca85d.jpg","FisheyeCamera_1_00180_png.rf.5dc06d80358e58f7f6adb49b515ca85d.txt","train"
"train","000788_jpg.rf.569698e6d1192e1d6a24a4fd93790ba9.jpg","000788_jpg.rf.569698e6d1192e1d6a24a4fd93790ba9.txt","train"
"train","00000_00005_00018_png.rf.e1d6f0a34d92f4bb53ce15bc80a85fd9.jpg","00000_00005_00018_png.rf.e1d6f0a34d92f4bb53ce15bc80a85fd9.txt","valid"
"train","FisheyeCamera_1_00470_png.rf.2b99c5d433825d0d1a4b2e1b9bbb5831.jpg","FisheyeCamera_1_00470_png.rf.2b99c5d433825d0d1a4b2e1b9bbb5831.txt","train"
"train","001065_jpg.rf.d38b1f6bce0e0db3ea0c15861a2fdb89.jpg","001065_jpg.rf.d38b1f6bce0e0db3ea0c15861a2fdb89.txt","train"
"train","road399_png.rf.64eea7e5d796fe7ca3d9f8321997f05e.jpg","road399_png.rf.64eea7e5d796fe7ca3d9f8321997f05e.txt","train"
"train","FisheyeCamera_1_00230_png.rf.0056c5afb4bd1e380d8906482c8485d6.jpg","FisheyeCamera_1_00230_png.rf.0056c5afb4bd1e380d8906482c8485d6.txt","train"
"train","00004_00018_00008_png.rf.f93f5912fb5fc2c73a4007bbeccee895.jpg","00004_00018_00008_png.rf.f93f5912fb5fc2c73a4007bbeccee895.txt","train"
"train","000767_jpg.rf.7f10dd987f93fa966fa70b9c5676c11e.jpg","000767_jpg.rf.7f10dd987f93fa966fa70b9c5676c11e.txt","train"
"train","road487_png.rf.7251933d6a7d5e993dd33cf91b9dcf24.jpg","road487_png.rf.7251933d6a7d5e993dd33cf91b9dcf24.txt","test"
"train","road109_png.rf.73b00a7c3654ca0ad39f7b1ce22f1da6.jpg","road109_png.rf.73b00a7c3654ca0ad39f7b1ce22f1da6.txt","test"
"train","road393_png.rf.44e1ab1c7977d64db7616acdedb50c3f.jpg","road393_png.rf.44e1ab1c7977d64db7616acdedb50c3f.txt","test"
"train","road90_png.rf.e99e9432c3170204dc53ef4f39be2d65.jpg","road90_png.rf.e99e9432c3170204dc53ef4f39be2d65.txt","valid"
"train","000044_jpg.rf.ddedc0c0cb887a3a2e285e0c579330a1.jpg","000044_jpg.rf.ddedc0c0cb887a3a2e285e0c579330a1.txt","valid"
"train","000282_jpg.rf.55512022f9da0f55b01515bb6deca2b6.jpg","000282_jpg.rf.55512022f9da0f55b01515bb6deca2b6.txt","test"
"train","FisheyeCamera_1_00587_png.rf.d78240fc78366c49299c36ca74911988.jpg","FisheyeCamera_1_00587_png.rf.d78240fc78366c49299c36ca74911988.txt","test"
"train","a2d41977-49e4-4f27-9679-893bd9a11333_jpg.rf.56ca60db246ba3e1485879ab7fe53461.jpg","a2d41977-49e4-4f27-9679-893bd9a11333_jpg.rf.56ca60db246ba3e1485879ab7fe53461.txt","train"
"train","00003_00043_00027_png.rf.57a310a1c9069b10f861fafb10b103e8.jpg","00003_00043_00027_png.rf.57a310a1c9069b10f861fafb10b103e8.txt","train"
"train","00004_00029_00020_png.rf.3064579c1fb462501cb9811e9cbf70a5.jpg","00004_00029_00020_png.rf.3064579c1fb462501cb9811e9cbf70a5.txt","train"
"train","00001_00024_00019_png.rf.ff9351c9bba087592fb0ef8b33501e0d.jpg","00001_00024_00019_png.rf.ff9351c9bba087592fb0ef8b33501e0d.txt","valid"
"train","001292_jpg.rf.f838cde479bba572cd394e31cf552f5d.jpg","001292_jpg.rf.f838cde479bba572cd394e31cf552f5d.txt","valid"
"train","FisheyeCamera_1_00303_png.rf.0a022862df4c52b2d4dd8a3030dd5b18.jpg","FisheyeCamera_1_00303_png.rf.0a022862df4c52b2d4dd8a3030dd5b18.txt","train"
"train","00001_00065_00018_png.rf.c29d7c5700ceeeeff35f057172a0e0c7.jpg","00001_00065_00018_png.rf.c29d7c5700ceeeeff35f057172a0e0c7.txt","train"
"train","road638_png.rf.f1cc02f34f814f386b6051f1934e44bc.jpg","road638_png.rf.f1cc02f34f814f386b6051f1934e44bc.txt","train"
"train","36bd94e8-faed-41ae-bca6-c17fb37947d2_jpg.rf.036dfabb57919a0052468288910fedd9.jpg","36bd94e8-faed-41ae-bca6-c17fb37947d2_jpg.rf.036dfabb57919a0052468288910fedd9.txt","valid"
"train","000067_jpg.rf.aee0e88e9b1a97d25e200623af5bbdd4.jpg","000067_jpg.rf.aee0e88e9b1a97d25e200623af5bbdd4.txt","train"
"train","road432_png.rf.fa48140e8f5f21e691a2267ea108e96c.jpg","road432_png.rf.fa48140e8f5f21e691a2267ea108e96c.txt","valid"
"train","FisheyeCamera_1_00296_png.rf.c746454f22e8b41b8e7418bb93966bb4.jpg","FisheyeCamera_1_00296_png.rf.c746454f22e8b41b8e7418bb93966bb4.txt","train"
"train","00004_00030_00003_png.rf.215e1c21097e225cc6c0bd1a0ba26a68.jpg","00004_00030_00003_png.rf.215e1c21097e225cc6c0bd1a0ba26a68.txt","test"
"train","000345_jpg.rf.1edda53a550572e13cd4462fe35a5b02.jpg","000345_jpg.rf.1edda53a550572e13cd4462fe35a5b02.txt","train"
"train","00007_00043_00022_png.rf.03fd4d657ea67778a09310775172de69.jpg","00007_00043_00022_png.rf.03fd4d657ea67778a09310775172de69.txt","train"
"train","000326_jpg.rf.8625e31b94d541d9c62d94fb6c0227d8.jpg","000326_jpg.rf.8625e31b94d541d9c62d94fb6c0227d8.txt","train"
"train","00001_00066_00006_png.rf.842f9248bf1156119ff2a985fff51686.jpg","00001_00066_00006_png.rf.842f9248bf1156119ff2a985fff51686.txt","train"
"train","00002_00062_00007_png.rf.b3e0f09b77dfb2ec386794dcea07fc51.jpg","00002_00062_00007_png.rf.b3e0f09b77dfb2ec386794dcea07fc51.txt","valid"
"train","001646_JPG_jpg.rf.160f3387281391f6a74fdbab3bf6d472.jpg","001646_JPG_jpg.rf.160f3387281391f6a74fdbab3bf6d472.txt","train"
"train","road35_png.rf.3f9fb5bd54f3a7127f0ae53ac9b87740.jpg","road35_png.rf.3f9fb5bd54f3a7127f0ae53ac9b87740.txt","train"
"train","FisheyeCamera_1_00962_png.rf.a6692f8516f5078b3ec13438461393a0.jpg","FisheyeCamera_1_00962_png.rf.a6692f8516f5078b3ec13438461393a0.txt","train"
"train","00002_00028_00014_png.rf.5f276f9195611a0e245c30f1fa373e15.jpg","00002_00028_00014_png.rf.5f276f9195611a0e245c30f1fa373e15.txt","train"
"train","001212_jpg.rf.19e247207626db3bd16d1f6c4d2973ec.jpg","001212_jpg.rf.19e247207626db3bd16d1f6c4d2973ec.txt","train"
"train","0708c458-e992-419f-9a63-c7719ac9d769_jpg.rf.aa0c6b951c48eedd39a393facd0aa0d9.jpg","0708c458-e992-419f-9a63-c7719ac9d769_jpg.rf.aa0c6b951c48eedd39a393facd0aa0d9.txt","valid"
"train","000861_JPG_jpg.rf.e32fbda73a2d05702d87b9d398b188e1.jpg","000861_JPG_jpg.rf.e32fbda73a2d05702d87b9d398b188e1.txt","train"
"train","000131_jpg.rf.322d8f753c947e080f7167d26c5ca47f.jpg","000131_jpg.rf.322d8f753c947e080f7167d26c5ca47f.txt","valid"
"train","FisheyeCamera_1_00240_png.rf.c036691f74c66bdf715802ee596993a2.jpg","FisheyeCamera_1_00240_png.rf.c036691f74c66bdf715802ee596993a2.txt","train"
"train","001448_jpg.rf.92fc4df2e19d8cc82df79cd1b6604162.jpg","001448_jpg.rf.92fc4df2e19d8cc82df79cd1b6604162.txt","valid"
"train","FisheyeCamera_1_00155_png.rf.edea2e5780e7a22cdee20262a10fd6cc.jpg","FisheyeCamera_1_00155_png.rf.edea2e5780e7a22cdee20262a10fd6cc.txt","train"
"train","00000_00001_00014_png.rf.f6115f46cf77bc87bffad6a34d22352c.jpg","00000_00001_00014_png.rf.f6115f46cf77bc87bffad6a34d22352c.txt","valid"
"train","000942_JPG_jpg.rf.49063f10bd3804b3d33e54b58b190779.jpg","000942_JPG_jpg.rf.49063f10bd3804b3d33e54b58b190779.txt","train"
"train","001471_jpg.rf.ae61db43edcb702ab131b9c05ffbbb3c.jpg","001471_jpg.rf.ae61db43edcb702ab131b9c05ffbbb3c.txt","train"
"train","000735_jpg.rf.6b7153e6a1c98ce7fd55ae53377520fa.jpg","000735_jpg.rf.6b7153e6a1c98ce7fd55ae53377520fa.txt","test"
"train","00000_00002_00015_png.rf.48719968ef4d284328b6ef3d4552ea8c.jpg","00000_00002_00015_png.rf.48719968ef4d284328b6ef3d4552ea8c.txt","test"
"train","00007_00033_00029_png.rf.a8a15aa36c0684422a2e6cef93cec7d3.jpg","00007_00033_00029_png.rf.a8a15aa36c0684422a2e6cef93cec7d3.txt","train"
"train","00000_00005_00025_png.rf.836ef65604de38b726235a3eff1e466a.jpg","00000_00005_00025_png.rf.836ef65604de38b726235a3eff1e466a.txt","test"
"train","00007_00002_00021_png.rf.f36183a178639986297b08b31563a7a3.jpg","00007_00002_00021_png.rf.f36183a178639986297b08b31563a7a3.txt","test"
"train","road535_png.rf.86c55558836d61b194f83e5183e90e98.jpg","road535_png.rf.86c55558836d61b194f83e5183e90e98.txt","train"
"train","00000_00006_00000_png.rf.e91ad17a14cb909a386ce531e5e8e311.jpg","00000_00006_00000_png.rf.e91ad17a14cb909a386ce531e5e8e311.txt","train"
"train","FisheyeCamera_1_00019_png.rf.e13674f392dd6332309900c3809bf9a0.jpg","FisheyeCamera_1_00019_png.rf.e13674f392dd6332309900c3809bf9a0.txt","train"
"train","00004_00044_00020_png.rf.00d86a9e93a7b2f8b5db3f6aa2d64ade.jpg","00004_00044_00020_png.rf.00d86a9e93a7b2f8b5db3f6aa2d64ade.txt","train"
"train","000598_jpg.rf.7be2195508fc2d4c8da3640dfc2068d0.jpg","000598_jpg.rf.7be2195508fc2d4c8da3640dfc2068d0.txt","train"
"train","FisheyeCamera_1_00631_png.rf.f35d930aef41fe5fcac113b2a3d145f6.jpg","FisheyeCamera_1_00631_png.rf.f35d930aef41fe5fcac113b2a3d145f6.txt","test"
"train","00014_00007_00003_png.rf.37307694af1016696fd897c4cfff92da.jpg","00014_00007_00003_png.rf.37307694af1016696fd897c4cfff92da.txt","train"
"train","000532_jpg.rf.5992449e94d7280317b3a9f35085d2f5.jpg","000532_jpg.rf.5992449e94d7280317b3a9f35085d2f5.txt","train"
"train","00004_00020_00013_png.rf.7c2dd6b15d688d2f11997d06dfd6f9f9.jpg","00004_00020_00013_png.rf.7c2dd6b15d688d2f11997d06dfd6f9f9.txt","valid"
"train","00014_00012_00029_png.rf.d8bd3f43145a4879fc61a2aee3e498b0.jpg","00014_00012_00029_png.rf.d8bd3f43145a4879fc61a2aee3e498b0.txt","valid"
"train","001982_jpg.rf.f2587be9fa149e7aac73247da12e2b2d.jpg","001982_jpg.rf.f2587be9fa149e7aac73247da12e2b2d.txt","test"
"train","FisheyeCamera_1_00456_png.rf.eda9383b715154c873556998ab179f66.jpg","FisheyeCamera_1_00456_png.rf.eda9383b715154c873556998ab179f66.txt","train"
"train","000805_jpg.rf.94b5bf35efdb5251fc1de059d35a7c07.jpg","000805_jpg.rf.94b5bf35efdb5251fc1de059d35a7c07.txt","valid"
"train","FisheyeCamera_1_00191_png.rf.0d4ef74cd662467be538491fddb3ee8c.jpg","FisheyeCamera_1_00191_png.rf.0d4ef74cd662467be538491fddb3ee8c.txt","train"
"train","road860_png.rf.b486d364d1dcdfa41cbe73a760a7bd1d.jpg","road860_png.rf.b486d364d1dcdfa41cbe73a760a7bd1d.txt","valid"
"train","001672_JPG_jpg.rf.38b5cdd60bc4d5399a260efcd45c3ae7.jpg","001672_JPG_jpg.rf.38b5cdd60bc4d5399a260efcd45c3ae7.txt","train"
"train","000575_jpg.rf.bdca49c67a4a6736ee6dc4df6907b818.jpg","000575_jpg.rf.bdca49c67a4a6736ee6dc4df6907b818.txt","train"
"train","road546_png.rf.4bf733c77e29bf7a3abe07305224a245.jpg","road546_png.rf.4bf733c77e29bf7a3abe07305224a245.txt","train"
"train","00003_00045_00001_png.rf.7e6e500a62b4f263c8cf2a6140093c30.jpg","00003_00045_00001_png.rf.7e6e500a62b4f263c8cf2a6140093c30.txt","train"
"train","00004_00051_00013_png.rf.2f8f277112cc29dc869c9ebeefc4c960.jpg","00004_00051_00013_png.rf.2f8f277112cc29dc869c9ebeefc4c960.txt","train"
"train","00001_00061_00008_png.rf.64609a69e89082398fcf8ea758712545.jpg","00001_00061_00008_png.rf.64609a69e89082398fcf8ea758712545.txt","train"
"train","00005_00015_00021_png.rf.f01163bc69492df32196bbc750a3afd3.jpg","00005_00015_00021_png.rf.f01163bc69492df32196bbc750a3afd3.txt","train"
"train","00004_00040_00021_png.rf.5336b58fcb3fc6c527679a365799bdae.jpg","00004_00040_00021_png.rf.5336b58fcb3fc6c527679a365799bdae.txt","valid"
"train","FisheyeCamera_1_00969_png.rf.bd5338a1d0ded09c7a2d83b40e9b48d4.jpg","FisheyeCamera_1_00969_png.rf.bd5338a1d0ded09c7a2d83b40e9b48d4.txt","train"
"train","00014_00000_00002_png.rf.d3037551ca3a9426f09a5fd44178ee99.jpg","00014_00000_00002_png.rf.d3037551ca3a9426f09a5fd44178ee99.txt","train"
"train","000130_jpg.rf.704653677a7aa520f097f2c5b69467c7.jpg","000130_jpg.rf.704653677a7aa520f097f2c5b69467c7.txt","test"
"train","00004_00056_00028_png.rf.1ac1cf0462327237227095b953ad23f8.jpg","00004_00056_00028_png.rf.1ac1cf0462327237227095b953ad23f8.txt","train"
"train","FisheyeCamera_1_01029_png.rf.b1ee396ba1c067f6391c6587191bfb17.jpg","FisheyeCamera_1_01029_png.rf.b1ee396ba1c067f6391c6587191bfb17.txt","train"
"train","FisheyeCamera_1_00283_png.rf.8446e35af430d9c953026f73cf92e978.jpg","FisheyeCamera_1_00283_png.rf.8446e35af430d9c953026f73cf92e978.txt","test"
"train","road723_png.rf.899e4fc986cc401043343a2b0a05aa25.jpg","road723_png.rf.899e4fc986cc401043343a2b0a05aa25.txt","train"
"train","00000_00003_00010_png.rf.e7e0ad55892ea74724df46f2632fd6be.jpg","00000_00003_00010_png.rf.e7e0ad55892ea74724df46f2632fd6be.txt","valid"
"train","001063_jpg.rf.7f2c3351337ef68f2e4feec8c8f39d5f.jpg","001063_jpg.rf.7f2c3351337ef68f2e4feec8c8f39d5f.txt","train"
"train","001457_jpg.rf.0da6d25121966fe34abc903707246bad.jpg","001457_jpg.rf.0da6d25121966fe34abc903707246bad.txt","train"
"train","00014_00002_00027_png.rf.7b0d24c18ca319a4006ddf66177aad8b.jpg","00014_00002_00027_png.rf.7b0d24c18ca319a4006ddf66177aad8b.txt","valid"
"train","00014_00009_00009_png.rf.494124a7f8a449996ba9de1850b2950a.jpg","00014_00009_00009_png.rf.494124a7f8a449996ba9de1850b2950a.txt","test"
"train","FisheyeCamera_1_00005_png.rf.9c0bfcf185107480d55d396f6fc077de.jpg","FisheyeCamera_1_00005_png.rf.9c0bfcf185107480d55d396f6fc077de.txt","train"
"train","00002_00018_00000_png.rf.b17d59c11845dcc9f22f988d5bb70025.jpg","00002_00018_00000_png.rf.b17d59c11845dcc9f22f988d5bb70025.txt","valid"
"train","road464_png.rf.b184c2462009dd1eed1c7ac1ff9e84cf.jpg","road464_png.rf.b184c2462009dd1eed1c7ac1ff9e84cf.txt","train"
"train","00002_00028_00013_png.rf.7a7ebb204e2b8187691edc8ac6611a05.jpg","00002_00028_00013_png.rf.7a7ebb204e2b8187691edc8ac6611a05.txt","test"
"train","00008_00036_00018_png.rf.dd89279942316dd8fb6c8b5bfa6fe7c2.jpg","00008_00036_00018_png.rf.dd89279942316dd8fb6c8b5bfa6fe7c2.txt","train"
"train","FisheyeCamera_1_00446_png.rf.204915f0e1af5ae4287ed9c1abf288c8.jpg","FisheyeCamera_1_00446_png.rf.204915f0e1af5ae4287ed9c1abf288c8.txt","train"
"train","000476_jpg.rf.83f364752ee2e7fec1475bf461fc2e81.jpg","000476_jpg.rf.83f364752ee2e7fec1475bf461fc2e81.txt","valid"
"train","00001_00057_00027_png.rf.c8653c186356f7585e5b29823f6dc618.jpg","00001_00057_00027_png.rf.c8653c186356f7585e5b29823f6dc618.txt","train"
"train","000823_jpg.rf.78439b8b5cacdde8a82bb82af4d4304e.jpg","000823_jpg.rf.78439b8b5cacdde8a82bb82af4d4304e.txt","train"
"train","00001_00011_00009_png.rf.7e5480aa171eab677a91c2757f2c8dbf.jpg","00001_00011_00009_png.rf.7e5480aa171eab677a91c2757f2c8dbf.txt","train"
"train","road745_png.rf.ae2377a220a056c470fffb9ab715cc3c.jpg","road745_png.rf.ae2377a220a056c470fffb9ab715cc3c.txt","train"
"train","00001_00033_00014_png.rf.82429db18699c999429ab7675c9f152b.jpg","00001_00033_00014_png.rf.82429db18699c999429ab7675c9f152b.txt","train"
"train","000787_jpg.rf.4b3eb59efcb9fdd944cd9de9f05f342c.jpg","000787_jpg.rf.4b3eb59efcb9fdd944cd9de9f05f342c.txt","valid"
"train","002029_jpg.rf.4a0f28ba6dab8344f6bd6f0786a8c006.jpg","002029_jpg.rf.4a0f28ba6dab8344f6bd6f0786a8c006.txt","valid"
"train","00000_00004_00028_png.rf.7acbd6d63758bebc97ae9830c0c1a504.jpg","00000_00004_00028_png.rf.7acbd6d63758bebc97ae9830c0c1a504.txt","train"
"train","000982_JPG_jpg.rf.b1e8869c2d5b9fa33a69e780302a3555.jpg","000982_JPG_jpg.rf.b1e8869c2d5b9fa33a69e780302a3555.txt","valid"
"train","00002_00003_00007_png.rf.0fd6b531654ee465a5278f6ca5cc2865.jpg","00002_00003_00007_png.rf.0fd6b531654ee465a5278f6ca5cc2865.txt","train"
"train","002159_jpg.rf.44a493d934e06bc75cddfb5afc436935.jpg","002159_jpg.rf.44a493d934e06bc75cddfb5afc436935.txt","train"
"train","00004_00017_00008_png.rf.15602e90fbdca4e5995085c040369cf5.jpg","00004_00017_00008_png.rf.15602e90fbdca4e5995085c040369cf5.txt","valid"
"train","00001_00064_00023_png.rf.8d1b1374ad249c10db8f43b568a5bc36.jpg","00001_00064_00023_png.rf.8d1b1374ad249c10db8f43b568a5bc36.txt","train"
"train","000121_jpg.rf.42ccfdff96fa769fd80748152e558a44.jpg","000121_jpg.rf.42ccfdff96fa769fd80748152e558a44.txt","test"
"train","001424_jpg.rf.a3faaac82cd1bbd58cc57f1c07102aee.jpg","001424_jpg.rf.a3faaac82cd1bbd58cc57f1c07102aee.txt","valid"
"train","road774_png.rf.46cef1af182a407c430ee38e66707336.jpg","road774_png.rf.46cef1af182a407c430ee38e66707336.txt","test"
"train","FisheyeCamera_1_00459_png.rf.902b0655c891970d381deb0e50993a06.jpg","FisheyeCamera_1_00459_png.rf.902b0655c891970d381deb0e50993a06.txt","train"
"train","road670_png.rf.7e09e8429ac92cb55563def0ecf1ac01.jpg","road670_png.rf.7e09e8429ac92cb55563def0ecf1ac01.txt","train"
"train","001606_JPG_jpg.rf.8fb5c8b5a0675cfcfadbc68183976420.jpg","001606_JPG_jpg.rf.8fb5c8b5a0675cfcfadbc68183976420.txt","test"
"train","road707_png.rf.c330931521d8121c8767a6d974d991e4.jpg","road707_png.rf.c330931521d8121c8767a6d974d991e4.txt","train"
"train","000746_jpg.rf.8145ccde80625d0f64a3b13fcaa10027.jpg","000746_jpg.rf.8145ccde80625d0f64a3b13fcaa10027.txt","valid"
"train","00005_00005_00019_png.rf.1f9f97abbd717e0e8dc14126bc6de10d.jpg","00005_00005_00019_png.rf.1f9f97abbd717e0e8dc14126bc6de10d.txt","train"
"train","001006_jpg.rf.49ee46c6105f3b53add3adebca769e07.jpg","001006_jpg.rf.49ee46c6105f3b53add3adebca769e07.txt","train"
"train","FisheyeCamera_1_00186_png.rf.3e8bb82974c2e6b45391eba76a60dac6.jpg","FisheyeCamera_1_00186_png.rf.3e8bb82974c2e6b45391eba76a60dac6.txt","train"
"train","00004_00057_00022_png.rf.94757db92cd02a150ff8e7da3b0ac291.jpg","00004_00057_00022_png.rf.94757db92cd02a150ff8e7da3b0ac291.txt","train"
"train","001013_jpg.rf.87358a26f29534e457b6084afda6daa1.jpg","001013_jpg.rf.87358a26f29534e457b6084afda6daa1.txt","train"
"train","00005_00002_00021_png.rf.4c18ba3c06ff78b59547f1d7b04235fc.jpg","00005_00002_00021_png.rf.4c18ba3c06ff78b59547f1d7b04235fc.txt","valid"
"train","000283_jpg.rf.e8758e784b3b05bc76d8ad414d7d9b99.jpg","000283_jpg.rf.e8758e784b3b05bc76d8ad414d7d9b99.txt","train"
"train","000912_jpg.rf.8a6622de7f3456bbc5929e7fcccf4d60.jpg","000912_jpg.rf.8a6622de7f3456bbc5929e7fcccf4d60.txt","train"
"train","000741_jpg.rf.3a8a7c53f338972679fd52a52eff76bd.jpg","000741_jpg.rf.3a8a7c53f338972679fd52a52eff76bd.txt","test"
"train","00002_00029_00004_png.rf.256477a55d762e19a3dbfc6452bb3f4f.jpg","00002_00029_00004_png.rf.256477a55d762e19a3dbfc6452bb3f4f.txt","train"
"train","00014_00005_00012_png.rf.2a93acdfc7770d3a86ad37dbf114fd46.jpg","00014_00005_00012_png.rf.2a93acdfc7770d3a86ad37dbf114fd46.txt","train"
"train","00002_00013_00009_png.rf.b11507d80381e2b7b3f7c66206da411f.jpg","00002_00013_00009_png.rf.b11507d80381e2b7b3f7c66206da411f.txt","train"
"train","00004_00022_00007_png.rf.27352b665167c290ab49a2331e202cb5.jpg","00004_00022_00007_png.rf.27352b665167c290ab49a2331e202cb5.txt","train"
"train","001654_JPG_jpg.rf.41f700f591b9026e06c9bd2091e0954d.jpg","001654_JPG_jpg.rf.41f700f591b9026e06c9bd2091e0954d.txt","test"
"train","000526_png_jpg.rf.1c6a37f8fa267ffd21e8f4d55309b6bc.jpg","000526_png_jpg.rf.1c6a37f8fa267ffd21e8f4d55309b6bc.txt","train"
"train","000270_jpg.rf.5489c696acb22c0b4502e74f105ac26d.jpg","000270_jpg.rf.5489c696acb22c0b4502e74f105ac26d.txt","train"
"train","000820_jpg.rf.a45bcf9b4c2e27d171afda4a89722d52.jpg","000820_jpg.rf.a45bcf9b4c2e27d171afda4a89722d52.txt","train"
"train","00004_00040_00020_png.rf.86fb57178a88195dec3208ee57fe51c9.jpg","00004_00040_00020_png.rf.86fb57178a88195dec3208ee57fe51c9.txt","train"
"train","FisheyeCamera_1_00360_png.rf.44037125fd77287287d4cde41681d2cb.jpg","FisheyeCamera_1_00360_png.rf.44037125fd77287287d4cde41681d2cb.txt","train"
"train","FisheyeCamera_1_01058_png.rf.e9405c3bc60de8ad7eb66dd37173e331.jpg","FisheyeCamera_1_01058_png.rf.e9405c3bc60de8ad7eb66dd37173e331.txt","train"
"train","FisheyeCamera_1_00077_png.rf.5461f8a508434ea194a61b8c36c74404.jpg","FisheyeCamera_1_00077_png.rf.5461f8a508434ea194a61b8c36c74404.txt","train"
"train","000877_JPG_jpg.rf.e1485d4ac7d4061d457e214a7184458a.jpg","000877_JPG_jpg.rf.e1485d4ac7d4061d457e214a7184458a.txt","train"
"train","road86_png.rf.44f540909694a4b15d150bc73b33445e.jpg","road86_png.rf.44f540909694a4b15d150bc73b33445e.txt","test"
"train","000863_jpg.rf.0ca28ae1dd920c4ec2ef4cbeb96c0523.jpg","000863_jpg.rf.0ca28ae1dd920c4ec2ef4cbeb96c0523.txt","valid"
"train","road637_png.rf.0859614e562b1b1679e2d76dfcb44252.jpg","road637_png.rf.0859614e562b1b1679e2d76dfcb44252.txt","train"
"train","road526_png.rf.0302859066f674ba4c89b6232c8fe3e3.jpg","road526_png.rf.0302859066f674ba4c89b6232c8fe3e3.txt","train"
"train","00000_00002_00018_png.rf.6b9e035c745b54b328a5177235f051c7.jpg","00000_00002_00018_png.rf.6b9e035c745b54b328a5177235f051c7.txt","train"
"train","000729_jpg.rf.3a383494b14f52660615d9381227ad94.jpg","000729_jpg.rf.3a383494b14f52660615d9381227ad94.txt","test"
"train","00001_00034_00017_png.rf.4dd2fb49b9e24c79214653e95f4e2f1c.jpg","00001_00034_00017_png.rf.4dd2fb49b9e24c79214653e95f4e2f1c.txt","valid"
"train","road377_png.rf.2e6dc107f4b1a4332ad1a4a0971e7dad.jpg","road377_png.rf.2e6dc107f4b1a4332ad1a4a0971e7dad.txt","train"
"train","road507_png.rf.3345f8ebf307b4d9ca8c9c576f75befc.jpg","road507_png.rf.3345f8ebf307b4d9ca8c9c576f75befc.txt","train"
"train","FisheyeCamera_1_00575_png.rf.2219782c1267c953578572a428780ac3.jpg","FisheyeCamera_1_00575_png.rf.2219782c1267c953578572a428780ac3.txt","train"
"train","00004_00003_00026_png.rf.fe52d901408bd07ca56788fb1cf5d253.jpg","00004_00003_00026_png.rf.fe52d901408bd07ca56788fb1cf5d253.txt","train"
"train","00001_00013_00024_png.rf.5652eb49e2b9871a6b85a34ac4c980bb.jpg","00001_00013_00024_png.rf.5652eb49e2b9871a6b85a34ac4c980bb.txt","train"
"train","00000_00002_00023_png.rf.166c90281e690c5770eb9896d2fed9e6.jpg","00000_00002_00023_png.rf.166c90281e690c5770eb9896d2fed9e6.txt","train"
"train","road737_png.rf.c92700820b4f3c878e0ed874402a95dd.jpg","road737_png.rf.c92700820b4f3c878e0ed874402a95dd.txt","train"
"train","000885_jpg.rf.71e49a8e36617803c5204b2ab7a4e98e.jpg","000885_jpg.rf.71e49a8e36617803c5204b2ab7a4e98e.txt","train"
"train","000220_jpg.rf.16205689934005826b20b1322b66cc18.jpg","000220_jpg.rf.16205689934005826b20b1322b66cc18.txt","test"
"train","00000_00005_00004_png.rf.82effa9bc467ed9d98787d1cd03272e2.jpg","00000_00005_00004_png.rf.82effa9bc467ed9d98787d1cd03272e2.txt","valid"
"train","FisheyeCamera_1_00492_png.rf.30e01b123091682cc69273bfb10e847f.jpg","FisheyeCamera_1_00492_png.rf.30e01b123091682cc69273bfb10e847f.txt","valid"
"train","00000_00000_00010_png.rf.76ac84272ad581a6abe7977c85087d29.jpg","00000_00000_00010_png.rf.76ac84272ad581a6abe7977c85087d29.txt","valid"
"train","00001_00063_00027_png.rf.8f0426de81d64723ac8f8e62106281c6.jpg","00001_00063_00027_png.rf.8f0426de81d64723ac8f8e62106281c6.txt","train"
"train","00000_00005_00021_png.rf.4764839af360b08c5cf723753413a835.jpg","00000_00005_00021_png.rf.4764839af360b08c5cf723753413a835.txt","valid"
"train","00014_00003_00010_png.rf.ecbf1153b3f873e8e1abcb2d7f1d3de1.jpg","00014_00003_00010_png.rf.ecbf1153b3f873e8e1abcb2d7f1d3de1.txt","train"
"train","00004_00002_00014_png.rf.5bc098072fffb10c3a34b720ccce30c4.jpg","00004_00002_00014_png.rf.5bc098072fffb10c3a34b720ccce30c4.txt","test"
"train","FisheyeCamera_1_00062_png.rf.41a1143c0afa3f1217e51dc1d90d7b0e.jpg","FisheyeCamera_1_00062_png.rf.41a1143c0afa3f1217e51dc1d90d7b0e.txt","valid"
"train","road38_png.rf.db7d3a102b36dafa5de3f11708978922.jpg","road38_png.rf.db7d3a102b36dafa5de3f11708978922.txt","test"
"train","road640_png.rf.cdd94652f3942016756c6985370be7ec.jpg","road640_png.rf.cdd94652f3942016756c6985370be7ec.txt","test"
"train","00000_00000_00008_png.rf.c73a1924e815fb6ae04a66879f8822b3.jpg","00000_00000_00008_png.rf.c73a1924e815fb6ae04a66879f8822b3.txt","valid"
"train","road25_png.rf.3bd3501b2e41e89f78ab7a388ba3855b.jpg","road25_png.rf.3bd3501b2e41e89f78ab7a388ba3855b.txt","train"
"train","00004_00057_00023_png.rf.f6c011cf11b11208bebb433fae93db13.jpg","00004_00057_00023_png.rf.f6c011cf11b11208bebb433fae93db13.txt","train"
"train","FisheyeCamera_1_00028_png.rf.023301607d8c1a49618cfe2c97286df2.jpg","FisheyeCamera_1_00028_png.rf.023301607d8c1a49618cfe2c97286df2.txt","train"
"train","road319_png.rf.387debd1884590fb495304cfee4af0c4.jpg","road319_png.rf.387debd1884590fb495304cfee4af0c4.txt","train"
"train","FisheyeCamera_1_00225_png.rf.adb73fff85653c5704e7296fdc4a95c2.jpg","FisheyeCamera_1_00225_png.rf.adb73fff85653c5704e7296fdc4a95c2.txt","train"
"train","00004_00032_00008_png.rf.2501465b0a6435ca63b3e7491b5ae248.jpg","00004_00032_00008_png.rf.2501465b0a6435ca63b3e7491b5ae248.txt","train"
"train","00007_00040_00025_png.rf.7998a6f33c5b5c9d10122d4c799aa26a.jpg","00007_00040_00025_png.rf.7998a6f33c5b5c9d10122d4c799aa26a.txt","train"
"train","001965_jpg.rf.617767da35bcab710e6e6f6162675f63.jpg","001965_jpg.rf.617767da35bcab710e6e6f6162675f63.txt","valid"
"train","road278_png.rf.dabebc8640de754641762ab68659f595.jpg","road278_png.rf.dabebc8640de754641762ab68659f595.txt","train"
"train","000818_jpg.rf.80a7419b0ef080b924e65e722d624a75.jpg","000818_jpg.rf.80a7419b0ef080b924e65e722d624a75.txt","train"
"train","00003_00043_00029_png.rf.e8fcec64db9c942725ea04e800776fb2.jpg","00003_00043_00029_png.rf.e8fcec64db9c942725ea04e800776fb2.txt","train"
"train","001421_jpg.rf.6f82e230f1e7eb48c067138d7cb08a03.jpg","001421_jpg.rf.6f82e230f1e7eb48c067138d7cb08a03.txt","train"
"train","000784_jpg.rf.533a69229e2b2f0aa681c1677270ae5f.jpg","000784_jpg.rf.533a69229e2b2f0aa681c1677270ae5f.txt","train"
"train","00004_00042_00001_png.rf.29bce6e6da7c3cf99fcbafbc82bca84e.jpg","00004_00042_00001_png.rf.29bce6e6da7c3cf99fcbafbc82bca84e.txt","train"
"train","FisheyeCamera_1_00201_png.rf.6b17f08c4aa495ffec3c84c356027ffe.jpg","FisheyeCamera_1_00201_png.rf.6b17f08c4aa495ffec3c84c356027ffe.txt","train"
"train","000802_jpg.rf.27121b8501efea06468d09e43409b6a6.jpg","000802_jpg.rf.27121b8501efea06468d09e43409b6a6.txt","train"
"train","00014_00008_00027_png.rf.a1ee09dcbb73c7ac239a51891c4d4ef0.jpg","00014_00008_00027_png.rf.a1ee09dcbb73c7ac239a51891c4d4ef0.txt","train"
"train","000911_jpg.rf.1734b1a6e4984cf83b1dd10dcaf1a531.jpg","000911_jpg.rf.1734b1a6e4984cf83b1dd10dcaf1a531.txt","valid"
"train","000199_jpg.rf.f20742bd0d8351a67c32d87d06b90580.jpg","000199_jpg.rf.f20742bd0d8351a67c32d87d06b90580.txt","train"
"train","00001_00061_00015_png.rf.eb0b1802b0de8edc857430ba63ce48dc.jpg","00001_00061_00015_png.rf.eb0b1802b0de8edc857430ba63ce48dc.txt","train"
"train","00000_00002_00008_png.rf.84b396d15f8dc0f5b2422a30c83f431d.jpg","00000_00002_00008_png.rf.84b396d15f8dc0f5b2422a30c83f431d.txt","train"
"train","001261_jpg.rf.d971319c4da448a414e84ff767ed6dd8.jpg","001261_jpg.rf.d971319c4da448a414e84ff767ed6dd8.txt","test"
"train","FisheyeCamera_1_00314_png.rf.efd94da0b6989c1eabaef7beebcd77cd.jpg","FisheyeCamera_1_00314_png.rf.efd94da0b6989c1eabaef7beebcd77cd.txt","train"
"train","00003_00043_00014_png.rf.605104cbce22c8ec4261a4f365cf6e9f.jpg","00003_00043_00014_png.rf.605104cbce22c8ec4261a4f365cf6e9f.txt","train"
"train","000209_jpg.rf.9321243a4c8774191c2fab092d5e139e.jpg","000209_jpg.rf.9321243a4c8774191c2fab092d5e139e.txt","train"
"train","00014_00022_00002_png.rf.28e5a1a88170438d0a1aabb88213251f.jpg","00014_00022_00002_png.rf.28e5a1a88170438d0a1aabb88213251f.txt","test"
"train","000254_jpg.rf.f161018bff28de53bf95fe0f3bcc53a7.jpg","000254_jpg.rf.f161018bff28de53bf95fe0f3bcc53a7.txt","valid"
"train","000166_jpg.rf.671c43d4b52def09afea39521c9f405e.jpg","000166_jpg.rf.671c43d4b52def09afea39521c9f405e.txt","test"
"train","000849_jpg.rf.f33f21cda1c6aff29b10c4d5ab81f344.jpg","000849_jpg.rf.f33f21cda1c6aff29b10c4d5ab81f344.txt","valid"
"train","001045_jpg.rf.2378522046248c0a0ae5fe7af2169d40.jpg","001045_jpg.rf.2378522046248c0a0ae5fe7af2169d40.txt","train"
"train","00008_00007_00012_png.rf.a57c955bd5cfd6ae310cad31a1215150.jpg","00008_00007_00012_png.rf.a57c955bd5cfd6ae310cad31a1215150.txt","valid"
"train","00000_00001_00005_png.rf.242dcd685d8466d2c0626ea87a885cab.jpg","00000_00001_00005_png.rf.242dcd685d8466d2c0626ea87a885cab.txt","valid"
"train","FisheyeCamera_1_00299_png.rf.bd24cf652ba513df0538e2809f1f2cd4.jpg","FisheyeCamera_1_00299_png.rf.bd24cf652ba513df0538e2809f1f2cd4.txt","train"
"train","00000_00000_00006_png.rf.11ce3da74575156b46de5d6f0fff6ab2.jpg","00000_00000_00006_png.rf.11ce3da74575156b46de5d6f0fff6ab2.txt","test"
"train","road819_png.rf.4f5acb4ac68ff04a74bbbc9888a53cae.jpg","road819_png.rf.4f5acb4ac68ff04a74bbbc9888a53cae.txt","valid"
"train","road671_png.rf.fd7135454f47e4f369b23b43fe1ce2db.jpg","road671_png.rf.fd7135454f47e4f369b23b43fe1ce2db.txt","train"
"train","000748_jpg.rf.29ef0e75d233b575271bc6315c36fa5c.jpg","000748_jpg.rf.29ef0e75d233b575271bc6315c36fa5c.txt","train"
"train","00001_00027_00009_png.rf.21eb27e3bb0f090dc3da9322c4831a39.jpg","00001_00027_00009_png.rf.21eb27e3bb0f090dc3da9322c4831a39.txt","train"
"train","00005_00029_00011_png.rf.5b09fe17f89822d277de1a8faf0349f6.jpg","00005_00029_00011_png.rf.5b09fe17f89822d277de1a8faf0349f6.txt","train"
"train","road263_png.rf.9e7eac057c21f060afd0e9650f6ee547.jpg","road263_png.rf.9e7eac057c21f060afd0e9650f6ee547.txt","train"
"train","000147_jpg.rf.aaea87cad47a98da907fb29553d533af.jpg","000147_jpg.rf.aaea87cad47a98da907fb29553d533af.txt","test"
"train","00000_00005_00005_png.rf.c9844a19c9c798bb3556ec8485da38e7.jpg","00000_00005_00005_png.rf.c9844a19c9c798bb3556ec8485da38e7.txt","train"
"train","FisheyeCamera_1_00267_png.rf.8492a54fd00785af22c7399ee4e4c7d0.jpg","FisheyeCamera_1_00267_png.rf.8492a54fd00785af22c7399ee4e4c7d0.txt","train"
"train","000330_jpg.rf.6fc1ff3b23ac33ea8c8dc055eb1220d2.jpg","000330_jpg.rf.6fc1ff3b23ac33ea8c8dc055eb1220d2.txt","valid"
"train","000059_jpg.rf.253a77e1744312f2b540ce954814852c.jpg","000059_jpg.rf.253a77e1744312f2b540ce954814852c.txt","valid"
"train","00004_00049_00018_png.rf.6d34f772af990272bc092a38d2e4e3b0.jpg","00004_00049_00018_png.rf.6d34f772af990272bc092a38d2e4e3b0.txt","train"
"train","00002_00000_00016_png.rf.6e34b82792f5e56d5330e59ca72f054c.jpg","00002_00000_00016_png.rf.6e34b82792f5e56d5330e59ca72f054c.txt","test"
"train","000994_jpg.rf.7aa79aba17044aee7d58ca60f3d8745c.jpg","000994_jpg.rf.7aa79aba17044aee7d58ca60f3d8745c.txt","test"
"train","FisheyeCamera_1_01102_png.rf.7c12285658457d39efeba64636155c79.jpg","FisheyeCamera_1_01102_png.rf.7c12285658457d39efeba64636155c79.txt","train"
"train","000807_jpg.rf.50b316a316311f1c792e8af2778c78fd.jpg","000807_jpg.rf.50b316a316311f1c792e8af2778c78fd.txt","train"
"train","00008_00034_00017_png.rf.bde1a5ae440a6ea62f4f92843a96cdbc.jpg","00008_00034_00017_png.rf.bde1a5ae440a6ea62f4f92843a96cdbc.txt","train"
"train","FisheyeCamera_1_00003_png.rf.5e9dc480565c81cb6cd1d85e647c9788.jpg","FisheyeCamera_1_00003_png.rf.5e9dc480565c81cb6cd1d85e647c9788.txt","train"
"train","road356_png.rf.4cc1b4e6e71084e2144f7aa8411ba046.jpg","road356_png.rf.4cc1b4e6e71084e2144f7aa8411ba046.txt","train"
"train","road241_png.rf.10a61e04ce6d2cabdd8cb8f5418f1925.jpg","road241_png.rf.10a61e04ce6d2cabdd8cb8f5418f1925.txt","train"
"train","00000_00003_00003_png.rf.1b930ff8cddc553fe0e6cac44a2b93b0.jpg","00000_00003_00003_png.rf.1b930ff8cddc553fe0e6cac44a2b93b0.txt","train"
"train","00014_00000_00024_png.rf.b3430d36039d6f45c0035df6d692492b.jpg","00014_00000_00024_png.rf.b3430d36039d6f45c0035df6d692492b.txt","valid"
"train","road46_png.rf.3628bffc586af63e653eaed1e2a4ee40.jpg","road46_png.rf.3628bffc586af63e653eaed1e2a4ee40.txt","train"
"train","001769_jpg.rf.1c8f85f2792d73a37c65dcd3771aa4e9.jpg","001769_jpg.rf.1c8f85f2792d73a37c65dcd3771aa4e9.txt","train"
"train","00000_00003_00019_png.rf.13167580f7f9540f143ec7350aa985c1.jpg","00000_00003_00019_png.rf.13167580f7f9540f143ec7350aa985c1.txt","test"
"train","road310_png.rf.42aa37f354db3528361c49a3d604eadb.jpg","road310_png.rf.42aa37f354db3528361c49a3d604eadb.txt","train"
"train","00004_00015_00011_png.rf.5b1610e32bff3d02318a9bf3abadb9fd.jpg","00004_00015_00011_png.rf.5b1610e32bff3d02318a9bf3abadb9fd.txt","train"
"train","000862_jpg.rf.5a74665eae07150a78ac92dab6afa311.jpg","000862_jpg.rf.5a74665eae07150a78ac92dab6afa311.txt","train"
"train","00004_00020_00025_png.rf.6b20d151cf9347fa1a6aab8884eed4c7.jpg","00004_00020_00025_png.rf.6b20d151cf9347fa1a6aab8884eed4c7.txt","valid"
"train","FisheyeCamera_1_01099_png.rf.a64a8ca81f0623ae888e0ab285869125.jpg","FisheyeCamera_1_01099_png.rf.a64a8ca81f0623ae888e0ab285869125.txt","test"
"train","road770_png.rf.999565d4717cff5f1f997d62440c975c.jpg","road770_png.rf.999565d4717cff5f1f997d62440c975c.txt","test"
"train","FisheyeCamera_1_00061_png.rf.974e8ff49d09a5ef94e3bc40696f2fea.jpg","FisheyeCamera_1_00061_png.rf.974e8ff49d09a5ef94e3bc40696f2fea.txt","train"
"train","000951_JPG_jpg.rf.0b2c42848cc292966ebe775d48d1357e.jpg","000951_JPG_jpg.rf.0b2c42848cc292966ebe775d48d1357e.txt","train"
"train","FisheyeCamera_1_00227_png.rf.171a540ebe30b535e74613b1428f16e6.jpg","FisheyeCamera_1_00227_png.rf.171a540ebe30b535e74613b1428f16e6.txt","train"
"train","000916_JPG_jpg.rf.40a579b714e3cf5cd887449ccdb42d04.jpg","000916_JPG_jpg.rf.40a579b714e3cf5cd887449ccdb42d04.txt","train"
"train","00000_00002_00022_png.rf.ca9e671b4f821bc540ba9b6460a785c4.jpg","00000_00002_00022_png.rf.ca9e671b4f821bc540ba9b6460a785c4.txt","train"
"train","001050_jpg.rf.633762df3d4a1f15e7084483ac5ad953.jpg","001050_jpg.rf.633762df3d4a1f15e7084483ac5ad953.txt","train"
"train","00014_00024_00018_png.rf.e734c28d2929e72e6e1344e4dee75812.jpg","00014_00024_00018_png.rf.e734c28d2929e72e6e1344e4dee75812.txt","test"
"train","000579_jpg.rf.23a0c545752c2fb9ac33dc7220cdfc31.jpg","000579_jpg.rf.23a0c545752c2fb9ac33dc7220cdfc31.txt","train"
"train","000160_jpg.rf.573b60b7121b2a262e6435dde170dfbc.jpg","000160_jpg.rf.573b60b7121b2a262e6435dde170dfbc.txt","valid"
"train","001903_jpg.rf.a3e323eee1d9b66caaff396dadd3dbc0.jpg","001903_jpg.rf.a3e323eee1d9b66caaff396dadd3dbc0.txt","train"
"train","00000_00005_00020_png.rf.9cb8555e6b3106113450d07fbfa314b1.jpg","00000_00005_00020_png.rf.9cb8555e6b3106113450d07fbfa314b1.txt","train"
"train","001664_JPG_jpg.rf.ddd8886cdd2c865ac546e55fc0bca4db.jpg","001664_JPG_jpg.rf.ddd8886cdd2c865ac546e55fc0bca4db.txt","train"
"train","000593_jpg.rf.640b5e3d9a8488a2edfbcc2c2a229b71.jpg","000593_jpg.rf.640b5e3d9a8488a2edfbcc2c2a229b71.txt","train"
"train","00000_00002_00000_png.rf.58630ce50dfa95491e900e766901c249.jpg","00000_00002_00000_png.rf.58630ce50dfa95491e900e766901c249.txt","valid"
"train","FisheyeCamera_1_00234_png.rf.32a99d17e20f231729e7344f32f03cfd.jpg","FisheyeCamera_1_00234_png.rf.32a99d17e20f231729e7344f32f03cfd.txt","train"
"train","road820_png.rf.203d043098044d60065b1596da2afbe2.jpg","road820_png.rf.203d043098044d60065b1596da2afbe2.txt","valid"
"train","22860959-82bb-41f5-a870-65c7ab1d48b4_jpg.rf.9130acde6e389d0c496e5ffbc5afe471.jpg","22860959-82bb-41f5-a870-65c7ab1d48b4_jpg.rf.9130acde6e389d0c496e5ffbc5afe471.txt","train"
"train","00014_00007_00002_png.rf.7ecdb1b5a31bb4a65e45651bd420f345.jpg","00014_00007_00002_png.rf.7ecdb1b5a31bb4a65e45651bd420f345.txt","test"
"train","00003_00023_00009_png.rf.15dad703c5bb7f156c70214292fc3fd3.jpg","00003_00023_00009_png.rf.15dad703c5bb7f156c70214292fc3fd3.txt","train"
"train","00014_00023_00012_png.rf.2bbf2500cd0c0705d14115a66df499dd.jpg","00014_00023_00012_png.rf.2bbf2500cd0c0705d14115a66df499dd.txt","valid"
"train","00003_00042_00015_png.rf.113a928e7f82df79d0432bc95b442e6b.jpg","00003_00042_00015_png.rf.113a928e7f82df79d0432bc95b442e6b.txt","train"
"train","001041_jpg.rf.d94d9e753d11cf62e57cb6d22e861423.jpg","001041_jpg.rf.d94d9e753d11cf62e57cb6d22e861423.txt","train"
"train","000317_jpg.rf.5912c766dcb74cdc6361180aa0094c6b.jpg","000317_jpg.rf.5912c766dcb74cdc6361180aa0094c6b.txt","train"
"train","000515_jpg.rf.d8dde2abe8a763c0d93b390bf4cc8ea4.jpg","000515_jpg.rf.d8dde2abe8a763c0d93b390bf4cc8ea4.txt","train"
"train","00008_00031_00013_png.rf.0398f6b42c8b2f140757731c5da6aed0.jpg","00008_00031_00013_png.rf.0398f6b42c8b2f140757731c5da6aed0.txt","train"
"train","road722_png.rf.169b85cfc3c58ea66c0ca0d27a9c14fe.jpg","road722_png.rf.169b85cfc3c58ea66c0ca0d27a9c14fe.txt","train"
"train","00004_00059_00025_png.rf.7f572dd9ee4ed336b35d7fdc78584340.jpg","00004_00059_00025_png.rf.7f572dd9ee4ed336b35d7fdc78584340.txt","train"
"train","00007_00028_00023_png.rf.dce65c4a434e3f87faa055ae2a0f2390.jpg","00007_00028_00023_png.rf.dce65c4a434e3f87faa055ae2a0f2390.txt","train"
"train","FisheyeCamera_1_00029_png.rf.69fb3b2ff0619ad2e36587ba1d4bb045.jpg","FisheyeCamera_1_00029_png.rf.69fb3b2ff0619ad2e36587ba1d4bb045.txt","train"
"train","00014_00006_00023_png.rf.8392cf9875a5ad1bb43fc7846233e667.jpg","00014_00006_00023_png.rf.8392cf9875a5ad1bb43fc7846233e667.txt","train"
"train","00007_00002_00010_png.rf.3dac023ce17344dc50512a7c604d326b.jpg","00007_00002_00010_png.rf.3dac023ce17344dc50512a7c604d326b.txt","train"
"train","00001_00067_00012_png.rf.a85b453048692eb2ccfc689518a1031f.jpg","00001_00067_00012_png.rf.a85b453048692eb2ccfc689518a1031f.txt","train"
"train","00007_00040_00020_png.rf.f5900cd5d1b32ebacda9561440cd3ab0.jpg","00007_00040_00020_png.rf.f5900cd5d1b32ebacda9561440cd3ab0.txt","test"
"train","000868_jpg.rf.7fa38877fc85370a90011b44794c9b3b.jpg","000868_jpg.rf.7fa38877fc85370a90011b44794c9b3b.txt","train"
"train","road53_png.rf.30f0b5d93b9495ec418dbc0c2a3e4c7a.jpg","road53_png.rf.30f0b5d93b9495ec418dbc0c2a3e4c7a.txt","train"
"train","000271_jpg.rf.c2c740b34df7e288257f67ccf3a5f855.jpg","000271_jpg.rf.c2c740b34df7e288257f67ccf3a5f855.txt","train"
"train","000099_jpg.rf.2ff223ec8be7803a7351e9f31e2a595c.jpg","000099_jpg.rf.2ff223ec8be7803a7351e9f31e2a595c.txt","test"
"train","001241_jpg.rf.5b3f52f57362358a4d45aabd95d7cd9d.jpg","001241_jpg.rf.5b3f52f57362358a4d45aabd95d7cd9d.txt","train"
"train","00005_00029_00014_png.rf.ab03cdba5623d96b086f8c937ca4cb50.jpg","00005_00029_00014_png.rf.ab03cdba5623d96b086f8c937ca4cb50.txt","train"
"train","000422_jpg.rf.1117ce58eef298b629d59376626f468a.jpg","000422_jpg.rf.1117ce58eef298b629d59376626f468a.txt","train"
"train","00001_00019_00015_png.rf.caf1f1aa2db69e789de79d1300b21089.jpg","00001_00019_00015_png.rf.caf1f1aa2db69e789de79d1300b21089.txt","train"
"train","00001_00027_00010_png.rf.27249213bac703efaf71ea8b9f4973d9.jpg","00001_00027_00010_png.rf.27249213bac703efaf71ea8b9f4973d9.txt","train"
"train","000104_jpg.rf.0272114935f249eb6ec02ae451a6273a.jpg","000104_jpg.rf.0272114935f249eb6ec02ae451a6273a.txt","valid"
"train","000527_jpg.rf.1ecce4e2411d307524bf0bfd58dd69d7.jpg","000527_jpg.rf.1ecce4e2411d307524bf0bfd58dd69d7.txt","train"
"train","00014_00013_00007_png.rf.44afbdef695ff9a9316d86a66f6780b6.jpg","00014_00013_00007_png.rf.44afbdef695ff9a9316d86a66f6780b6.txt","valid"
"train","00007_00028_00022_png.rf.52c4cb25c756ded245224dbeee3bd8a6.jpg","00007_00028_00022_png.rf.52c4cb25c756ded245224dbeee3bd8a6.txt","test"
"train","00014_00008_00028_png.rf.fba62c55017ac64608f586f68ee8c924.jpg","00014_00008_00028_png.rf.fba62c55017ac64608f586f68ee8c924.txt","test"
"train","00003_00018_00007_png.rf.865f6a79417e5336c07931da92889af5.jpg","00003_00018_00007_png.rf.865f6a79417e5336c07931da92889af5.txt","train"
"train","000985_JPG_jpg.rf.8ce80304669fb89ea660d2f6515c26b1.jpg","000985_JPG_jpg.rf.8ce80304669fb89ea660d2f6515c26b1.txt","test"
"train","000811_jpg.rf.a7fdce00079c801e51a1dbf0cbf5f605.jpg","000811_jpg.rf.a7fdce00079c801e51a1dbf0cbf5f605.txt","valid"
"train","FisheyeCamera_1_01037_png.rf.5e9692439b0ceef04fe8dc3a1a960ba2.jpg","FisheyeCamera_1_01037_png.rf.5e9692439b0ceef04fe8dc3a1a960ba2.txt","test"
"train","00003_00045_00021_png.rf.d0cd154fcb7509c1d5d609b3ab05fdbb.jpg","00003_00045_00021_png.rf.d0cd154fcb7509c1d5d609b3ab05fdbb.txt","train"
"train","road634_png.rf.53fbd00014f9b29ee5fad017f4e4f750.jpg","road634_png.rf.53fbd00014f9b29ee5fad017f4e4f750.txt","train"
"train","00002_00017_00006_png.rf.4a0f85254562c17c2a4de60f601d4a7d.jpg","00002_00017_00006_png.rf.4a0f85254562c17c2a4de60f601d4a7d.txt","train"
"train","001933_jpg.rf.c0100a0cf4647947b410f54353a609da.jpg","001933_jpg.rf.c0100a0cf4647947b410f54353a609da.txt","valid"
"train","000878_JPG_jpg.rf.ffa86484f3f05be3268643e806d77ae2.jpg","000878_JPG_jpg.rf.ffa86484f3f05be3268643e806d77ae2.txt","train"
"train","000620_jpg.rf.4e5bd5ea5a5d8635dc6177150d7fc921.jpg","000620_jpg.rf.4e5bd5ea5a5d8635dc6177150d7fc921.txt","train"
"train","00008_00038_00010_png.rf.4853d39b334f877efb70824c4821ae01.jpg","00008_00038_00010_png.rf.4853d39b334f877efb70824c4821ae01.txt","valid"
"train","00004_00036_00027_png.rf.2e47f0a090d5afc43dbd9d9b6caf31be.jpg","00004_00036_00027_png.rf.2e47f0a090d5afc43dbd9d9b6caf31be.txt","valid"
"train","00007_00047_00013_png.rf.e48c123b3a4812ef7df4d87ced3f7921.jpg","00007_00047_00013_png.rf.e48c123b3a4812ef7df4d87ced3f7921.txt","train"
"train","00004_00021_00029_png.rf.c7a3a99fb88d8987f3d525a34192dff4.jpg","00004_00021_00029_png.rf.c7a3a99fb88d8987f3d525a34192dff4.txt","train"
"train","road843_png.rf.ea77375c7c7cc6b68397a7b75e39a144.jpg","road843_png.rf.ea77375c7c7cc6b68397a7b75e39a144.txt","valid"
"train","00000_00005_00010_png.rf.a42f678258752e620d3bfef327e65b94.jpg","00000_00005_00010_png.rf.a42f678258752e620d3bfef327e65b94.txt","train"
"train","road409_png.rf.1e5ac5ee4590d0955ab0e518e7c78a59.jpg","road409_png.rf.1e5ac5ee4590d0955ab0e518e7c78a59.txt","train"
"train","road801_png.rf.fca76f2ed6af503d5a788ae9557d0e07.jpg","road801_png.rf.fca76f2ed6af503d5a788ae9557d0e07.txt","train"
"train","00000_00003_00014_png.rf.4d437ca3d48bb05f0b26152507e7c484.jpg","00000_00003_00014_png.rf.4d437ca3d48bb05f0b26152507e7c484.txt","train"
"train","00005_00003_00026_png.rf.98267fbe99a7249b803744023032e5b1.jpg","00005_00003_00026_png.rf.98267fbe99a7249b803744023032e5b1.txt","train"
"train","000275_jpg.rf.c93e9b48335921ed12de6b616c589c44.jpg","000275_jpg.rf.c93e9b48335921ed12de6b616c589c44.txt","train"
"train","00001_00011_00007_png.rf.b44cc66163d9a1f58309425012fc8c8b.jpg","00001_00011_00007_png.rf.b44cc66163d9a1f58309425012fc8c8b.txt","valid"
"train","00004_00038_00022_png.rf.168e15641f1c1ee347de3eadd1a43496.jpg","00004_00038_00022_png.rf.168e15641f1c1ee347de3eadd1a43496.txt","train"
"train","FisheyeCamera_1_00177_png.rf.5aaa72a93968ecea409102c5cf4b3fd6.jpg","FisheyeCamera_1_00177_png.rf.5aaa72a93968ecea409102c5cf4b3fd6.txt","train"
"train","FisheyeCamera_1_00926_png.rf.54e1485187c3d67e227a3daba9dcd4be.jpg","FisheyeCamera_1_00926_png.rf.54e1485187c3d67e227a3daba9dcd4be.txt","train"
"train","road714_png.rf.d0d9d5e2b7fa8ffc025370f547f83f1e.jpg","road714_png.rf.d0d9d5e2b7fa8ffc025370f547f83f1e.txt","train"
"train","00001_00068_00007_png.rf.897f42b0cc7f6d5b63880fb024f19d29.jpg","00001_00068_00007_png.rf.897f42b0cc7f6d5b63880fb024f19d29.txt","test"
"train","000977_jpg.rf.f7027fda06fa338bf837ff1f27d92035.jpg","000977_jpg.rf.f7027fda06fa338bf837ff1f27d92035.txt","valid"
"train","00003_00007_00014_png.rf.12c7c930eb3699b47e98bce5da43ee8d.jpg","00003_00007_00014_png.rf.12c7c930eb3699b47e98bce5da43ee8d.txt","train"
"train","FisheyeCamera_1_00378_png.rf.60775fa64b4671c4c29e29a9abc88e96.jpg","FisheyeCamera_1_00378_png.rf.60775fa64b4671c4c29e29a9abc88e96.txt","train"
"train","000941_jpg.rf.4fdba80fc6b95f6cfcfc1b2ab7de1087.jpg","000941_jpg.rf.4fdba80fc6b95f6cfcfc1b2ab7de1087.txt","valid"
"train","001255_jpg.rf.81ab78733663c20a9fd895ee12106aac.jpg","001255_jpg.rf.81ab78733663c20a9fd895ee12106aac.txt","valid"
"train","00005_00029_00020_png.rf.260ddb757586d7d030644e00c0714f52.jpg","00005_00029_00020_png.rf.260ddb757586d7d030644e00c0714f52.txt","train"
"train","road534_png.rf.7e0dd33342dc185030deae5e2e595ab4.jpg","road534_png.rf.7e0dd33342dc185030deae5e2e595ab4.txt","train"
"train","road478_png.rf.7827e8a2edc357693db0b63ba68674ba.jpg","road478_png.rf.7827e8a2edc357693db0b63ba68674ba.txt","train"
"train","FisheyeCamera_1_00570_png.rf.bc8d70cb53c80be853b02a268ec51fd3.jpg","FisheyeCamera_1_00570_png.rf.bc8d70cb53c80be853b02a268ec51fd3.txt","train"
"train","FisheyeCamera_1_01078_png.rf.91fa8c5cb2cfaedd063e0819a98e51bd.jpg","FisheyeCamera_1_01078_png.rf.91fa8c5cb2cfaedd063e0819a98e51bd.txt","train"
"train","00000_00003_00008_png.rf.c7bf680811ccaaa79afb9ff5ad5a6c8d.jpg","00000_00003_00008_png.rf.c7bf680811ccaaa79afb9ff5ad5a6c8d.txt","valid"
"train","00014_00006_00016_png.rf.c65bb3c473803bf56a96632270f88210.jpg","00014_00006_00016_png.rf.c65bb3c473803bf56a96632270f88210.txt","train"
"train","00002_00062_00008_png.rf.71949957a1e4d87226e90284b2f824ef.jpg","00002_00062_00008_png.rf.71949957a1e4d87226e90284b2f824ef.txt","train"
"train","000327_jpg.rf.b1713a0c023da34ac2886ee2fc9d9a16.jpg","000327_jpg.rf.b1713a0c023da34ac2886ee2fc9d9a16.txt","train"
"train","001407_jpg.rf.3da1bd6aeff0c587fb9524340ec18fee.jpg","001407_jpg.rf.3da1bd6aeff0c587fb9524340ec18fee.txt","test"
"train","000339_jpg.rf.d85cb816cc807742b5fd1bb8d04064cc.jpg","000339_jpg.rf.d85cb816cc807742b5fd1bb8d04064cc.txt","valid"
"train","FisheyeCamera_1_01104_png.rf.6eda96eafc31b4efa7430b75368b9c7e.jpg","FisheyeCamera_1_01104_png.rf.6eda96eafc31b4efa7430b75368b9c7e.txt","valid"
"train","road196_png.rf.2a8232363c49075814979eb0fc1b53ab.jpg","road196_png.rf.2a8232363c49075814979eb0fc1b53ab.txt","test"
"train","001000_jpg.rf.82537c14897d24c57924fa1562ca856b.jpg","001000_jpg.rf.82537c14897d24c57924fa1562ca856b.txt","test"
"train","00004_00027_00008_png.rf.c3d998946c09778ed8ccd49c74dddaaa.jpg","00004_00027_00008_png.rf.c3d998946c09778ed8ccd49c74dddaaa.txt","valid"
"train","001475_jpg.rf.64367f80ad64f7fcf80d83f6681b5e43.jpg","001475_jpg.rf.64367f80ad64f7fcf80d83f6681b5e43.txt","train"
"train","000607_jpg.rf.e70eabf98657176feaae885433b06deb.jpg","000607_jpg.rf.e70eabf98657176feaae885433b06deb.txt","train"
"train","000354_jpg.rf.a8640ab711463c227e54ddb497b85b53.jpg","000354_jpg.rf.a8640ab711463c227e54ddb497b85b53.txt","valid"
"train","00003_00044_00010_png.rf.0240bcc634f2c85695c9220d96aeb4d5.jpg","00003_00044_00010_png.rf.0240bcc634f2c85695c9220d96aeb4d5.txt","train"
"train","00005_00012_00013_png.rf.e1dbf0111e2bb0f186e02024bbf30ce2.jpg","00005_00012_00013_png.rf.e1dbf0111e2bb0f186e02024bbf30ce2.txt","valid"
"train","00014_00023_00021_png.rf.90c524a35c99ac5f20d19a64583776ab.jpg","00014_00023_00021_png.rf.90c524a35c99ac5f20d19a64583776ab.txt","valid"
"train","00008_00012_00025_png.rf.4f96a933359331f051f7dd870f71e21d.jpg","00008_00012_00025_png.rf.4f96a933359331f051f7dd870f71e21d.txt","train"
"train","000460_jpg.rf.bbf085ddf14024bc86430bfab7f2739d.jpg","000460_jpg.rf.bbf085ddf14024bc86430bfab7f2739d.txt","valid"
"train","000093_jpg.rf.1803f9efd0afb3532585576b1bf2404a.jpg","000093_jpg.rf.1803f9efd0afb3532585576b1bf2404a.txt","valid"
"train","00001_00023_00018_png.rf.ff37417b9897757591c5b590fd36046b.jpg","00001_00023_00018_png.rf.ff37417b9897757591c5b590fd36046b.txt","train"
"train","road846_png.rf.306887380001328396c7e2d65900ec4a.jpg","road846_png.rf.306887380001328396c7e2d65900ec4a.txt","train"
"train","00008_00012_00004_png.rf.9941cbf6d4dbeffedd7b8bca91048a8d.jpg","00008_00012_00004_png.rf.9941cbf6d4dbeffedd7b8bca91048a8d.txt","valid"
"train","00000_00002_00001_png.rf.90c19b843b1442a18082ded690b84d54.jpg","00000_00002_00001_png.rf.90c19b843b1442a18082ded690b84d54.txt","train"
"train","000688_jpg.rf.919a3f032c440643c49b6dedc15819ee.jpg","000688_jpg.rf.919a3f032c440643c49b6dedc15819ee.txt","train"
"train","00000_00002_00004_png.rf.77b40aea965feb3b22c817aad53cc209.jpg","00000_00002_00004_png.rf.77b40aea965feb3b22c817aad53cc209.txt","train"
"train","000711_jpg.rf.fb04dcb428c6245542247280ac0e2989.jpg","000711_jpg.rf.fb04dcb428c6245542247280ac0e2989.txt","test"
"train","00003_00006_00005_png.rf.aeb22c05fd88f139aa4067de2bc35d22.jpg","00003_00006_00005_png.rf.aeb22c05fd88f139aa4067de2bc35d22.txt","train"
"train","00001_00023_00020_png.rf.3b2175935a5b560593dace6a7048f4d0.jpg","00001_00023_00020_png.rf.3b2175935a5b560593dace6a7048f4d0.txt","train"
"train","FisheyeCamera_1_00172_png.rf.e26b3993c223878c5f450310ae1d9469.jpg","FisheyeCamera_1_00172_png.rf.e26b3993c223878c5f450310ae1d9469.txt","train"
"train","road783_png.rf.cc056df3ab01b325d81ddd8c7e93d0f7.jpg","road783_png.rf.cc056df3ab01b325d81ddd8c7e93d0f7.txt","train"
"train","001694_JPG_jpg.rf.a6067375d1a9134b41cfa8275fef2267.jpg","001694_JPG_jpg.rf.a6067375d1a9134b41cfa8275fef2267.txt","train"
"train","000918_JPG_jpg.rf.ee776417176f38215d9435840fc95486.jpg","000918_JPG_jpg.rf.ee776417176f38215d9435840fc95486.txt","train"
"train","00004_00049_00017_png.rf.158cf0558317633e3add5e7ab12e23af.jpg","00004_00049_00017_png.rf.158cf0558317633e3add5e7ab12e23af.txt","train"
"train","000072_jpg.rf.f55f4458ae50595ac25ddc27b6c7ab50.jpg","000072_jpg.rf.f55f4458ae50595ac25ddc27b6c7ab50.txt","train"
"train","000651_jpg.rf.4c44239e52e75af4126363b2e4fe3564.jpg","000651_jpg.rf.4c44239e52e75af4126363b2e4fe3564.txt","train"
"train","000983_JPG_jpg.rf.50857da247a80fb89b96a533b632177c.jpg","000983_JPG_jpg.rf.50857da247a80fb89b96a533b632177c.txt","test"
"train","000858_JPG_jpg.rf.f3a0ded265c660b20a670ba460ae9d7a.jpg","000858_JPG_jpg.rf.f3a0ded265c660b20a670ba460ae9d7a.txt","train"
"train","001225_jpg.rf.3d2c880e88a7a097162a0e3bfbf6a3c0.jpg","001225_jpg.rf.3d2c880e88a7a097162a0e3bfbf6a3c0.txt","train"
"train","00004_00044_00022_png.rf.d5633a81aea2b46687b295e47e00fab9.jpg","00004_00044_00022_png.rf.d5633a81aea2b46687b295e47e00fab9.txt","train"
"train","00014_00003_00017_png.rf.76f3b3f606b50cfc23492f88ad1b7b48.jpg","00014_00003_00017_png.rf.76f3b3f606b50cfc23492f88ad1b7b48.txt","train"
"train","00008_00017_00023_png.rf.b09762df8a554750cb3b17049ce8dca0.jpg","00008_00017_00023_png.rf.b09762df8a554750cb3b17049ce8dca0.txt","train"
"train","001436_jpg.rf.aa5a4c102ecfa38aa50cd74569765e35.jpg","001436_jpg.rf.aa5a4c102ecfa38aa50cd74569765e35.txt","test"
"train","000904_JPG_jpg.rf.8dbfc24fa5b46ee6ceb4259bb1de728f.jpg","000904_JPG_jpg.rf.8dbfc24fa5b46ee6ceb4259bb1de728f.txt","train"
"train","FisheyeCamera_1_00100_png.rf.623c088a0c50005528c5a896d975c514.jpg","FisheyeCamera_1_00100_png.rf.623c088a0c50005528c5a896d975c514.txt","train"
"train","000642_jpg.rf.568da5cc8759c73b7f1f2b3651cbfc9d.jpg","000642_jpg.rf.568da5cc8759c73b7f1f2b3651cbfc9d.txt","train"
"train","000341_jpg.rf.34ffd9155f5f76ff09df666ce7cea0e1.jpg","000341_jpg.rf.34ffd9155f5f76ff09df666ce7cea0e1.txt","train"
"train","02911acb-1e9f-4dca-a5fa-22aec97e04aa_jpg.rf.5beccf4558229b65b96556c2026a5bf9.jpg","02911acb-1e9f-4dca-a5fa-22aec97e04aa_jpg.rf.5beccf4558229b65b96556c2026a5bf9.txt","train"
"train","FisheyeCamera_1_00594_png.rf.03661655067699c57a129df0f1c1df3f.jpg","FisheyeCamera_1_00594_png.rf.03661655067699c57a129df0f1c1df3f.txt","test"
"train","FisheyeCamera_1_00340_png.rf.145f930e8556fa8ba68c17f9bc6bd3bd.jpg","FisheyeCamera_1_00340_png.rf.145f930e8556fa8ba68c17f9bc6bd3bd.txt","train"
"train","FisheyeCamera_1_00009_png.rf.c7bcf94f42a7afb5650b4fea24d1289c.jpg","FisheyeCamera_1_00009_png.rf.c7bcf94f42a7afb5650b4fea24d1289c.txt","valid"
"train","00000_00005_00002_png.rf.28c397153971cb0ea65c1a43183a6045.jpg","00000_00005_00002_png.rf.28c397153971cb0ea65c1a43183a6045.txt","train"
"train","FisheyeCamera_1_00959_png.rf.05205c03bed63eb02eec456d98ef8774.jpg","FisheyeCamera_1_00959_png.rf.05205c03bed63eb02eec456d98ef8774.txt","train"
"train","00008_00011_00001_png.rf.28ab8d17b421cc3d7beeaaad16bc76a9.jpg","00008_00011_00001_png.rf.28ab8d17b421cc3d7beeaaad16bc76a9.txt","valid"
"train","FisheyeCamera_1_00469_png.rf.cd27511065d77f804d48e31a806a9acb.jpg","FisheyeCamera_1_00469_png.rf.cd27511065d77f804d48e31a806a9acb.txt","train"
"train","FisheyeCamera_1_00623_png.rf.ee4bebbf3357c68735fe601048bdaa3c.jpg","FisheyeCamera_1_00623_png.rf.ee4bebbf3357c68735fe601048bdaa3c.txt","train"
"train","00001_00063_00005_png.rf.e060601f2e003ed2d5003a9295ef9473.jpg","00001_00063_00005_png.rf.e060601f2e003ed2d5003a9295ef9473.txt","train"
"train","000052_jpg.rf.0150a104e9e8732345b339f4f7eed62b.jpg","000052_jpg.rf.0150a104e9e8732345b339f4f7eed62b.txt","train"
"train","road653_png.rf.bd2558ee82845a2076b36c2bc88412df.jpg","road653_png.rf.bd2558ee82845a2076b36c2bc88412df.txt","test"
"train","000435_jpg.rf.32281e4619fd69c3277f6ad6ac2ee9d1.jpg","000435_jpg.rf.32281e4619fd69c3277f6ad6ac2ee9d1.txt","valid"
"train","00003_00045_00010_png.rf.2b4cd3c220c2376746edb38b550c893f.jpg","00003_00045_00010_png.rf.2b4cd3c220c2376746edb38b550c893f.txt","valid"
"train","00003_00045_00008_png.rf.528d4d1c7ec9bdedbbbea222fc45b280.jpg","00003_00045_00008_png.rf.528d4d1c7ec9bdedbbbea222fc45b280.txt","train"
"train","road41_png.rf.21d9536949887914ffd2add4bcad34a0.jpg","road41_png.rf.21d9536949887914ffd2add4bcad34a0.txt","valid"
"train","00007_00045_00021_png.rf.b83b2da68573036d9a13c220fd4c2f3e.jpg","00007_00045_00021_png.rf.b83b2da68573036d9a13c220fd4c2f3e.txt","train"
"train","00000_00006_00020_png.rf.57fa6e7b5f270f68f69426eaec6a5347.jpg","00000_00006_00020_png.rf.57fa6e7b5f270f68f69426eaec6a5347.txt","train"
"train","000972_JPG_jpg.rf.ba410ed77f0a82bbe2105cd582efede2.jpg","000972_JPG_jpg.rf.ba410ed77f0a82bbe2105cd582efede2.txt","train"
"train","000196_jpg.rf.b5be86573524339d9d73867cf01b4d4d.jpg","000196_jpg.rf.b5be86573524339d9d73867cf01b4d4d.txt","train"
"train","00014_00012_00004_png.rf.42ef43eec5f60c250f400432f1470e24.jpg","00014_00012_00004_png.rf.42ef43eec5f60c250f400432f1470e24.txt","train"
"train","000876_jpg.rf.66d6e7041e77b761ee2b661e5d1a7630.jpg","000876_jpg.rf.66d6e7041e77b761ee2b661e5d1a7630.txt","train"
"train","000947_JPG_jpg.rf.6f6a6346953f4ac6c14ee3bc95e74e36.jpg","000947_JPG_jpg.rf.6f6a6346953f4ac6c14ee3bc95e74e36.txt","train"
"train","00008_00012_00012_png.rf.553efe2c0efbb7f5786066b4bcc84334.jpg","00008_00012_00012_png.rf.553efe2c0efbb7f5786066b4bcc84334.txt","train"
"train","00000_00001_00024_png.rf.8791396d9839cda56b63e37c5edd5d66.jpg","00000_00001_00024_png.rf.8791396d9839cda56b63e37c5edd5d66.txt","train"
"train","road553_png.rf.1f83be992618a6277224e78232718430.jpg","road553_png.rf.1f83be992618a6277224e78232718430.txt","train"
"train","00000_00000_00015_png.rf.c6ea257a84a9184bf5ed250f1aaf5bc3.jpg","00000_00000_00015_png.rf.c6ea257a84a9184bf5ed250f1aaf5bc3.txt","train"
"train","00002_00029_00006_png.rf.b3c36466d814aece8f22775a747bd648.jpg","00002_00029_00006_png.rf.b3c36466d814aece8f22775a747bd648.txt","train"
"train","00014_00006_00025_png.rf.d7f5419113f29cd3f480099ac8cf94b8.jpg","00014_00006_00025_png.rf.d7f5419113f29cd3f480099ac8cf94b8.txt","train"
"train","000684_jpg.rf.c5d2053fbfcf6b03d0656df234974a0e.jpg","000684_jpg.rf.c5d2053fbfcf6b03d0656df234974a0e.txt","test"
"train","00004_00037_00019_png.rf.68cb2876b55734405602addf63b52e87.jpg","00004_00037_00019_png.rf.68cb2876b55734405602addf63b52e87.txt","valid"
"train","000669_jpg.rf.a07393f9d5fdd90ccae210edcc2d21cc.jpg","000669_jpg.rf.a07393f9d5fdd90ccae210edcc2d21cc.txt","valid"
"train","001952_jpg.rf.d34a4022014c08ee44740ebe5ac34f32.jpg","001952_jpg.rf.d34a4022014c08ee44740ebe5ac34f32.txt","valid"
"train","001423_jpg.rf.c0b8511fdc24ca35fd06675ca8f046e3.jpg","001423_jpg.rf.c0b8511fdc24ca35fd06675ca8f046e3.txt","train"
"train","001233_jpg.rf.add17f5bb2473c376bbbba328a0fd735.jpg","001233_jpg.rf.add17f5bb2473c376bbbba328a0fd735.txt","train"
"train","00014_00001_00013_png.rf.65b12e986354469f631d5a98b574651c.jpg","00014_00001_00013_png.rf.65b12e986354469f631d5a98b574651c.txt","train"
"train","000808_jpg.rf.6d6c5d8e9b516a7755478ccc0c29b18f.jpg","000808_jpg.rf.6d6c5d8e9b516a7755478ccc0c29b18f.txt","train"
"train","00001_00023_00006_png.rf.4e0402a153227e713c793459874aee5d.jpg","00001_00023_00006_png.rf.4e0402a153227e713c793459874aee5d.txt","train"
"train","00014_00023_00022_png.rf.dad8b14a0c22cb21457a9298ac595e01.jpg","00014_00023_00022_png.rf.dad8b14a0c22cb21457a9298ac595e01.txt","train"
"train","road619_png.rf.fe322e1cd682abfbb3dbbb60afb63a63.jpg","road619_png.rf.fe322e1cd682abfbb3dbbb60afb63a63.txt","test"
"train","000827_jpg.rf.5963ac5f094b6dfb1287cae31c9a19db.jpg","000827_jpg.rf.5963ac5f094b6dfb1287cae31c9a19db.txt","train"
"train","24085f02-5dde-4b59-ad8e-887935bd08e1_jpg.rf.840ab4a927ad487aa6312332bd40a796.jpg","24085f02-5dde-4b59-ad8e-887935bd08e1_jpg.rf.840ab4a927ad487aa6312332bd40a796.txt","test"
"train","road681_png.rf.ae303f28e72cc78177d7059778748221.jpg","road681_png.rf.ae303f28e72cc78177d7059778748221.txt","valid"
"train","000919_JPG_jpg.rf.a0eb1e95f7a04a06236febd91e4aa763.jpg","000919_JPG_jpg.rf.a0eb1e95f7a04a06236febd91e4aa763.txt","train"
"train","00004_00018_00011_png.rf.0c7dd1c85e81ed5bef473cfef3fcfcdc.jpg","00004_00018_00011_png.rf.0c7dd1c85e81ed5bef473cfef3fcfcdc.txt","train"
"train","000351_jpg.rf.154afe78a8c1a31dcaa02abe6e4d598a.jpg","000351_jpg.rf.154afe78a8c1a31dcaa02abe6e4d598a.txt","train"
"train","00014_00025_00015_png.rf.207dca6d802710818647ca7234c0d035.jpg","00014_00025_00015_png.rf.207dca6d802710818647ca7234c0d035.txt","train"
"train","road715_png.rf.db2e891fbfd4e6675c89271a410623c0.jpg","road715_png.rf.db2e891fbfd4e6675c89271a410623c0.txt","train"
"train","road354_png.rf.2c57b2e3b905dfb3e52159816caa3fff.jpg","road354_png.rf.2c57b2e3b905dfb3e52159816caa3fff.txt","train"
"train","road84_png.rf.943989b1fde0d6814aca3f1c51301c95.jpg","road84_png.rf.943989b1fde0d6814aca3f1c51301c95.txt","test"
"train","000148_jpg.rf.9e738108824589df0ee58f01f53e76ef.jpg","000148_jpg.rf.9e738108824589df0ee58f01f53e76ef.txt","train"
"train","00014_00007_00016_png.rf.0734dc31e52002a663d28bfe4f52026d.jpg","00014_00007_00016_png.rf.0734dc31e52002a663d28bfe4f52026d.txt","valid"
"train","00001_00004_00001_png.rf.3380e2e4cd3dfbda712217d414904f5c.jpg","00001_00004_00001_png.rf.3380e2e4cd3dfbda712217d414904f5c.txt","train"
"train","000546_jpg.rf.a9da88ad22ac813b05c786868ef21b87.jpg","000546_jpg.rf.a9da88ad22ac813b05c786868ef21b87.txt","train"
"train","00014_00012_00005_png.rf.a2a3232f0f7b15a4a16cd19d016536c9.jpg","00014_00012_00005_png.rf.a2a3232f0f7b15a4a16cd19d016536c9.txt","train"
"train","00008_00038_00019_png.rf.c76a8494efc806ef4e2ebe03abaa981e.jpg","00008_00038_00019_png.rf.c76a8494efc806ef4e2ebe03abaa981e.txt","train"
"train","00004_00037_00017_png.rf.eb6cb308d4e70761b27b1cefd932361b.jpg","00004_00037_00017_png.rf.eb6cb308d4e70761b27b1cefd932361b.txt","train"
"train","FisheyeCamera_1_00046_png.rf.ab051b9d32b3547c8d04daa62ead7e16.jpg","FisheyeCamera_1_00046_png.rf.ab051b9d32b3547c8d04daa62ead7e16.txt","train"
"train","00007_00007_00017_png.rf.6faf691993e4c32e459bcd5f51fbe295.jpg","00007_00007_00017_png.rf.6faf691993e4c32e459bcd5f51fbe295.txt","train"
"train","road514_png.rf.611a27d7809301ccf0b869b12f251f15.jpg","road514_png.rf.611a27d7809301ccf0b869b12f251f15.txt","train"
"train","00014_00009_00006_png.rf.c3c16c7ae14e42cd00253b58549aef07.jpg","00014_00009_00006_png.rf.c3c16c7ae14e42cd00253b58549aef07.txt","train"
"train","FisheyeCamera_1_00455_png.rf.83dfc4dea7922a0ca3954520b5b81c2b.jpg","FisheyeCamera_1_00455_png.rf.83dfc4dea7922a0ca3954520b5b81c2b.txt","train"
"train","000661_jpg.rf.2b7244eb1b9d9bbf92de4fa47a0a62f7.jpg","000661_jpg.rf.2b7244eb1b9d9bbf92de4fa47a0a62f7.txt","valid"
"train","FisheyeCamera_1_00215_png.rf.923fdaffa4894f13b534d0c1ac7c1701.jpg","FisheyeCamera_1_00215_png.rf.923fdaffa4894f13b534d0c1ac7c1701.txt","train"
"train","001078_jpg.rf.a1dabf18cd2ace72df4d6bda91223d3d.jpg","001078_jpg.rf.a1dabf18cd2ace72df4d6bda91223d3d.txt","train"
"train","00000_00003_00002_png.rf.514d58998b9f3bf0847feebe6a379afc.jpg","00000_00003_00002_png.rf.514d58998b9f3bf0847feebe6a379afc.txt","valid"
"train","road161_png.rf.aea6024afcdeed610c9cf65d9175a8f1.jpg","road161_png.rf.aea6024afcdeed610c9cf65d9175a8f1.txt","train"
"train","FisheyeCamera_1_00252_png.rf.df1db2f39a2928d9670bc6b77b264c25.jpg","FisheyeCamera_1_00252_png.rf.df1db2f39a2928d9670bc6b77b264c25.txt","train"
"train","085599ac-31d5-4996-ba91-4e0a088f7bbc_jpg.rf.4ea5cd3dd1d808a94e0beddeeb3e99c6.jpg","085599ac-31d5-4996-ba91-4e0a088f7bbc_jpg.rf.4ea5cd3dd1d808a94e0beddeeb3e99c6.txt","valid"
"train","road610_png.rf.f9b75f1041c1769710a49b9ed1b48942.jpg","road610_png.rf.f9b75f1041c1769710a49b9ed1b48942.txt","valid"
"train","00000_00001_00012_png.rf.cac5ebb83725de13a39b1e8885e1ee5c.jpg","00000_00001_00012_png.rf.cac5ebb83725de13a39b1e8885e1ee5c.txt","train"
"train","00005_00018_00020_png.rf.215d09ff79b90a2cf8469ea0848d29a7.jpg","00005_00018_00020_png.rf.215d09ff79b90a2cf8469ea0848d29a7.txt","valid"
"train","00000_00004_00015_png.rf.ca67398e758bd49baf28d90354ffe205.jpg","00000_00004_00015_png.rf.ca67398e758bd49baf28d90354ffe205.txt","train"
"train","000390_jpg.rf.c03aaef0326ec91cfeeea93d654f156b.jpg","000390_jpg.rf.c03aaef0326ec91cfeeea93d654f156b.txt","train"
"train","000867_JPG_jpg.rf.f1de6f7f0468fb7b39acdad744cfdb61.jpg","000867_JPG_jpg.rf.f1de6f7f0468fb7b39acdad744cfdb61.txt","test"
"train","001639_JPG_jpg.rf.e2001be59055a53ed35da55f8188b1cb.jpg","001639_JPG_jpg.rf.e2001be59055a53ed35da55f8188b1cb.txt","train"
"train","000999_JPG_jpg.rf.373820bd3cbe87e99734204fbb642af2.jpg","000999_JPG_jpg.rf.373820bd3cbe87e99734204fbb642af2.txt","valid"
"train","000945_jpg.rf.6e778d4ea716cf3345b36af7d8a6ba48.jpg","000945_jpg.rf.6e778d4ea716cf3345b36af7d8a6ba48.txt","train"
"train","00007_00041_00010_png.rf.b04863e1806e48b6e36d35568423c890.jpg","00007_00041_00010_png.rf.b04863e1806e48b6e36d35568423c890.txt","valid"
"train","road704_png.rf.14572f8d3e8f8150a937a8bf1ad4a5a0.jpg","road704_png.rf.14572f8d3e8f8150a937a8bf1ad4a5a0.txt","train"
"train","00005_00016_00023_png.rf.403ce54c9e415d3a96455f5ba15801ef.jpg","00005_00016_00023_png.rf.403ce54c9e415d3a96455f5ba15801ef.txt","train"
"train","00007_00042_00000_png.rf.d3355d3263e009874f969da45fd8f19e.jpg","00007_00042_00000_png.rf.d3355d3263e009874f969da45fd8f19e.txt","test"
"train","00003_00019_00003_png.rf.d552b88072214ffa5c44194b5dda6be3.jpg","00003_00019_00003_png.rf.d552b88072214ffa5c44194b5dda6be3.txt","train"
"train","001437_jpg.rf.0b5131194ddc21be2b5257c2141c82a5.jpg","001437_jpg.rf.0b5131194ddc21be2b5257c2141c82a5.txt","valid"
"train","road613_png.rf.ef967314b6eeeb7be56a9eb39a3d12a2.jpg","road613_png.rf.ef967314b6eeeb7be56a9eb39a3d12a2.txt","test"
"train","FisheyeCamera_1_01013_png.rf.a12f1079d240da7ded145e6a04e6322d.jpg","FisheyeCamera_1_01013_png.rf.a12f1079d240da7ded145e6a04e6322d.txt","test"
"train","00005_00005_00021_png.rf.075c82f40b5af5eacacce90fa3ebd967.jpg","00005_00005_00021_png.rf.075c82f40b5af5eacacce90fa3ebd967.txt","valid"
"train","022ae068-6f6e-4563-97c1-f96261b436e6_jpg.rf.467aa2871b3c4ff38e5624427b319994.jpg","022ae068-6f6e-4563-97c1-f96261b436e6_jpg.rf.467aa2871b3c4ff38e5624427b319994.txt","train"
"train","000288_jpg.rf.bfee2e0a800e92241e3abd69f5f5d480.jpg","000288_jpg.rf.bfee2e0a800e92241e3abd69f5f5d480.txt","test"
"train","001812_JPG_jpg.rf.8b554981235fb2e495e184bc9f7e5f56.jpg","001812_JPG_jpg.rf.8b554981235fb2e495e184bc9f7e5f56.txt","train"
"train","001066_jpg.rf.7202e08d567ec3dbc42c318539d277d3.jpg","001066_jpg.rf.7202e08d567ec3dbc42c318539d277d3.txt","test"
"train","00000_00001_00019_png.rf.8da1f6a616d6c38fc2383e49d467996e.jpg","00000_00001_00019_png.rf.8da1f6a616d6c38fc2383e49d467996e.txt","valid"
"train","FisheyeCamera_1_00480_png.rf.9214751159450dafd674ddc5e894fbb2.jpg","FisheyeCamera_1_00480_png.rf.9214751159450dafd674ddc5e894fbb2.txt","test"
"train","000949_jpg.rf.34723909ee0244dc5a6a430746b309a1.jpg","000949_jpg.rf.34723909ee0244dc5a6a430746b309a1.txt","train"
"train","road271_png.rf.5320af5ab85be15ede30c701694360ca.jpg","road271_png.rf.5320af5ab85be15ede30c701694360ca.txt","train"
"train","00004_00048_00027_png.rf.78395f0eb4289151e45c0f3d1db2c29a.jpg","00004_00048_00027_png.rf.78395f0eb4289151e45c0f3d1db2c29a.txt","valid"
"train","00007_00041_00023_png.rf.464ddbad088b35a9e5b7ef5854daa385.jpg","00007_00041_00023_png.rf.464ddbad088b35a9e5b7ef5854daa385.txt","train"
"train","00000_00006_00026_png.rf.f66caab656fed3b16ef37a6f8edce331.jpg","00000_00006_00026_png.rf.f66caab656fed3b16ef37a6f8edce331.txt","train"
"train","00008_00012_00001_png.rf.dedcdc6c1711a4a40405249ad4fbc762.jpg","00008_00012_00001_png.rf.dedcdc6c1711a4a40405249ad4fbc762.txt","train"
"train","000416_jpg.rf.30a5b68357666983436218d5d35b6051.jpg","000416_jpg.rf.30a5b68357666983436218d5d35b6051.txt","train"
"train","00003_00036_00015_png.rf.a68fc50ae21a57f73fa55ef863bc0620.jpg","00003_00036_00015_png.rf.a68fc50ae21a57f73fa55ef863bc0620.txt","train"
"train","00001_00035_00014_png.rf.218674ff8d83dc30ecb129c2d92c9bf0.jpg","00001_00035_00014_png.rf.218674ff8d83dc30ecb129c2d92c9bf0.txt","train"
"train","00014_00008_00015_png.rf.4fe9cdef2b8eebc506717d1e95eb6e38.jpg","00014_00008_00015_png.rf.4fe9cdef2b8eebc506717d1e95eb6e38.txt","valid"
"train","00001_00033_00002_png.rf.1a5af1b126362cd430ac4bc6c591cb71.jpg","00001_00033_00002_png.rf.1a5af1b126362cd430ac4bc6c591cb71.txt","train"
"train","001010_jpg.rf.d6ec708526eeca2321fa32b100eefbb5.jpg","001010_jpg.rf.d6ec708526eeca2321fa32b100eefbb5.txt","train"
"train","00003_00036_00029_png.rf.032576b38d494628e6d949b3a14c0ae3.jpg","00003_00036_00029_png.rf.032576b38d494628e6d949b3a14c0ae3.txt","train"
"train","000262_jpg.rf.153590cd9569bdd4eef2ab4d586bcad3.jpg","000262_jpg.rf.153590cd9569bdd4eef2ab4d586bcad3.txt","train"
"train","FisheyeCamera_1_00570_png.rf.3f04c429a7dffb77222846b3b3593637.jpg","FisheyeCamera_1_00570_png.rf.3f04c429a7dffb77222846b3b3593637.txt","train"
"train","00008_00045_00008_png.rf.2e7442af766b3075c863659161e2b07c.jpg","00008_00045_00008_png.rf.2e7442af766b3075c863659161e2b07c.txt","train"
"train","001679_JPG_jpg.rf.aa7803936ac27ce581a23be94e512dca.jpg","001679_JPG_jpg.rf.aa7803936ac27ce581a23be94e512dca.txt","train"
"train","00014_00007_00014_png.rf.09a657c4b87e6d97be4d59ca3147d76a.jpg","00014_00007_00014_png.rf.09a657c4b87e6d97be4d59ca3147d76a.txt","valid"
"train","00003_00022_00017_png.rf.29a663a433b36d216e85a1f78bf3499f.jpg","00003_00022_00017_png.rf.29a663a433b36d216e85a1f78bf3499f.txt","valid"
"train","00001_00056_00007_png.rf.53e62ae708197658434ffd29fe6fd672.jpg","00001_00056_00007_png.rf.53e62ae708197658434ffd29fe6fd672.txt","valid"
"train","000712_jpg.rf.1263f2a0aae7a96850a4e07a153e7fdd.jpg","000712_jpg.rf.1263f2a0aae7a96850a4e07a153e7fdd.txt","train"
"train","000140_jpg.rf.8c42dd8a10362e29e5ca966ae2ad458e.jpg","000140_jpg.rf.8c42dd8a10362e29e5ca966ae2ad458e.txt","valid"
"train","000260_jpg.rf.7ce4ad681e391d8263c275f7738ca472.jpg","000260_jpg.rf.7ce4ad681e391d8263c275f7738ca472.txt","train"
"train","000475_jpg.rf.8fb959b26e98b04bc2d52283f52f78c7.jpg","000475_jpg.rf.8fb959b26e98b04bc2d52283f52f78c7.txt","test"
"train","00001_00020_00000_png.rf.2b2c753fa7a0f0aced1a0f3871759742.jpg","00001_00020_00000_png.rf.2b2c753fa7a0f0aced1a0f3871759742.txt","train"
"train","000322_jpg.rf.f4bfd791902170d0dc6b9b452db1e223.jpg","000322_jpg.rf.f4bfd791902170d0dc6b9b452db1e223.txt","train"
"train","000329_jpg.rf.3886a3ceced313f17e3a7f101f1b94bc.jpg","000329_jpg.rf.3886a3ceced313f17e3a7f101f1b94bc.txt","train"
"train","FisheyeCamera_1_00010_png.rf.b73979889129073418ec3da080b58a46.jpg","FisheyeCamera_1_00010_png.rf.b73979889129073418ec3da080b58a46.txt","train"
"train","00003_00000_00008_png.rf.358c837ee49c00edef2b54dd04322b95.jpg","00003_00000_00008_png.rf.358c837ee49c00edef2b54dd04322b95.txt","test"
"train","000243_jpg.rf.0ea39d9262ab7b7a3253498e5bba9f0f.jpg","000243_jpg.rf.0ea39d9262ab7b7a3253498e5bba9f0f.txt","train"
"train","00003_00035_00011_png.rf.968863a933fc0126a18c260ff60b45e9.jpg","00003_00035_00011_png.rf.968863a933fc0126a18c260ff60b45e9.txt","train"
"train","00004_00034_00011_png.rf.4416b5636b5861770f705363d73ade19.jpg","00004_00034_00011_png.rf.4416b5636b5861770f705363d73ade19.txt","train"
"train","00008_00029_00010_png.rf.42f6718e3e30e6bff23ca1bddc1d66c3.jpg","00008_00029_00010_png.rf.42f6718e3e30e6bff23ca1bddc1d66c3.txt","train"
"train","00008_00034_00008_png.rf.eb99bb01e736ded2f7b75ff6d458c55e.jpg","00008_00034_00008_png.rf.eb99bb01e736ded2f7b75ff6d458c55e.txt","test"
"train","FisheyeCamera_1_00171_png.rf.17ac861e0c73483558d7c0fa77685c7d.jpg","FisheyeCamera_1_00171_png.rf.17ac861e0c73483558d7c0fa77685c7d.txt","train"
"train","00003_00023_00010_png.rf.2f507130da885624560ef757f03952fd.jpg","00003_00023_00010_png.rf.2f507130da885624560ef757f03952fd.txt","train"
"train","000091_jpg.rf.d83fa950eda3df75cb51a1c226a3c951.jpg","000091_jpg.rf.d83fa950eda3df75cb51a1c226a3c951.txt","test"
"train","00008_00007_00009_png.rf.dce4077bbd2dfe07fb415a1f62118630.jpg","00008_00007_00009_png.rf.dce4077bbd2dfe07fb415a1f62118630.txt","test"
"train","road64_png.rf.5909ed37d66a7654d22672b96d0a8412.jpg","road64_png.rf.5909ed37d66a7654d22672b96d0a8412.txt","test"
"train","000291_jpg.rf.94e5bb2dfa3276338630d32817684857.jpg","000291_jpg.rf.94e5bb2dfa3276338630d32817684857.txt","train"
"train","road620_png.rf.9d7ea85bef815b569a64301bd2b1e108.jpg","road620_png.rf.9d7ea85bef815b569a64301bd2b1e108.txt","train"
"train","001626_JPG_jpg.rf.eaae9c4b40d0a769c230957ec5141fc9.jpg","001626_JPG_jpg.rf.eaae9c4b40d0a769c230957ec5141fc9.txt","train"
"train","001622_JPG_jpg.rf.4918e3e7bac49aae27d76f6e18b8c2e0.jpg","001622_JPG_jpg.rf.4918e3e7bac49aae27d76f6e18b8c2e0.txt","valid"
"train","00004_00048_00024_png.rf.5d839b054a6b9a96cfce95b71f74afe7.jpg","00004_00048_00024_png.rf.5d839b054a6b9a96cfce95b71f74afe7.txt","train"
"train","000154_jpg.rf.9ddd5d1d43ac841d480fa8c69bd88b15.jpg","000154_jpg.rf.9ddd5d1d43ac841d480fa8c69bd88b15.txt","valid"
"train","00000_00006_00004_png.rf.48fcdc6d8c50f56a20e272cacdc4a6b7.jpg","00000_00006_00004_png.rf.48fcdc6d8c50f56a20e272cacdc4a6b7.txt","test"
"train","00004_00002_00003_png.rf.143cef765c1e9c60434bc22e7c2d5cb4.jpg","00004_00002_00003_png.rf.143cef765c1e9c60434bc22e7c2d5cb4.txt","train"
"train","00008_00006_00027_png.rf.4084111f10f46bd31db230a204390cc9.jpg","00008_00006_00027_png.rf.4084111f10f46bd31db230a204390cc9.txt","train"
"train","000797_jpg.rf.0dd1871193432ca706b1101b3a0adb57.jpg","000797_jpg.rf.0dd1871193432ca706b1101b3a0adb57.txt","test"
"train","000573_jpg.rf.ae1383bb0e2e43016fdd9d83b97161d5.jpg","000573_jpg.rf.ae1383bb0e2e43016fdd9d83b97161d5.txt","train"
"train","00000_00000_00017_png.rf.5d3c4243167bb312540dfbac6cbe635d.jpg","00000_00000_00017_png.rf.5d3c4243167bb312540dfbac6cbe635d.txt","test"
"train","000763_jpg.rf.1b51175a1c92c16a86dec381feff1682.jpg","000763_jpg.rf.1b51175a1c92c16a86dec381feff1682.txt","test"
"train","00002_00009_00016_png.rf.42f42e22195d6201ad08a361046d0bc3.jpg","00002_00009_00016_png.rf.42f42e22195d6201ad08a361046d0bc3.txt","train"
"train","00005_00056_00011_png.rf.7b40bad35758b988a51c1e41b5f42217.jpg","00005_00056_00011_png.rf.7b40bad35758b988a51c1e41b5f42217.txt","valid"
"train","road699_png.rf.91fb928c90bbdc22764990003c0caea5.jpg","road699_png.rf.91fb928c90bbdc22764990003c0caea5.txt","train"
"train","000818_jpg.rf.fe9fdf7544f8c9b10c2f6efa0b3ce5dd.jpg","000818_jpg.rf.fe9fdf7544f8c9b10c2f6efa0b3ce5dd.txt","valid"
"train","00004_00001_00017_png.rf.63d59213bec44800e2522ae63cf6a38a.jpg","00004_00001_00017_png.rf.63d59213bec44800e2522ae63cf6a38a.txt","train"
"train","00014_00025_00019_png.rf.f6bc92a31f7630fa10c141807439cf04.jpg","00014_00025_00019_png.rf.f6bc92a31f7630fa10c141807439cf04.txt","train"
"train","000361_jpg.rf.d40f924bf3c06df614083d40a3fc53d5.jpg","000361_jpg.rf.d40f924bf3c06df614083d40a3fc53d5.txt","test"
"train","000068_jpg.rf.fe29742cfc10e477f3a824036b5cfd46.jpg","000068_jpg.rf.fe29742cfc10e477f3a824036b5cfd46.txt","train"
"train","00003_00010_00006_png.rf.9e37dc88a5761d17aa73345afe701a21.jpg","00003_00010_00006_png.rf.9e37dc88a5761d17aa73345afe701a21.txt","train"
"train","00000_00001_00014_png.rf.93e098dc789c6fe034b36a1d6f8b9dbf.jpg","00000_00001_00014_png.rf.93e098dc789c6fe034b36a1d6f8b9dbf.txt","train"
"train","000224_jpg.rf.3dc241d5668cd46a02c303346e3ce49d.jpg","000224_jpg.rf.3dc241d5668cd46a02c303346e3ce49d.txt","train"
"train","00002_00000_00020_png.rf.635ff8eceb4b57794e00c5a769f2a16e.jpg","00002_00000_00020_png.rf.635ff8eceb4b57794e00c5a769f2a16e.txt","train"
"train","00003_00044_00003_png.rf.66ec06a14f39b7ca5123f2c203f13382.jpg","00003_00044_00003_png.rf.66ec06a14f39b7ca5123f2c203f13382.txt","test"
"train","FisheyeCamera_1_00321_png.rf.7ea17fca384394bfade45be9b0a8adda.jpg","FisheyeCamera_1_00321_png.rf.7ea17fca384394bfade45be9b0a8adda.txt","train"
"train","000885_JPG_jpg.rf.cabdd7573a1cefee6648178910bee40a.jpg","000885_JPG_jpg.rf.cabdd7573a1cefee6648178910bee40a.txt","train"
"train","001697_JPG_jpg.rf.1bf99a7f8d0a8db48cb905b517cdc13c.jpg","001697_JPG_jpg.rf.1bf99a7f8d0a8db48cb905b517cdc13c.txt","valid"
"train","FisheyeCamera_1_00600_png.rf.13f4b7d37ab553b0c69381101d4d9cf1.jpg","FisheyeCamera_1_00600_png.rf.13f4b7d37ab553b0c69381101d4d9cf1.txt","test"
"train","00007_00043_00026_png.rf.83b8ebf62071bc5af55f6e6f30d09420.jpg","00007_00043_00026_png.rf.83b8ebf62071bc5af55f6e6f30d09420.txt","train"
"train","road68_png.rf.a328bc95c8f2e17813a9d10aece99250.jpg","road68_png.rf.a328bc95c8f2e17813a9d10aece99250.txt","train"
"train","FisheyeCamera_1_00344_png.rf.1d7575e5b65d56accddc7a8cd82e7f96.jpg","FisheyeCamera_1_00344_png.rf.1d7575e5b65d56accddc7a8cd82e7f96.txt","train"
"train","00014_00004_00016_png.rf.0cbcdc05c8ccd99774eb578440c9dd8d.jpg","00014_00004_00016_png.rf.0cbcdc05c8ccd99774eb578440c9dd8d.txt","valid"
"train","00004_00037_00007_png.rf.57f699b0a9d097f61c71b060bebcd8d9.jpg","00004_00037_00007_png.rf.57f699b0a9d097f61c71b060bebcd8d9.txt","test"
"train","road89_png.rf.c8d5ecf885b79cf46be251d8c74e4073.jpg","road89_png.rf.c8d5ecf885b79cf46be251d8c74e4073.txt","train"
"train","road589_png.rf.405c78f750418efe48d1af10d12bf515.jpg","road589_png.rf.405c78f750418efe48d1af10d12bf515.txt","train"
"train","00001_00038_00016_png.rf.b1a51c60fa8fddc7276f3b315473fcd7.jpg","00001_00038_00016_png.rf.b1a51c60fa8fddc7276f3b315473fcd7.txt","train"
"train","00000_00003_00016_png.rf.54f47a372c30a69ff7a6f92cce60ef4f.jpg","00000_00003_00016_png.rf.54f47a372c30a69ff7a6f92cce60ef4f.txt","train"
"train","road248_png.rf.281f57963bba809af44564aba52b96f7.jpg","road248_png.rf.281f57963bba809af44564aba52b96f7.txt","train"
"train","road799_png.rf.4209e2841716725d18a196137649ab2c.jpg","road799_png.rf.4209e2841716725d18a196137649ab2c.txt","train"
"train","00002_00015_00003_png.rf.57c84166ada8336ade84a335c91aa1e0.jpg","00002_00015_00003_png.rf.57c84166ada8336ade84a335c91aa1e0.txt","train"
"train","001065_jpg.rf.82ff016c7c52af26e8071e1bba86badd.jpg","001065_jpg.rf.82ff016c7c52af26e8071e1bba86badd.txt","train"
"train","road564_png.rf.8adaa31f5f17aae05e6b6b7857cd00f8.jpg","road564_png.rf.8adaa31f5f17aae05e6b6b7857cd00f8.txt","train"
"train","FisheyeCamera_1_00200_png.rf.b08135abfad953e57e5bf51150a8c4a8.jpg","FisheyeCamera_1_00200_png.rf.b08135abfad953e57e5bf51150a8c4a8.txt","train"
"train","000830_jpg.rf.9288c449f152340933d335302dc7cc61.jpg","000830_jpg.rf.9288c449f152340933d335302dc7cc61.txt","train"
"train","FisheyeCamera_1_00150_png.rf.4f47de1aac84a0cb3ea2d137b2b8389f.jpg","FisheyeCamera_1_00150_png.rf.4f47de1aac84a0cb3ea2d137b2b8389f.txt","train"
"train","00004_00039_00006_png.rf.d9cec0290aa04328776c3441c8fb11fc.jpg","00004_00039_00006_png.rf.d9cec0290aa04328776c3441c8fb11fc.txt","train"
"train","FisheyeCamera_1_01079_png.rf.08f7df8d44a617ef05eacaa81c684460.jpg","FisheyeCamera_1_01079_png.rf.08f7df8d44a617ef05eacaa81c684460.txt","train"
"train","FisheyeCamera_1_00336_png.rf.c9808ae4d1d596fde25a7238dbc47c2c.jpg","FisheyeCamera_1_00336_png.rf.c9808ae4d1d596fde25a7238dbc47c2c.txt","train"
"train","00000_00002_00011_png.rf.21cc5705cbdddb32479e504cda0e02db.jpg","00000_00002_00011_png.rf.21cc5705cbdddb32479e504cda0e02db.txt","train"
"train","FisheyeCamera_1_00097_png.rf.c6236560da6124d1ede3d3742a17bf8d.jpg","FisheyeCamera_1_00097_png.rf.c6236560da6124d1ede3d3742a17bf8d.txt","test"
"train","00000_00001_00016_png.rf.465696f9a9372bc1610abfd9f14a9e26.jpg","00000_00001_00016_png.rf.465696f9a9372bc1610abfd9f14a9e26.txt","test"
"train","000571_jpg.rf.b9ed1796e88a54ad7d6987cdd481ef99.jpg","000571_jpg.rf.b9ed1796e88a54ad7d6987cdd481ef99.txt","train"
"train","001621_JPG_jpg.rf.7c1065944555fdc5ccda1bcca53daed7.jpg","001621_JPG_jpg.rf.7c1065944555fdc5ccda1bcca53daed7.txt","train"
"train","road43_png.rf.2f242f3aeddb8efe86f27d7d7e6992f0.jpg","road43_png.rf.2f242f3aeddb8efe86f27d7d7e6992f0.txt","test"
"train","FisheyeCamera_1_00611_png.rf.1f8fa88474336752cca555bf1cc01172.jpg","FisheyeCamera_1_00611_png.rf.1f8fa88474336752cca555bf1cc01172.txt","valid"
"train","00002_00065_00024_png.rf.d071428b3d9194933943a26b0f6deb2a.jpg","00002_00065_00024_png.rf.d071428b3d9194933943a26b0f6deb2a.txt","valid"
"train","FisheyeCamera_1_00969_png.rf.a6b4022ae9cad904266dd4d13a98761e.jpg","FisheyeCamera_1_00969_png.rf.a6b4022ae9cad904266dd4d13a98761e.txt","train"
"train","00007_00002_00027_png.rf.935732d74295a4436e84fa4e5ac872d5.jpg","00007_00002_00027_png.rf.935732d74295a4436e84fa4e5ac872d5.txt","train"
"train","00000_00006_00001_png.rf.9512494c2f8a6fa9e37c2e398b5299a2.jpg","00000_00006_00001_png.rf.9512494c2f8a6fa9e37c2e398b5299a2.txt","train"
"train","00014_00001_00014_png.rf.3ecbda9994d08cd4aa7f7b14a82663cf.jpg","00014_00001_00014_png.rf.3ecbda9994d08cd4aa7f7b14a82663cf.txt","train"
"train","00008_00036_00019_png.rf.b796bd033264ca591ebc6e0fb920c3c9.jpg","00008_00036_00019_png.rf.b796bd033264ca591ebc6e0fb920c3c9.txt","train"
"train","00008_00013_00020_png.rf.c1e8cffbc0ce1ec7e9bd9afd4a1a8594.jpg","00008_00013_00020_png.rf.c1e8cffbc0ce1ec7e9bd9afd4a1a8594.txt","train"
"train","001024_jpg.rf.d8933b53bc260249a170ca4368d0593e.jpg","001024_jpg.rf.d8933b53bc260249a170ca4368d0593e.txt","valid"
"train","road12_png.rf.de83f9d951d3af21250dc1d8456670c5.jpg","road12_png.rf.de83f9d951d3af21250dc1d8456670c5.txt","train"
"train","FisheyeCamera_1_00634_png.rf.853806cad2de379650ca3639e0692665.jpg","FisheyeCamera_1_00634_png.rf.853806cad2de379650ca3639e0692665.txt","train"
"train","00007_00045_00028_png.rf.80b36860cff133f9360c0accb141e99e.jpg","00007_00045_00028_png.rf.80b36860cff133f9360c0accb141e99e.txt","valid"
"train","00014_00002_00000_png.rf.6e585a607686e4da95a5ff57597df8ea.jpg","00014_00002_00000_png.rf.6e585a607686e4da95a5ff57597df8ea.txt","train"
"train","001623_JPG_jpg.rf.c4ab6881433986ecc4f3092865d59478.jpg","001623_JPG_jpg.rf.c4ab6881433986ecc4f3092865d59478.txt","test"
"train","FisheyeCamera_1_00325_png.rf.09f7e95d085ea90306ea0c4d856dc214.jpg","FisheyeCamera_1_00325_png.rf.09f7e95d085ea90306ea0c4d856dc214.txt","train"
"train","00014_00009_00011_png.rf.e9df8c916e2427ba89e16f0b75e195e4.jpg","00014_00009_00011_png.rf.e9df8c916e2427ba89e16f0b75e195e4.txt","train"
"train","00000_00006_00013_png.rf.307a662b7d7bc7f3b0764e631cb7f6c1.jpg","00000_00006_00013_png.rf.307a662b7d7bc7f3b0764e631cb7f6c1.txt","train"
"train","00002_00010_00028_png.rf.7b71be87e6bf450e4988e9761082512b.jpg","00002_00010_00028_png.rf.7b71be87e6bf450e4988e9761082512b.txt","train"
"train","000622_jpg.rf.00a358a2ea52fea7428d1d922fa9c006.jpg","000622_jpg.rf.00a358a2ea52fea7428d1d922fa9c006.txt","train"
"train","00000_00001_00020_png.rf.9b6c7887217f8dd1d200fb274494a177.jpg","00000_00001_00020_png.rf.9b6c7887217f8dd1d200fb274494a177.txt","test"
"train","00004_00060_00011_png.rf.6fc829e862f34ab77b3aea54a34a0147.jpg","00004_00060_00011_png.rf.6fc829e862f34ab77b3aea54a34a0147.txt","train"
"train","00007_00003_00010_png.rf.35087ef3d7b1f352bda46e6bbff46557.jpg","00007_00003_00010_png.rf.35087ef3d7b1f352bda46e6bbff46557.txt","valid"
"train","000683_jpg.rf.fc0eb5bc7fbad5048a88e72ef3e014da.jpg","000683_jpg.rf.fc0eb5bc7fbad5048a88e72ef3e014da.txt","valid"
"train","road711_png.rf.3aa92de17341b32d0bef550b2643e109.jpg","road711_png.rf.3aa92de17341b32d0bef550b2643e109.txt","train"
"train","FisheyeCamera_1_00236_png.rf.a002cf623b252de55e8c0edf2bea51ed.jpg","FisheyeCamera_1_00236_png.rf.a002cf623b252de55e8c0edf2bea51ed.txt","valid"
"train","road787_png.rf.51da25d5f93c605f59ca53d54d6ae086.jpg","road787_png.rf.51da25d5f93c605f59ca53d54d6ae086.txt","train"
"train","001452_jpg.rf.47eca0b5843fe6a188ceedca1b0900f8.jpg","001452_jpg.rf.47eca0b5843fe6a188ceedca1b0900f8.txt","train"
"train","FisheyeCamera_1_00213_png.rf.2c9720c29f161455c4a315da0bb12169.jpg","FisheyeCamera_1_00213_png.rf.2c9720c29f161455c4a315da0bb12169.txt","train"
"train","000472_jpg.rf.cbf3fe6ca64c93142ecd984ced052e4b.jpg","000472_jpg.rf.cbf3fe6ca64c93142ecd984ced052e4b.txt","train"
"train","00001_00033_00015_png.rf.a69378b08474c98938b6b3fce89cb68e.jpg","00001_00033_00015_png.rf.a69378b08474c98938b6b3fce89cb68e.txt","train"
"train","001034_jpg.rf.50253887ff857405d1fff9ca3cd086e1.jpg","001034_jpg.rf.50253887ff857405d1fff9ca3cd086e1.txt","train"
"train","00004_00033_00007_png.rf.08bb55f5ed1241ba482181b1f14f7bf2.jpg","00004_00033_00007_png.rf.08bb55f5ed1241ba482181b1f14f7bf2.txt","train"
"train","road834_png.rf.5304f2939040cfa3796f7302e89c003f.jpg","road834_png.rf.5304f2939040cfa3796f7302e89c003f.txt","train"
"train","001055_jpg.rf.fb5b02c1db19bfcd4d157090f67ac47f.jpg","001055_jpg.rf.fb5b02c1db19bfcd4d157090f67ac47f.txt","train"
"train","FisheyeCamera_1_00215_png.rf.ccbeb0acacce266cfcf82dbd7fa1a12b.jpg","FisheyeCamera_1_00215_png.rf.ccbeb0acacce266cfcf82dbd7fa1a12b.txt","train"
"train","road453_png.rf.837b5ecf9eeae26f847ba11f62116a20.jpg","road453_png.rf.837b5ecf9eeae26f847ba11f62116a20.txt","test"
"train","000554_jpg.rf.caa8556ff4f76e915810547fdddbe191.jpg","000554_jpg.rf.caa8556ff4f76e915810547fdddbe191.txt","train"
"train","00000_00000_00002_png.rf.2215d2e0af7fb34efad8194201739618.jpg","00000_00000_00002_png.rf.2215d2e0af7fb34efad8194201739618.txt","valid"
"train","000051_jpg.rf.933649f12bfbcd68f5b25a9c6e3b1854.jpg","000051_jpg.rf.933649f12bfbcd68f5b25a9c6e3b1854.txt","train"
"train","000977_JPG_jpg.rf.c6a367cfbf25df016d815488ca7691d7.jpg","000977_JPG_jpg.rf.c6a367cfbf25df016d815488ca7691d7.txt","train"
"train","00003_00031_00023_png.rf.653f03570b0ab6b0fc60a775222aed76.jpg","00003_00031_00023_png.rf.653f03570b0ab6b0fc60a775222aed76.txt","train"
"train","00008_00004_00014_png.rf.16cacde64befb15ffbc878ba6bc0fccf.jpg","00008_00004_00014_png.rf.16cacde64befb15ffbc878ba6bc0fccf.txt","valid"
"train","FisheyeCamera_1_00625_png.rf.44b735419ed07de9280ee1b35a8f31a4.jpg","FisheyeCamera_1_00625_png.rf.44b735419ed07de9280ee1b35a8f31a4.txt","train"
"train","000237_jpg.rf.1c8dd01f156132e95fcfae0f1231c082.jpg","000237_jpg.rf.1c8dd01f156132e95fcfae0f1231c082.txt","train"
"train","00003_00032_00004_png.rf.b8ce55a6b31bbd4848ced4696d7b1ebe.jpg","00003_00032_00004_png.rf.b8ce55a6b31bbd4848ced4696d7b1ebe.txt","train"
"train","000496_jpg.rf.d5eb867b94a487dd86f94c5f795344a8.jpg","000496_jpg.rf.d5eb867b94a487dd86f94c5f795344a8.txt","train"
"train","00007_00043_00011_png.rf.22aaf269aaaf1d6590e6d7d4a6096214.jpg","00007_00043_00011_png.rf.22aaf269aaaf1d6590e6d7d4a6096214.txt","train"
"train","001295_jpg.rf.cbe7fa49d23812d93a0afefb97f67c70.jpg","001295_jpg.rf.cbe7fa49d23812d93a0afefb97f67c70.txt","test"
"train","road192_png.rf.504e3b09f81740d307a81476d4250251.jpg","road192_png.rf.504e3b09f81740d307a81476d4250251.txt","valid"
"train","00004_00007_00019_png.rf.91fd6cac2606b6e56b64ee3177aacb9a.jpg","00004_00007_00019_png.rf.91fd6cac2606b6e56b64ee3177aacb9a.txt","valid"
"train","000901_JPG_jpg.rf.f61394815f1358146028633bc66807d9.jpg","000901_JPG_jpg.rf.f61394815f1358146028633bc66807d9.txt","train"
"train","FisheyeCamera_1_00014_png.rf.cd4e21fe3ca6583c468928d7d45054c5.jpg","FisheyeCamera_1_00014_png.rf.cd4e21fe3ca6583c468928d7d45054c5.txt","train"
"train","FisheyeCamera_1_00295_png.rf.09b85ecbc267a8dce247873892fd4636.jpg","FisheyeCamera_1_00295_png.rf.09b85ecbc267a8dce247873892fd4636.txt","train"
"train","00001_00066_00015_png.rf.a2f626aeda9f73cfcda49ac0e24fda9c.jpg","00001_00066_00015_png.rf.a2f626aeda9f73cfcda49ac0e24fda9c.txt","test"
"train","00008_00046_00026_png.rf.d27226d6481f4b3bc7e9e7007db57347.jpg","00008_00046_00026_png.rf.d27226d6481f4b3bc7e9e7007db57347.txt","valid"
"train","000993_jpg.rf.0f937139c8315d4ecd01fdbe547065ec.jpg","000993_jpg.rf.0f937139c8315d4ecd01fdbe547065ec.txt","train"
"train","00000_00006_00015_png.rf.f17fb5d71a75f8943875756f55867486.jpg","00000_00006_00015_png.rf.f17fb5d71a75f8943875756f55867486.txt","train"
"train","001700_JPG_jpg.rf.44d0071abb3b973bdcf0aec9871aa62c.jpg","001700_JPG_jpg.rf.44d0071abb3b973bdcf0aec9871aa62c.txt","test"
"train","00014_00009_00015_png.rf.26319f0a124cb3c56cbe4be08fd3023d.jpg","00014_00009_00015_png.rf.26319f0a124cb3c56cbe4be08fd3023d.txt","train"
"train","00014_00004_00009_png.rf.4af504fe3dfe1b1af7c12e3c38bbad24.jpg","00014_00004_00009_png.rf.4af504fe3dfe1b1af7c12e3c38bbad24.txt","valid"
"train","000012_jpg.rf.11ec33cc4324b028e12bef85cd8dcb76.jpg","000012_jpg.rf.11ec33cc4324b028e12bef85cd8dcb76.txt","test"
"train","FisheyeCamera_1_00229_png.rf.34404d381c05c1790835482ab5a5bc39.jpg","FisheyeCamera_1_00229_png.rf.34404d381c05c1790835482ab5a5bc39.txt","train"
"train","000928_JPG_jpg.rf.69673394b3b4705b07fb718564519504.jpg","000928_JPG_jpg.rf.69673394b3b4705b07fb718564519504.txt","train"
"train","000948_JPG_jpg.rf.3b0685656111d4fc563078c7347d19f1.jpg","000948_JPG_jpg.rf.3b0685656111d4fc563078c7347d19f1.txt","train"
"train","00003_00036_00008_png.rf.0acebefee24c20f39288252deff16c69.jpg","00003_00036_00008_png.rf.0acebefee24c20f39288252deff16c69.txt","train"
"train","00004_00016_00014_png.rf.e24e85a21d47c1420abb7d66f965a490.jpg","00004_00016_00014_png.rf.e24e85a21d47c1420abb7d66f965a490.txt","train"
"train","00000_00002_00016_png.rf.2dbe939a55e97f9dac7cdeb0a949ae58.jpg","00000_00002_00016_png.rf.2dbe939a55e97f9dac7cdeb0a949ae58.txt","train"
"train","00000_00003_00000_png.rf.a5f7c9ea674d7a05f61de6cb6f9a7c21.jpg","00000_00003_00000_png.rf.a5f7c9ea674d7a05f61de6cb6f9a7c21.txt","train"
"train","00000_00000_00004_png.rf.91627a9d0a69b8261c1340a48fcb2d0c.jpg","00000_00000_00004_png.rf.91627a9d0a69b8261c1340a48fcb2d0c.txt","train"
"train","00007_00010_00026_png.rf.4bb61d188fc92c4057ce3004cfed7367.jpg","00007_00010_00026_png.rf.4bb61d188fc92c4057ce3004cfed7367.txt","train"
"train","00005_00016_00014_png.rf.1036b0556bfe6f36be37143ce5a33ef7.jpg","00005_00016_00014_png.rf.1036b0556bfe6f36be37143ce5a33ef7.txt","train"
"train","001635_JPG_jpg.rf.467a4adbfb4d485e0e0c134df53adde5.jpg","001635_JPG_jpg.rf.467a4adbfb4d485e0e0c134df53adde5.txt","train"
"train","000310_jpg.rf.5bf95f44511d69688ed0eec2d74ebc39.jpg","000310_jpg.rf.5bf95f44511d69688ed0eec2d74ebc39.txt","train"
"train","FisheyeCamera_1_00189_png.rf.0f73526c3d5a4db44a03f5c4731a835a.jpg","FisheyeCamera_1_00189_png.rf.0f73526c3d5a4db44a03f5c4731a835a.txt","train"
"train","001662_JPG_jpg.rf.5c67e0ed69f18b84478a828b7257a499.jpg","001662_JPG_jpg.rf.5c67e0ed69f18b84478a828b7257a499.txt","test"
"train","FisheyeCamera_1_00308_png.rf.5942d87ffe983c5b0ec2b149fa5b2235.jpg","FisheyeCamera_1_00308_png.rf.5942d87ffe983c5b0ec2b149fa5b2235.txt","train"
"train","00014_00005_00013_png.rf.24ca767959038a099e6015bdc9a2dea3.jpg","00014_00005_00013_png.rf.24ca767959038a099e6015bdc9a2dea3.txt","train"
"train","001220_jpg.rf.6f951eeb330eade1e801f4ffe79c6968.jpg","001220_jpg.rf.6f951eeb330eade1e801f4ffe79c6968.txt","train"
"train","00014_00023_00014_png.rf.52dd93b6a58e1a21ab268d0596fc2dba.jpg","00014_00023_00014_png.rf.52dd93b6a58e1a21ab268d0596fc2dba.txt","valid"
"train","00014_00004_00028_png.rf.df23338ffe3f6515305a6590c0500913.jpg","00014_00004_00028_png.rf.df23338ffe3f6515305a6590c0500913.txt","train"
"train","00014_00023_00013_png.rf.dad49c8a25752e310666ee8105a935d5.jpg","00014_00023_00013_png.rf.dad49c8a25752e310666ee8105a935d5.txt","train"
"train","00007_00003_00016_png.rf.c19c7a2940948ffdfe7458f6c8415503.jpg","00007_00003_00016_png.rf.c19c7a2940948ffdfe7458f6c8415503.txt","valid"
"train","001072_jpg.rf.3def506373d61ffb24034782a4c77087.jpg","001072_jpg.rf.3def506373d61ffb24034782a4c77087.txt","train"
"train","FisheyeCamera_1_00583_png.rf.b84d6e0e98d8d5c9e09d4a1e1d38fc90.jpg","FisheyeCamera_1_00583_png.rf.b84d6e0e98d8d5c9e09d4a1e1d38fc90.txt","valid"
"train","00000_00005_00011_png.rf.165372d675db445d3da34fa2b3dbc638.jpg","00000_00005_00011_png.rf.165372d675db445d3da34fa2b3dbc638.txt","train"
"train","00003_00023_00021_png.rf.433c051ff720b63737f842aaa6cb2409.jpg","00003_00023_00021_png.rf.433c051ff720b63737f842aaa6cb2409.txt","train"
"train","FisheyeCamera_1_00569_png.rf.8a24adec498e5dc867b293fe1c1a602e.jpg","FisheyeCamera_1_00569_png.rf.8a24adec498e5dc867b293fe1c1a602e.txt","train"
"train","00014_00007_00000_png.rf.a0a7d93a62e03f9cdc1762e8f0857253.jpg","00014_00007_00000_png.rf.a0a7d93a62e03f9cdc1762e8f0857253.txt","train"
"train","FisheyeCamera_1_00975_png.rf.c1be809de639d374d26aa67ccec2fc68.jpg","FisheyeCamera_1_00975_png.rf.c1be809de639d374d26aa67ccec2fc68.txt","train"
"train","000759_jpg.rf.7afcf3be77949492f7b4315b1b789e09.jpg","000759_jpg.rf.7afcf3be77949492f7b4315b1b789e09.txt","valid"
"train","FisheyeCamera_1_00269_png.rf.1e7d726f2e6ed71db8b565fa1d94e5da.jpg","FisheyeCamera_1_00269_png.rf.1e7d726f2e6ed71db8b565fa1d94e5da.txt","train"
"train","00004_00045_00020_png.rf.b5c2fbef5d376241f6435ade335da581.jpg","00004_00045_00020_png.rf.b5c2fbef5d376241f6435ade335da581.txt","valid"
"train","00002_00000_00010_png.rf.126516a0e3d94af5ea6b9a3ddfc455d8.jpg","00002_00000_00010_png.rf.126516a0e3d94af5ea6b9a3ddfc455d8.txt","train"
"train","000963_JPG_jpg.rf.a38205e432ddd38ca8d91d25d0e14288.jpg","000963_JPG_jpg.rf.a38205e432ddd38ca8d91d25d0e14288.txt","valid"
"train","001689_JPG_jpg.rf.065b400b4df5105508f6c986c2b80245.jpg","001689_JPG_jpg.rf.065b400b4df5105508f6c986c2b80245.txt","train"
"train","FisheyeCamera_1_00090_png.rf.21f5426c5de652030ddd036f124d847c.jpg","FisheyeCamera_1_00090_png.rf.21f5426c5de652030ddd036f124d847c.txt","train"
"train","00003_00028_00007_png.rf.538ac0f99f213a5bbde36be09bc5b83a.jpg","00003_00028_00007_png.rf.538ac0f99f213a5bbde36be09bc5b83a.txt","valid"
"train","FisheyeCamera_1_00262_png.rf.d1112a181f6a7bbbc61551ee3cdf9a01.jpg","FisheyeCamera_1_00262_png.rf.d1112a181f6a7bbbc61551ee3cdf9a01.txt","train"
"train","road743_png.rf.bee051fcbe074422a6a0f3a339e14795.jpg","road743_png.rf.bee051fcbe074422a6a0f3a339e14795.txt","test"
"train","00014_00009_00010_png.rf.728d5ffdfa66e8d19d9eb295af941498.jpg","00014_00009_00010_png.rf.728d5ffdfa66e8d19d9eb295af941498.txt","train"
"train","road80_png.rf.99f0f6cf82f961004eb224e564d10e15.jpg","road80_png.rf.99f0f6cf82f961004eb224e564d10e15.txt","train"
"train","road574_png.rf.f320b6c4d8f9d8380a3b6d06b53f6d02.jpg","road574_png.rf.f320b6c4d8f9d8380a3b6d06b53f6d02.txt","test"
"train","00000_00002_00001_png.rf.32567b1854d9e1e15bc501ed6ff86d65.jpg","00000_00002_00001_png.rf.32567b1854d9e1e15bc501ed6ff86d65.txt","train"
"train","road708_png.rf.d33f2d9c8bf5ee884122899f7536553b.jpg","road708_png.rf.d33f2d9c8bf5ee884122899f7536553b.txt","test"
"train","000338_jpg.rf.f80a7e349291a2f02c6dea43ef8efe87.jpg","000338_jpg.rf.f80a7e349291a2f02c6dea43ef8efe87.txt","test"
"train","FisheyeCamera_1_01091_png.rf.de96cc3b29a4376f7a79635226382c9d.jpg","FisheyeCamera_1_01091_png.rf.de96cc3b29a4376f7a79635226382c9d.txt","valid"
"train","000556_jpg.rf.bf96f0e50176bfb405da6f472d8d4bcc.jpg","000556_jpg.rf.bf96f0e50176bfb405da6f472d8d4bcc.txt","train"
"train","001998_jpg.rf.97c3ca38712730535e733a719369a8dc.jpg","001998_jpg.rf.97c3ca38712730535e733a719369a8dc.txt","train"
"train","000721_jpg.rf.6265a3123bcd13f8a130c408d3e71157.jpg","000721_jpg.rf.6265a3123bcd13f8a130c408d3e71157.txt","valid"
"train","00001_00068_00015_png.rf.400cd871756dda6b9ba645d24baea117.jpg","00001_00068_00015_png.rf.400cd871756dda6b9ba645d24baea117.txt","train"
"train","00004_00002_00012_png.rf.f0cc14943bf002a533d18a4555b20729.jpg","00004_00002_00012_png.rf.f0cc14943bf002a533d18a4555b20729.txt","train"
"train","0166f90e-c685-4f0b-98ed-0c3fd338ff01_jpg.rf.0ef663531d5b5683683de5dad057e45d.jpg","0166f90e-c685-4f0b-98ed-0c3fd338ff01_jpg.rf.0ef663531d5b5683683de5dad057e45d.txt","train"
"train","00001_00059_00002_png.rf.6062965493967f7d8edf91e6a14c2d12.jpg","00001_00059_00002_png.rf.6062965493967f7d8edf91e6a14c2d12.txt","train"
"train","000648_jpg.rf.aad6ee2985af7d26c3b34b58783887cb.jpg","000648_jpg.rf.aad6ee2985af7d26c3b34b58783887cb.txt","train"
"train","000256_jpg.rf.8d1bf777fb1397188357f310d2645578.jpg","000256_jpg.rf.8d1bf777fb1397188357f310d2645578.txt","train"
"train","00007_00005_00027_png.rf.c87a73a1716d1ed11adb9e46e85fb544.jpg","00007_00005_00027_png.rf.c87a73a1716d1ed11adb9e46e85fb544.txt","train"
"train","00003_00045_00017_png.rf.991f7b288756bdf0e46345ae16522958.jpg","00003_00045_00017_png.rf.991f7b288756bdf0e46345ae16522958.txt","train"
"train","000859_JPG_jpg.rf.7625be0261d5ab2ccfe96b34230921e2.jpg","000859_JPG_jpg.rf.7625be0261d5ab2ccfe96b34230921e2.txt","train"
"train","000655_jpg.rf.2539342faa641d0d8919bfcbf62c6dfb.jpg","000655_jpg.rf.2539342faa641d0d8919bfcbf62c6dfb.txt","train"
"train","road10_png.rf.1f41921d47aed80f9a3f53538bcf5b52.jpg","road10_png.rf.1f41921d47aed80f9a3f53538bcf5b52.txt","train"
"train","000995_jpg.rf.bdde4209f3ded731aca08a21d17f6980.jpg","000995_jpg.rf.bdde4209f3ded731aca08a21d17f6980.txt","train"
"train","road297_png.rf.39d18c100c93963bc2d2243f99488527.jpg","road297_png.rf.39d18c100c93963bc2d2243f99488527.txt","train"
"train","000016_jpg.rf.eb5f1b4d9476bf5968c8de7f36c3ccee.jpg","000016_jpg.rf.eb5f1b4d9476bf5968c8de7f36c3ccee.txt","valid"
"train","000758_jpg.rf.d8bbc91054a584e9fc3dc2d9e18f3267.jpg","000758_jpg.rf.d8bbc91054a584e9fc3dc2d9e18f3267.txt","valid"
"train","000612_jpg.rf.ae2c3d407eaa4630056596f8179df047.jpg","000612_jpg.rf.ae2c3d407eaa4630056596f8179df047.txt","train"
"train","000906_JPG_jpg.rf.14eadf2a06d599ac83dac074a74ab373.jpg","000906_JPG_jpg.rf.14eadf2a06d599ac83dac074a74ab373.txt","train"
"train","00000_00001_00000_png.rf.0e030b019f930106f281dc63f5d07477.jpg","00000_00001_00000_png.rf.0e030b019f930106f281dc63f5d07477.txt","train"
"train","00007_00027_00019_png.rf.0e8f20ac31d356b99b567dbf6e2eb085.jpg","00007_00027_00019_png.rf.0e8f20ac31d356b99b567dbf6e2eb085.txt","train"
"train","000934_JPG_jpg.rf.953dc32e7792b48148bdb3832de179d5.jpg","000934_JPG_jpg.rf.953dc32e7792b48148bdb3832de179d5.txt","test"
"train","FisheyeCamera_1_00592_png.rf.9ad30caaf947ac416436bcbeb077da05.jpg","FisheyeCamera_1_00592_png.rf.9ad30caaf947ac416436bcbeb077da05.txt","train"
"train","FisheyeCamera_1_00232_png.rf.5915448101dc0cc5b769ce8ba9d6efa1.jpg","FisheyeCamera_1_00232_png.rf.5915448101dc0cc5b769ce8ba9d6efa1.txt","train"
"train","FisheyeCamera_1_01034_png.rf.c11f37d8164ae0d61ffbd415c037474f.jpg","FisheyeCamera_1_01034_png.rf.c11f37d8164ae0d61ffbd415c037474f.txt","valid"
"train","00007_00023_00026_png.rf.34e701021f165d82d3f63d7e7e0e8e00.jpg","00007_00023_00026_png.rf.34e701021f165d82d3f63d7e7e0e8e00.txt","train"
"train","road611_png.rf.fea7c3752c10cb7a831c5d2ea6c514fd.jpg","road611_png.rf.fea7c3752c10cb7a831c5d2ea6c514fd.txt","train"
"train","182a7c98-60cb-46a4-a89b-ad3500515c3a_jpg.rf.169f2b900926c97e804f0a09b861e338.jpg","182a7c98-60cb-46a4-a89b-ad3500515c3a_jpg.rf.169f2b900926c97e804f0a09b861e338.txt","test"
"train","000249_jpg.rf.88fadffc631fce6eb1b6d6d412ea4bd5.jpg","000249_jpg.rf.88fadffc631fce6eb1b6d6d412ea4bd5.txt","valid"
"train","001918_jpg.rf.ea0606e5520b48e0246b71604127e1b5.jpg","001918_jpg.rf.ea0606e5520b48e0246b71604127e1b5.txt","test"
"train","00000_00006_00014_png.rf.3aa6c51bc7a640112b3ece1505a951c3.jpg","00000_00006_00014_png.rf.3aa6c51bc7a640112b3ece1505a951c3.txt","test"
"train","000463_png_jpg.rf.fb0ad2685113ac9994f045aefcaebc2d.jpg","000463_png_jpg.rf.fb0ad2685113ac9994f045aefcaebc2d.txt","valid"
"train","00004_00038_00011_png.rf.2ba7a6b707775a45521796f5265a0330.jpg","00004_00038_00011_png.rf.2ba7a6b707775a45521796f5265a0330.txt","test"
"train","000348_jpg.rf.ce553530bf3c6056e855a466ad13c8e9.jpg","000348_jpg.rf.ce553530bf3c6056e855a466ad13c8e9.txt","valid"
"train","road157_png.rf.b6675562dcbf10d03532993b82467222.jpg","road157_png.rf.b6675562dcbf10d03532993b82467222.txt","test"
"train","001089_jpg.rf.5bd47aa4d930ed5e0eabca97410f5b99.jpg","001089_jpg.rf.5bd47aa4d930ed5e0eabca97410f5b99.txt","test"
"train","FisheyeCamera_1_00234_png.rf.0bd7020caf0a7e091b5e1897ae82790c.jpg","FisheyeCamera_1_00234_png.rf.0bd7020caf0a7e091b5e1897ae82790c.txt","train"
"train","FisheyeCamera_1_00639_png.rf.6389c45dfce2fb4ab811aab85d1a9670.jpg","FisheyeCamera_1_00639_png.rf.6389c45dfce2fb4ab811aab85d1a9670.txt","train"
"train","00001_00019_00004_png.rf.25a047e41bfddbed5c223dc49d4f17ae.jpg","00001_00019_00004_png.rf.25a047e41bfddbed5c223dc49d4f17ae.txt","train"
"train","FisheyeCamera_1_00110_png.rf.b2f094a55e9ebf8b16298d02c9320c6a.jpg","FisheyeCamera_1_00110_png.rf.b2f094a55e9ebf8b16298d02c9320c6a.txt","train"
"train","00002_00015_00029_png.rf.4cba76b8ea520cf08e02c7ad9acad178.jpg","00002_00015_00029_png.rf.4cba76b8ea520cf08e02c7ad9acad178.txt","train"
"train","00014_00007_00011_png.rf.62f493247f0ef99dd064432575895891.jpg","00014_00007_00011_png.rf.62f493247f0ef99dd064432575895891.txt","train"
"train","000418_jpg.rf.67bff2d8a0eccea04e32f655fb1a26fe.jpg","000418_jpg.rf.67bff2d8a0eccea04e32f655fb1a26fe.txt","train"
"train","00008_00005_00024_png.rf.7e0468bd45e8d7897874b08bccdde0aa.jpg","00008_00005_00024_png.rf.7e0468bd45e8d7897874b08bccdde0aa.txt","train"
"train","FisheyeCamera_1_00007_png.rf.bd45d6cbdbd40046149d36b44bb71506.jpg","FisheyeCamera_1_00007_png.rf.bd45d6cbdbd40046149d36b44bb71506.txt","valid"
"train","000561_jpg.rf.b235fefa406b9c53d33fab231785437e.jpg","000561_jpg.rf.b235fefa406b9c53d33fab231785437e.txt","train"
"train","00001_00012_00016_png.rf.4ef706816e9474c8755af648dbade76f.jpg","00001_00012_00016_png.rf.4ef706816e9474c8755af648dbade76f.txt","train"
"train","00000_00005_00026_png.rf.285a7fc08fd1e300b7ba304c74c0e2e8.jpg","00000_00005_00026_png.rf.285a7fc08fd1e300b7ba304c74c0e2e8.txt","train"
"train","FisheyeCamera_1_00431_png.rf.fc8d700d9c69bde2c3460a84823fd555.jpg","FisheyeCamera_1_00431_png.rf.fc8d700d9c69bde2c3460a84823fd555.txt","train"
"train","road692_png.rf.65460c6670fbc4795e5dfdefd7dfcf10.jpg","road692_png.rf.65460c6670fbc4795e5dfdefd7dfcf10.txt","test"
"train","00008_00038_00018_png.rf.11c7d10d6e0bf3f5ac5a839f3794ed8b.jpg","00008_00038_00018_png.rf.11c7d10d6e0bf3f5ac5a839f3794ed8b.txt","train"
"train","00014_00009_00025_png.rf.eb2f1d5d8add439a609beb44133a2aa0.jpg","00014_00009_00025_png.rf.eb2f1d5d8add439a609beb44133a2aa0.txt","train"
"train","road780_png.rf.0b3393c31a2072ce5a2527e691edea96.jpg","road780_png.rf.0b3393c31a2072ce5a2527e691edea96.txt","train"
"train","road583_png.rf.c88188db26d56756e85814e1ebc6c1d7.jpg","road583_png.rf.c88188db26d56756e85814e1ebc6c1d7.txt","train"
"train","FisheyeCamera_1_00499_png.rf.323d85ab605f12eee840a67dbb709e88.jpg","FisheyeCamera_1_00499_png.rf.323d85ab605f12eee840a67dbb709e88.txt","train"
"train","00007_00018_00020_png.rf.349eac9f7d5fb0f282776eb56f0fee62.jpg","00007_00018_00020_png.rf.349eac9f7d5fb0f282776eb56f0fee62.txt","train"
"train","000436_jpg.rf.372eb76817f4eeb1438e7c13bc6830cc.jpg","000436_jpg.rf.372eb76817f4eeb1438e7c13bc6830cc.txt","train"
"train","00001_00006_00026_png.rf.b0067169a821fdafac77a72104dd02fc.jpg","00001_00006_00026_png.rf.b0067169a821fdafac77a72104dd02fc.txt","test"
"train","000445_jpg.rf.6826c91ed6dc1d5f188e57bfa6f03ac1.jpg","000445_jpg.rf.6826c91ed6dc1d5f188e57bfa6f03ac1.txt","train"
"train","000061_jpg.rf.0c97e4b819635b037436a5688bb5657a.jpg","000061_jpg.rf.0c97e4b819635b037436a5688bb5657a.txt","valid"
"train","00003_00018_00019_png.rf.56f7a02494e50a2289d2010e07a2a01f.jpg","00003_00018_00019_png.rf.56f7a02494e50a2289d2010e07a2a01f.txt","train"
"train","001405_jpg.rf.017c94347f4628dda86d2116dbd8e839.jpg","001405_jpg.rf.017c94347f4628dda86d2116dbd8e839.txt","train"
"train","FisheyeCamera_1_00148_png.rf.7603a2ac13a0a10c2487c3530213ced3.jpg","FisheyeCamera_1_00148_png.rf.7603a2ac13a0a10c2487c3530213ced3.txt","train"
"train","00001_00031_00009_png.rf.45f64e345240df941414c4c6ae53fc23.jpg","00001_00031_00009_png.rf.45f64e345240df941414c4c6ae53fc23.txt","train"
"train","road795_png.rf.66295fd205ca9c12a1a7e66b781a1125.jpg","road795_png.rf.66295fd205ca9c12a1a7e66b781a1125.txt","train"
"train","FisheyeCamera_1_00311_png.rf.a611dbfefeee3a085e59d3918e00d4d6.jpg","FisheyeCamera_1_00311_png.rf.a611dbfefeee3a085e59d3918e00d4d6.txt","train"
"train","00014_00001_00007_png.rf.773dd72fef34bb460e2a5d725c3f222e.jpg","00014_00001_00007_png.rf.773dd72fef34bb460e2a5d725c3f222e.txt","train"
"train","FisheyeCamera_1_00569_png.rf.624de9158daea9c531b46ade5c20702c.jpg","FisheyeCamera_1_00569_png.rf.624de9158daea9c531b46ade5c20702c.txt","train"
"train","00000_00000_00029_png.rf.c73770be78be0e7bb38f312e31589b2c.jpg","00000_00000_00029_png.rf.c73770be78be0e7bb38f312e31589b2c.txt","train"
"train","00000_00003_00010_png.rf.19f6aaf4d53fe2c39f4549db267072c4.jpg","00000_00003_00010_png.rf.19f6aaf4d53fe2c39f4549db267072c4.txt","train"
"train","00014_00006_00022_png.rf.0e11fed26badcb1adfab8b2d3372e936.jpg","00014_00006_00022_png.rf.0e11fed26badcb1adfab8b2d3372e936.txt","train"
"train","FisheyeCamera_1_00281_png.rf.8ea0bf68e1202a73824df078fe132f57.jpg","FisheyeCamera_1_00281_png.rf.8ea0bf68e1202a73824df078fe132f57.txt","train"
"train","00004_00046_00024_png.rf.ff68aaa8e9507ceb5cee570b0fed2eb9.jpg","00004_00046_00024_png.rf.ff68aaa8e9507ceb5cee570b0fed2eb9.txt","train"
"train","FisheyeCamera_1_00957_png.rf.f77822cf6b5986a2d2f1413be5aa6e92.jpg","FisheyeCamera_1_00957_png.rf.f77822cf6b5986a2d2f1413be5aa6e92.txt","train"
"train","000930_JPG_jpg.rf.24f0a5cfb4d5bb597430c91187697ad0.jpg","000930_JPG_jpg.rf.24f0a5cfb4d5bb597430c91187697ad0.txt","train"
"train","FisheyeCamera_1_00142_png.rf.aecbc666375fb6b6d72a48ae3d682f84.jpg","FisheyeCamera_1_00142_png.rf.aecbc666375fb6b6d72a48ae3d682f84.txt","test"
"train","00008_00000_00009_png.rf.ecf34f8da0cc4914ead3f04d8504ddfc.jpg","00008_00000_00009_png.rf.ecf34f8da0cc4914ead3f04d8504ddfc.txt","valid"
"train","road808_png.rf.42bd476a0d0a8b0f52140c03c0adec48.jpg","road808_png.rf.42bd476a0d0a8b0f52140c03c0adec48.txt","valid"
"train","FisheyeCamera_1_00964_png.rf.6e03d8f0aeb1a58398cf2605b29ed34d.jpg","FisheyeCamera_1_00964_png.rf.6e03d8f0aeb1a58398cf2605b29ed34d.txt","train"
"train","001049_jpg.rf.bf8711b41876044509477fbc5f0e3edf.jpg","001049_jpg.rf.bf8711b41876044509477fbc5f0e3edf.txt","test"
"train","00000_00001_00002_png.rf.79edb90fbdd3eb4b9459e11d5787ad28.jpg","00000_00001_00002_png.rf.79edb90fbdd3eb4b9459e11d5787ad28.txt","train"
"train","FisheyeCamera_1_00571_png.rf.5e9fb281cc29a3889332b57e1d278f82.jpg","FisheyeCamera_1_00571_png.rf.5e9fb281cc29a3889332b57e1d278f82.txt","train"
"train","00004_00034_00008_png.rf.53fdfb1fcbec4243b9cd93bcda2d566e.jpg","00004_00034_00008_png.rf.53fdfb1fcbec4243b9cd93bcda2d566e.txt","train"
"train","001921_jpg.rf.2e9f6bf0976a2b100799aae57a4d7070.jpg","001921_jpg.rf.2e9f6bf0976a2b100799aae57a4d7070.txt","train"
"train","00004_00018_00007_png.rf.0f28c767e2ddb8cf44190b5dc93028a1.jpg","00004_00018_00007_png.rf.0f28c767e2ddb8cf44190b5dc93028a1.txt","valid"
"train","00000_00002_00003_png.rf.858a7de758c11dd5ad8f9f2f5652a730.jpg","00000_00002_00003_png.rf.858a7de758c11dd5ad8f9f2f5652a730.txt","train"
"train","road740_png.rf.fa811d8ac5194200271c8edb6ac5a373.jpg","road740_png.rf.fa811d8ac5194200271c8edb6ac5a373.txt","train"
"train","00005_00015_00010_png.rf.ad1d7c0eff61af33bedac14d5c5d2174.jpg","00005_00015_00010_png.rf.ad1d7c0eff61af33bedac14d5c5d2174.txt","train"
"train","001859_JPG_jpg.rf.940ca8fe7bd1080b77fef294048eb91a.jpg","001859_JPG_jpg.rf.940ca8fe7bd1080b77fef294048eb91a.txt","train"
"train","001425_jpg.rf.c4bde1d630f132562ff4696e49e9d6b1.jpg","001425_jpg.rf.c4bde1d630f132562ff4696e49e9d6b1.txt","valid"
"train","00000_00000_00007_png.rf.b4e74ab4bf07d5bfc7568ec66d880bc6.jpg","00000_00000_00007_png.rf.b4e74ab4bf07d5bfc7568ec66d880bc6.txt","train"
"train","000643_jpg.rf.69a5314d2b38686d8a0f3476867f1882.jpg","000643_jpg.rf.69a5314d2b38686d8a0f3476867f1882.txt","train"
"train","00001_00028_00009_png.rf.2a8c8e3753c6b8476a2066ac0c1ab55d.jpg","00001_00028_00009_png.rf.2a8c8e3753c6b8476a2066ac0c1ab55d.txt","valid"
"train","00002_00065_00004_png.rf.c938abc58d5e5ed2fdaecd045d895df3.jpg","00002_00065_00004_png.rf.c938abc58d5e5ed2fdaecd045d895df3.txt","test"
"train","001885_jpg.rf.00223dcd659cb3b656ea6c179e20f547.jpg","001885_jpg.rf.00223dcd659cb3b656ea6c179e20f547.txt","train"
"train","12587eff-7324-4505-9e8a-1b394a78263a_jpg.rf.57408b14301dc860f40ca5ab0fa56b0e.jpg","12587eff-7324-4505-9e8a-1b394a78263a_jpg.rf.57408b14301dc860f40ca5ab0fa56b0e.txt","train"
"train","001602_JPG_jpg.rf.57aabe61b4ffaec12cb5b20ab73bec5a.jpg","001602_JPG_jpg.rf.57aabe61b4ffaec12cb5b20ab73bec5a.txt","train"
"train","road468_png.rf.9f23c3df8bed288bb55f3bd9f2686049.jpg","road468_png.rf.9f23c3df8bed288bb55f3bd9f2686049.txt","train"
"train","00002_00033_00004_png.rf.eb1a9e223359e3d58b58209e8607609b.jpg","00002_00033_00004_png.rf.eb1a9e223359e3d58b58209e8607609b.txt","valid"
"train","000484_jpg.rf.551542498400bb62170467b361d935db.jpg","000484_jpg.rf.551542498400bb62170467b361d935db.txt","train"
"train","road608_png.rf.989c3edad765e11afdeac503d448c733.jpg","road608_png.rf.989c3edad765e11afdeac503d448c733.txt","train"
"train","road326_png.rf.0f70a2400dd59ab9162b2bcc547b82cf.jpg","road326_png.rf.0f70a2400dd59ab9162b2bcc547b82cf.txt","train"
"train","00000_00003_00015_png.rf.8c69a75d88222ede4db866a8eaab99ef.jpg","00000_00003_00015_png.rf.8c69a75d88222ede4db866a8eaab99ef.txt","test"
"train","000063_jpg.rf.40ee12eb73afa829ece7c9a83643ee02.jpg","000063_jpg.rf.40ee12eb73afa829ece7c9a83643ee02.txt","valid"
"train","FisheyeCamera_1_00471_png.rf.83f29496d85fc0a04e87298c0faecd33.jpg","FisheyeCamera_1_00471_png.rf.83f29496d85fc0a04e87298c0faecd33.txt","test"
"train","00001_00009_00006_png.rf.f9c5aa4b6828295620bbec3570ed29d4.jpg","00001_00009_00006_png.rf.f9c5aa4b6828295620bbec3570ed29d4.txt","train"
"train","000207_jpg.rf.0ce2be526ecc401dd04679eb6d2a9985.jpg","000207_jpg.rf.0ce2be526ecc401dd04679eb6d2a9985.txt","train"
"train","road421_png.rf.4e6ddc3e64614ea91a6ae1996dc36dc6.jpg","road421_png.rf.4e6ddc3e64614ea91a6ae1996dc36dc6.txt","test"
"train","00005_00001_00016_png.rf.a468bec7a6bbf1b19759288ae71ceea2.jpg","00005_00001_00016_png.rf.a468bec7a6bbf1b19759288ae71ceea2.txt","test"
"train","00008_00008_00019_png.rf.f7532bd4668e7285a8cdc55f8276faf9.jpg","00008_00008_00019_png.rf.f7532bd4668e7285a8cdc55f8276faf9.txt","valid"
"train","00000_00004_00004_png.rf.24868f72f0737e3ee3df0db735293ca8.jpg","00000_00004_00004_png.rf.24868f72f0737e3ee3df0db735293ca8.txt","train"
"train","000513_jpg.rf.7ad53e3549104c8632db8db697a9419c.jpg","000513_jpg.rf.7ad53e3549104c8632db8db697a9419c.txt","train"
"train","00001_00015_00018_png.rf.b6d83b08cf913d8f10bb4b65754d409c.jpg","00001_00015_00018_png.rf.b6d83b08cf913d8f10bb4b65754d409c.txt","train"
"train","000247_jpg.rf.6e66eaefffd05994c590fd68d5b55737.jpg","000247_jpg.rf.6e66eaefffd05994c590fd68d5b55737.txt","train"
"train","FisheyeCamera_1_01104_png.rf.f90ef244125faf4baebd8de5a5b1efed.jpg","FisheyeCamera_1_01104_png.rf.f90ef244125faf4baebd8de5a5b1efed.txt","test"
"train","road686_png.rf.93585f793e038702cab680a2f1ac637d.jpg","road686_png.rf.93585f793e038702cab680a2f1ac637d.txt","train"
"train","000927_JPG_jpg.rf.a1920e81e26098e074a857dba13ecc02.jpg","000927_JPG_jpg.rf.a1920e81e26098e074a857dba13ecc02.txt","valid"
"train","road788_png.rf.5f179c431b131487c9defcf0a142ca86.jpg","road788_png.rf.5f179c431b131487c9defcf0a142ca86.txt","train"
"train","FisheyeCamera_1_00257_png.rf.b1103e4b755b66459b660aa4db4cdb7f.jpg","FisheyeCamera_1_00257_png.rf.b1103e4b755b66459b660aa4db4cdb7f.txt","test"
"train","001045_jpg.rf.0f5a1b8cca307a96902fb1b46eb7fc09.jpg","001045_jpg.rf.0f5a1b8cca307a96902fb1b46eb7fc09.txt","train"
"train","FisheyeCamera_1_00078_png.rf.aa276cdc7aa25b72ba62381814691bac.jpg","FisheyeCamera_1_00078_png.rf.aa276cdc7aa25b72ba62381814691bac.txt","train"
"train","000993_JPG_jpg.rf.fc09806153e662ef618b4adbb2aaee25.jpg","000993_JPG_jpg.rf.fc09806153e662ef618b4adbb2aaee25.txt","valid"
"train","road412_png.rf.4865a8b89a4c1463b80ac89057fb40c9.jpg","road412_png.rf.4865a8b89a4c1463b80ac89057fb40c9.txt","test"
"train","00000_00002_00012_png.rf.10c1b3d884ff7cc90228ccb151892530.jpg","00000_00002_00012_png.rf.10c1b3d884ff7cc90228ccb151892530.txt","test"
"train","00000_00004_00013_png.rf.b58635920f90deec88099a7363a87fe7.jpg","00000_00004_00013_png.rf.b58635920f90deec88099a7363a87fe7.txt","train"
"train","000125_jpg.rf.b0b734eb06dc26dd1f0558411883b4e1.jpg","000125_jpg.rf.b0b734eb06dc26dd1f0558411883b4e1.txt","train"
"train","000301_jpg.rf.9c4dd39809931fd3755d3fe4b6e91629.jpg","000301_jpg.rf.9c4dd39809931fd3755d3fe4b6e91629.txt","train"
"train","001627_JPG_jpg.rf.dc12f699c8ae8914a23b325a88f947a9.jpg","001627_JPG_jpg.rf.dc12f699c8ae8914a23b325a88f947a9.txt","train"
"train","001628_JPG_jpg.rf.825ff2713dfeaa51670597901607596c.jpg","001628_JPG_jpg.rf.825ff2713dfeaa51670597901607596c.txt","train"
"train","road551_png.rf.56268befcde611954bc19734433d6f4e.jpg","road551_png.rf.56268befcde611954bc19734433d6f4e.txt","valid"
"train","000280_jpg.rf.673d9382f62799792439b714da40a5be.jpg","000280_jpg.rf.673d9382f62799792439b714da40a5be.txt","train"
"train","00003_00045_00018_png.rf.77194ae186f079a46716111c3bd2bc9a.jpg","00003_00045_00018_png.rf.77194ae186f079a46716111c3bd2bc9a.txt","train"
"train","road267_png.rf.1f97452415dcc743acd04e3a6a2bef94.jpg","road267_png.rf.1f97452415dcc743acd04e3a6a2bef94.txt","valid"
"train","000161_jpg.rf.db0c6c74c5b638429f645859f9a89af3.jpg","000161_jpg.rf.db0c6c74c5b638429f645859f9a89af3.txt","valid"
"train","FisheyeCamera_1_00069_png.rf.4c60ed42f3381c304465adcebb8706f5.jpg","FisheyeCamera_1_00069_png.rf.4c60ed42f3381c304465adcebb8706f5.txt","train"
"train","00001_00038_00012_png.rf.7b6e3a7d5d1f134e3c5d6046f8749cb8.jpg","00001_00038_00012_png.rf.7b6e3a7d5d1f134e3c5d6046f8749cb8.txt","test"
"train","001490_jpg.rf.86376dfaa7714606a8392f00326c5ea4.jpg","001490_jpg.rf.86376dfaa7714606a8392f00326c5ea4.txt","train"
"train","00005_00001_00005_png.rf.264f0181b6dd60b9e2b0616bb323d943.jpg","00005_00001_00005_png.rf.264f0181b6dd60b9e2b0616bb323d943.txt","train"
"train","000191_jpg.rf.a542e525204a642a6d8ac147977ff0ef.jpg","000191_jpg.rf.a542e525204a642a6d8ac147977ff0ef.txt","test"
"train","000393_jpg.rf.628ce42573644d9d116cb197cfba1175.jpg","000393_jpg.rf.628ce42573644d9d116cb197cfba1175.txt","train"
"train","001269_jpg.rf.52ad5f71ff037be1b4dd2303f0c10c58.jpg","001269_jpg.rf.52ad5f71ff037be1b4dd2303f0c10c58.txt","train"
"train","FisheyeCamera_1_00023_png.rf.76a5c0de6f8c9b7e9665129fc0cc7fe7.jpg","FisheyeCamera_1_00023_png.rf.76a5c0de6f8c9b7e9665129fc0cc7fe7.txt","train"
"train","00003_00036_00004_png.rf.796cb426d2c6025fa9c0cafcecceaa3b.jpg","00003_00036_00004_png.rf.796cb426d2c6025fa9c0cafcecceaa3b.txt","train"
"train","00008_00013_00009_png.rf.fd2112582df8bbb0793d5d10e43288c0.jpg","00008_00013_00009_png.rf.fd2112582df8bbb0793d5d10e43288c0.txt","train"
"train","road725_png.rf.25736bd22097fa369f168a8f1ad34413.jpg","road725_png.rf.25736bd22097fa369f168a8f1ad34413.txt","train"
"train","00000_00001_00022_png.rf.f8774a1efa9a67136eef66b5b317c59c.jpg","00000_00001_00022_png.rf.f8774a1efa9a67136eef66b5b317c59c.txt","valid"
"train","00003_00038_00016_png.rf.91a2ae5b81d7b2934ec8663397c7464e.jpg","00003_00038_00016_png.rf.91a2ae5b81d7b2934ec8663397c7464e.txt","train"
"train","00014_00011_00003_png.rf.d47e986bc4de6449119b97bea753cb14.jpg","00014_00011_00003_png.rf.d47e986bc4de6449119b97bea753cb14.txt","train"
"train","00008_00011_00010_png.rf.bf562a9c9143d386520ee2119fa9d7fa.jpg","00008_00011_00010_png.rf.bf562a9c9143d386520ee2119fa9d7fa.txt","train"
"train","001630_JPG_jpg.rf.6b113a67de623374d1c7f06019d153de.jpg","001630_JPG_jpg.rf.6b113a67de623374d1c7f06019d153de.txt","train"
"train","FisheyeCamera_1_00428_png.rf.924e2c5fa1c4e8e0a81359d4427b6e7a.jpg","FisheyeCamera_1_00428_png.rf.924e2c5fa1c4e8e0a81359d4427b6e7a.txt","train"
"train","00004_00052_00016_png.rf.c7a0893db978721e1ebea40e3c726225.jpg","00004_00052_00016_png.rf.c7a0893db978721e1ebea40e3c726225.txt","test"
"train","FisheyeCamera_1_00086_png.rf.40f945ea28b1febdb57dcae1e522d942.jpg","FisheyeCamera_1_00086_png.rf.40f945ea28b1febdb57dcae1e522d942.txt","train"
"train","00014_00003_00012_png.rf.b2bc19035e724fd3e223b7330da81efc.jpg","00014_00003_00012_png.rf.b2bc19035e724fd3e223b7330da81efc.txt","train"
"train","000808_jpg.rf.2a35f960d93e5dc510a63d2abca41a7b.jpg","000808_jpg.rf.2a35f960d93e5dc510a63d2abca41a7b.txt","test"
"train","00014_00009_00003_png.rf.41beb9417e48fb8bb8a318607442ea43.jpg","00014_00009_00003_png.rf.41beb9417e48fb8bb8a318607442ea43.txt","train"
"train","00002_00030_00006_png.rf.03bfd8b759e71ae47c4cf8e63bbff9d1.jpg","00002_00030_00006_png.rf.03bfd8b759e71ae47c4cf8e63bbff9d1.txt","train"
"train","20364e84-d295-427b-a242-a6826d1fb2a3_jpg.rf.f8369899fdadb9e6c8c1a11f04a0039b.jpg","20364e84-d295-427b-a242-a6826d1fb2a3_jpg.rf.f8369899fdadb9e6c8c1a11f04a0039b.txt","train"
"train","001477_jpg.rf.7be683cf90d24cbd3941fb469ed5a790.jpg","001477_jpg.rf.7be683cf90d24cbd3941fb469ed5a790.txt","test"
"train","00004_00038_00016_png.rf.5f3758470d666d819e7b403c799b0fb1.jpg","00004_00038_00016_png.rf.5f3758470d666d819e7b403c799b0fb1.txt","test"
"train","000780_jpg.rf.99de25694da10a6a6eddf07f6d6a746b.jpg","000780_jpg.rf.99de25694da10a6a6eddf07f6d6a746b.txt","train"
"train","08e27e7e-d454-4057-98c3-1c1af269b21c_jpg.rf.eb545afc5c6a78e430f0a48d05fb689e.jpg","08e27e7e-d454-4057-98c3-1c1af269b21c_jpg.rf.eb545afc5c6a78e430f0a48d05fb689e.txt","train"
"train","00004_00039_00025_png.rf.b4c38a673ab94afacb2ce259dbad6c78.jpg","00004_00039_00025_png.rf.b4c38a673ab94afacb2ce259dbad6c78.txt","train"
"train","00014_00001_00029_png.rf.1519722b0f42357183f6a063aceb6507.jpg","00014_00001_00029_png.rf.1519722b0f42357183f6a063aceb6507.txt","train"
"train","000524_jpg.rf.06fe5659a904d753f80d7f9f5cf2ac20.jpg","000524_jpg.rf.06fe5659a904d753f80d7f9f5cf2ac20.txt","train"
"train","00014_00001_00028_png.rf.0ad5d207e92c6bc4429bdb55df668625.jpg","00014_00001_00028_png.rf.0ad5d207e92c6bc4429bdb55df668625.txt","train"
"train","000784_jpg.rf.a6827614d7af826fb9a96c62a82300aa.jpg","000784_jpg.rf.a6827614d7af826fb9a96c62a82300aa.txt","train"
"train","00005_00013_00013_png.rf.ce01a67045ab3267e0fc8625a823c650.jpg","00005_00013_00013_png.rf.ce01a67045ab3267e0fc8625a823c650.txt","train"
"train","00002_00036_00029_png.rf.af1445b54fa789ce14511ce7f1701b55.jpg","00002_00036_00029_png.rf.af1445b54fa789ce14511ce7f1701b55.txt","train"
"train","00014_00000_00025_png.rf.3fd82c9f212d9bb3621280888e6c5d3a.jpg","00014_00000_00025_png.rf.3fd82c9f212d9bb3621280888e6c5d3a.txt","train"
"train","000380_jpg.rf.98623f89490c4a6f55fcad18f693a747.jpg","000380_jpg.rf.98623f89490c4a6f55fcad18f693a747.txt","test"
"train","00003_00034_00010_png.rf.f3d0a9d691a217db10f3e50387bacf7a.jpg","00003_00034_00010_png.rf.f3d0a9d691a217db10f3e50387bacf7a.txt","train"
"train","00000_00006_00009_png.rf.7467ec06b364ba7f31be031ca4255fbf.jpg","00000_00006_00009_png.rf.7467ec06b364ba7f31be031ca4255fbf.txt","test"
"train","FisheyeCamera_1_00204_png.rf.cfd0a6f8e4a0ac4b69cccc18ae93c98d.jpg","FisheyeCamera_1_00204_png.rf.cfd0a6f8e4a0ac4b69cccc18ae93c98d.txt","test"
"train","road338_png.rf.e5e478581116b8de5860135433b81046.jpg","road338_png.rf.e5e478581116b8de5860135433b81046.txt","train"
"train","00001_00020_00009_png.rf.deff0cde1f22a194543a42ead0b374f6.jpg","00001_00020_00009_png.rf.deff0cde1f22a194543a42ead0b374f6.txt","test"
"train","road582_png.rf.6ade76d8f68c41412501fa6e3af5022b.jpg","road582_png.rf.6ade76d8f68c41412501fa6e3af5022b.txt","test"
"train","00004_00049_00019_png.rf.e54cd2d8d2905e837e7ae984a95fd7e4.jpg","00004_00049_00019_png.rf.e54cd2d8d2905e837e7ae984a95fd7e4.txt","valid"
"train","000241_jpg.rf.5e13cff3da7a6cfff74ad8e029cee303.jpg","000241_jpg.rf.5e13cff3da7a6cfff74ad8e029cee303.txt","train"
"train","00008_00011_00004_png.rf.634b92cee6cccbe6c2d2ff25d8842a3a.jpg","00008_00011_00004_png.rf.634b92cee6cccbe6c2d2ff25d8842a3a.txt","train"
"train","FisheyeCamera_1_00087_png.rf.f9593acb2a1ca76319f471cadde838e8.jpg","FisheyeCamera_1_00087_png.rf.f9593acb2a1ca76319f471cadde838e8.txt","train"
"train","000946_JPG_jpg.rf.b640830565869a4feff448020d0e48b9.jpg","000946_JPG_jpg.rf.b640830565869a4feff448020d0e48b9.txt","test"
"train","FisheyeCamera_1_00029_png.rf.d3b49cd5a34923356a319aa3fa47439e.jpg","FisheyeCamera_1_00029_png.rf.d3b49cd5a34923356a319aa3fa47439e.txt","train"
"train","00004_00030_00012_png.rf.6437c5d84f9953da660ff845b822c566.jpg","00004_00030_00012_png.rf.6437c5d84f9953da660ff845b822c566.txt","train"
"train","000921_JPG_jpg.rf.e1424f40a5a441652e7841b748a764ad.jpg","000921_JPG_jpg.rf.e1424f40a5a441652e7841b748a764ad.txt","valid"
"train","00004_00039_00017_png.rf.4184f6e279b0db4c9175c07082f5d565.jpg","00004_00039_00017_png.rf.4184f6e279b0db4c9175c07082f5d565.txt","train"
"train","FisheyeCamera_1_00481_png.rf.5ba725f8d877e4b28fb97a1c002304de.jpg","FisheyeCamera_1_00481_png.rf.5ba725f8d877e4b28fb97a1c002304de.txt","train"
"train","00001_00067_00013_png.rf.32cb2718b536ca64f08ef8ecd8e00d7c.jpg","00001_00067_00013_png.rf.32cb2718b536ca64f08ef8ecd8e00d7c.txt","train"
"train","00014_00008_00018_png.rf.147e14146f291a6d71206dc35740e780.jpg","00014_00008_00018_png.rf.147e14146f291a6d71206dc35740e780.txt","train"
"train","FisheyeCamera_1_00983_png.rf.6563de120100b5375de9901a1df53ac1.jpg","FisheyeCamera_1_00983_png.rf.6563de120100b5375de9901a1df53ac1.txt","train"
"train","00014_00015_00003_png.rf.93757e582921a72259611002ae6a49bd.jpg","00014_00015_00003_png.rf.93757e582921a72259611002ae6a49bd.txt","train"
"train","FisheyeCamera_1_00641_png.rf.7aacd5f844f127301b1b45b1ae858ec7.jpg","FisheyeCamera_1_00641_png.rf.7aacd5f844f127301b1b45b1ae858ec7.txt","train"
"train","000268_jpg.rf.729fe95b5e62745f1b31e28f419f30ba.jpg","000268_jpg.rf.729fe95b5e62745f1b31e28f419f30ba.txt","train"
"train","00000_00001_00020_png.rf.7b449f984030846322133cfb1854eb86.jpg","00000_00001_00020_png.rf.7b449f984030846322133cfb1854eb86.txt","test"
"train","road480_png.rf.9f9c9eed0b75e16fe5ce7cb6e66f90d7.jpg","road480_png.rf.9f9c9eed0b75e16fe5ce7cb6e66f90d7.txt","valid"
"train","road378_png.rf.b6f52336b45dc4d88a26d59dad7e01f1.jpg","road378_png.rf.b6f52336b45dc4d88a26d59dad7e01f1.txt","train"
"train","00004_00052_00008_png.rf.cf57238b4e6cc88d795c9277531b0f50.jpg","00004_00052_00008_png.rf.cf57238b4e6cc88d795c9277531b0f50.txt","train"
"train","00002_00049_00024_png.rf.f9ce0f226620609a69e5b182f6f11735.jpg","00002_00049_00024_png.rf.f9ce0f226620609a69e5b182f6f11735.txt","valid"
"train","000087_jpg.rf.12d874ec7a416bd37b2eb634752069cb.jpg","000087_jpg.rf.12d874ec7a416bd37b2eb634752069cb.txt","valid"
"train","00000_00004_00022_png.rf.ea9438d4515c1e92da8feb6f3e897495.jpg","00000_00004_00022_png.rf.ea9438d4515c1e92da8feb6f3e897495.txt","train"
"train","road824_png.rf.a4f8674909f2420329dc2d4545d39074.jpg","road824_png.rf.a4f8674909f2420329dc2d4545d39074.txt","valid"
"train","00008_00039_00013_png.rf.8f010aa9ede61f96701510fd171ffdbe.jpg","00008_00039_00013_png.rf.8f010aa9ede61f96701510fd171ffdbe.txt","train"
"train","road50_png.rf.0280eb47abadd623a444ea5f6ee516cf.jpg","road50_png.rf.0280eb47abadd623a444ea5f6ee516cf.txt","train"
"train","road499_png.rf.f5261e5a9e11cac89b5240acdd299d62.jpg","road499_png.rf.f5261e5a9e11cac89b5240acdd299d62.txt","train"
"train","FisheyeCamera_1_00089_png.rf.e3618556ab9dac3ed3037801c9bd6e18.jpg","FisheyeCamera_1_00089_png.rf.e3618556ab9dac3ed3037801c9bd6e18.txt","train"
"train","FisheyeCamera_1_00353_png.rf.9ab5c81be83861bfed5edda214bd1a43.jpg","FisheyeCamera_1_00353_png.rf.9ab5c81be83861bfed5edda214bd1a43.txt","valid"
"train","001641_JPG_jpg.rf.cfc02a671765aa75816889871ac77f7e.jpg","001641_JPG_jpg.rf.cfc02a671765aa75816889871ac77f7e.txt","train"
"train","12b9e565-c8b8-4e25-8107-d61a9d1b35ef_jpg.rf.092bd63d91fd5b70a2f7d97a29a36fe0.jpg","12b9e565-c8b8-4e25-8107-d61a9d1b35ef_jpg.rf.092bd63d91fd5b70a2f7d97a29a36fe0.txt","train"
"train","000502_jpg.rf.74280548578979b9ca577bcfa2706702.jpg","000502_jpg.rf.74280548578979b9ca577bcfa2706702.txt","train"
"train","00007_00043_00012_png.rf.c8577e044ad3901596bc8efa8397ca39.jpg","00007_00043_00012_png.rf.c8577e044ad3901596bc8efa8397ca39.txt","train"
"train","001994_jpg.rf.9999258b3d546c55dd6d5923981d1d1b.jpg","001994_jpg.rf.9999258b3d546c55dd6d5923981d1d1b.txt","train"
"train","000797_jpg.rf.ae2036e7a61382d4a62a15361e58c263.jpg","000797_jpg.rf.ae2036e7a61382d4a62a15361e58c263.txt","train"
"train","001648_JPG_jpg.rf.308713d1955973e308fb277861e219ae.jpg","001648_JPG_jpg.rf.308713d1955973e308fb277861e219ae.txt","train"
"train","00000_00000_00001_png.rf.7bc295b205c5c6af6ed28f53a50176cb.jpg","00000_00000_00001_png.rf.7bc295b205c5c6af6ed28f53a50176cb.txt","train"
"train","FisheyeCamera_1_00276_png.rf.97022be48fb2f4286eaf3a34c22d1a5e.jpg","FisheyeCamera_1_00276_png.rf.97022be48fb2f4286eaf3a34c22d1a5e.txt","train"
"train","000590_jpg.rf.cef711bd59db61ba87239e4d257e1433.jpg","000590_jpg.rf.cef711bd59db61ba87239e4d257e1433.txt","train"
"train","001419_jpg.rf.2065bcbc9bcf228c9b8883096696d8d6.jpg","001419_jpg.rf.2065bcbc9bcf228c9b8883096696d8d6.txt","train"
"train","road561_png.rf.97589400f6aca51d724cb9f80fb53db0.jpg","road561_png.rf.97589400f6aca51d724cb9f80fb53db0.txt","train"
"train","FisheyeCamera_1_00202_png.rf.14eaf68108adf8da312fa9ffdfb1bebc.jpg","FisheyeCamera_1_00202_png.rf.14eaf68108adf8da312fa9ffdfb1bebc.txt","train"
"train","FisheyeCamera_1_00037_png.rf.f2b553da9a49e953b011f706c5f80fbf.jpg","FisheyeCamera_1_00037_png.rf.f2b553da9a49e953b011f706c5f80fbf.txt","train"
"train","000141_jpg.rf.bc0dc36978abadef88d9c1baca7898ea.jpg","000141_jpg.rf.bc0dc36978abadef88d9c1baca7898ea.txt","train"
"train","00004_00006_00003_png.rf.4cfad25d355681861c45ced8011247fb.jpg","00004_00006_00003_png.rf.4cfad25d355681861c45ced8011247fb.txt","train"
"train","road823_png.rf.744e14c6fdbec692e2e784134fb59f65.jpg","road823_png.rf.744e14c6fdbec692e2e784134fb59f65.txt","train"
"train","00002_00025_00010_png.rf.3e37e59b0b53f4a98d77b74d9ae45c23.jpg","00002_00025_00010_png.rf.3e37e59b0b53f4a98d77b74d9ae45c23.txt","train"
"train","FisheyeCamera_1_00362_png.rf.51dafc56796822d0698b51aac2581c60.jpg","FisheyeCamera_1_00362_png.rf.51dafc56796822d0698b51aac2581c60.txt","train"
"train","00014_00001_00000_png.rf.20f0e0abd0d75aa4a7b214955072dda4.jpg","00014_00001_00000_png.rf.20f0e0abd0d75aa4a7b214955072dda4.txt","valid"
"train","000867_jpg.rf.4257307a08301b83e63414e98e4612f5.jpg","000867_jpg.rf.4257307a08301b83e63414e98e4612f5.txt","valid"
"train","00005_00000_00019_png.rf.3c1d70e484d90b9aec5789cbc455d438.jpg","00005_00000_00019_png.rf.3c1d70e484d90b9aec5789cbc455d438.txt","test"
"train","00003_00043_00022_png.rf.cc7eb79f1dcba59ca723a2252efb3b23.jpg","00003_00043_00022_png.rf.cc7eb79f1dcba59ca723a2252efb3b23.txt","train"
"train","road851_png.rf.d9a20c26854e3802289796339434c4b2.jpg","road851_png.rf.d9a20c26854e3802289796339434c4b2.txt","test"
"train","00014_00004_00004_png.rf.7f724612a472428c7eab8ea75c8f8d02.jpg","00014_00004_00004_png.rf.7f724612a472428c7eab8ea75c8f8d02.txt","train"
"train","FisheyeCamera_1_00006_png.rf.4c15e1bfad22cd324ba0f2b42fb606f2.jpg","FisheyeCamera_1_00006_png.rf.4c15e1bfad22cd324ba0f2b42fb606f2.txt","train"
"train","00002_00000_00017_png.rf.c24fbc58a4012725c7318b65c0bc47e6.jpg","00002_00000_00017_png.rf.c24fbc58a4012725c7318b65c0bc47e6.txt","train"
"train","00014_00021_00019_png.rf.6ad94764a1bd2190b2694b61e0e25da1.jpg","00014_00021_00019_png.rf.6ad94764a1bd2190b2694b61e0e25da1.txt","train"
"train","00008_00015_00008_png.rf.b6b45a621b39299ac31eb28e20000f4f.jpg","00008_00015_00008_png.rf.b6b45a621b39299ac31eb28e20000f4f.txt","train"
"train","00001_00006_00002_png.rf.5d093d16f086383a5df6e7139ea71644.jpg","00001_00006_00002_png.rf.5d093d16f086383a5df6e7139ea71644.txt","valid"
"train","000485_jpg.rf.ac14fafed70b311a188cde0ae5fa7fd5.jpg","000485_jpg.rf.ac14fafed70b311a188cde0ae5fa7fd5.txt","test"
"train","00008_00018_00001_png.rf.930f962ded060092abe49b2ce055871d.jpg","00008_00018_00001_png.rf.930f962ded060092abe49b2ce055871d.txt","train"
"train","000753_jpg.rf.35d5bd44d4c667539d7abe300228559c.jpg","000753_jpg.rf.35d5bd44d4c667539d7abe300228559c.txt","test"
"train","000968_JPG_jpg.rf.d7d256b27c4d6a181f4743747f7c039d.jpg","000968_JPG_jpg.rf.d7d256b27c4d6a181f4743747f7c039d.txt","train"
"train","road244_png.rf.b57bf65f5cd9004532424b10e3a03885.jpg","road244_png.rf.b57bf65f5cd9004532424b10e3a03885.txt","train"
"train","FisheyeCamera_1_00230_png.rf.06415027ad5b647a5880adc4cecbb8ab.jpg","FisheyeCamera_1_00230_png.rf.06415027ad5b647a5880adc4cecbb8ab.txt","test"
"train","FisheyeCamera_1_00279_png.rf.93c57bb87e949e55a1a818b7a80d1c88.jpg","FisheyeCamera_1_00279_png.rf.93c57bb87e949e55a1a818b7a80d1c88.txt","train"
"train","00007_00010_00028_png.rf.e4774990f0a60e08f64072d497489327.jpg","00007_00010_00028_png.rf.e4774990f0a60e08f64072d497489327.txt","train"
"train","000277_jpg.rf.e293084463551a8cefdd1f2939e2e963.jpg","000277_jpg.rf.e293084463551a8cefdd1f2939e2e963.txt","train"
"train","road605_png.rf.3fafa2fc4ae73aae3eff09f609d9937e.jpg","road605_png.rf.3fafa2fc4ae73aae3eff09f609d9937e.txt","train"
"train","00005_00004_00005_png.rf.b362a8777a9631d3ab8c41d31fc822cc.jpg","00005_00004_00005_png.rf.b362a8777a9631d3ab8c41d31fc822cc.txt","test"
"train","000657_jpg.rf.340b3253e8977627cfe166a9b5cbdc1e.jpg","000657_jpg.rf.340b3253e8977627cfe166a9b5cbdc1e.txt","train"
"train","00007_00013_00026_png.rf.b1c5641a6a4f358534525275b9a62f68.jpg","00007_00013_00026_png.rf.b1c5641a6a4f358534525275b9a62f68.txt","train"
"train","00004_00031_00016_png.rf.d98e79e6e6455b28e7685b55174b6c68.jpg","00004_00031_00016_png.rf.d98e79e6e6455b28e7685b55174b6c68.txt","valid"
"train","00008_00038_00007_png.rf.7c90e5426506af1d947c2975607fbc93.jpg","00008_00038_00007_png.rf.7c90e5426506af1d947c2975607fbc93.txt","train"
"train","001047_jpg.rf.6d66a0ce642eef52598716c1fd7c9f72.jpg","001047_jpg.rf.6d66a0ce642eef52598716c1fd7c9f72.txt","train"
"train","00002_00029_00020_png.rf.cce17619ff0703d7a927f610016d09fe.jpg","00002_00029_00020_png.rf.cce17619ff0703d7a927f610016d09fe.txt","test"
"train","00000_00000_00027_png.rf.3e8d600038c08114c90e0eb61b89f568.jpg","00000_00000_00027_png.rf.3e8d600038c08114c90e0eb61b89f568.txt","train"
"train","1141c383-3413-40a0-a550-7253129d4a4a_jpg.rf.8c8568f75a69642432d5b237d40758c4.jpg","1141c383-3413-40a0-a550-7253129d4a4a_jpg.rf.8c8568f75a69642432d5b237d40758c4.txt","test"
"train","000959_jpg.rf.dd32f40ffdc575d8b9c28345195d50b3.jpg","000959_jpg.rf.dd32f40ffdc575d8b9c28345195d50b3.txt","test"
"train","FisheyeCamera_1_00007_png.rf.67e54cc44c8ff4282fd316fa8f99a74f.jpg","FisheyeCamera_1_00007_png.rf.67e54cc44c8ff4282fd316fa8f99a74f.txt","train"
"train","00001_00008_00012_png.rf.ead75d7b6a79f7a5deaaf4fe0866bdc2.jpg","00001_00008_00012_png.rf.ead75d7b6a79f7a5deaaf4fe0866bdc2.txt","train"
"train","00008_00011_00021_png.rf.785d2f46ae843046aacd6ebaff3b403c.jpg","00008_00011_00021_png.rf.785d2f46ae843046aacd6ebaff3b403c.txt","train"
"train","00007_00042_00014_png.rf.83f6199c1c56241c495d6267cbb7a5e4.jpg","00007_00042_00014_png.rf.83f6199c1c56241c495d6267cbb7a5e4.txt","valid"
"train","000580_jpg.rf.2c4ccd0d9c97bf04b95cc7c834dbd971.jpg","000580_jpg.rf.2c4ccd0d9c97bf04b95cc7c834dbd971.txt","train"
"train","FisheyeCamera_1_00376_png.rf.ffe20509f8085874e899c14d9432b275.jpg","FisheyeCamera_1_00376_png.rf.ffe20509f8085874e899c14d9432b275.txt","valid"
"train","FisheyeCamera_1_01103_png.rf.ba056bfc4a91a14efe02ba9edc87e586.jpg","FisheyeCamera_1_01103_png.rf.ba056bfc4a91a14efe02ba9edc87e586.txt","train"
"train","00001_00023_00009_png.rf.620f207a1a67a2ead13d799a599ab399.jpg","00001_00023_00009_png.rf.620f207a1a67a2ead13d799a599ab399.txt","train"
"train","000962_jpg.rf.1298315d4cb0b6c0b667a3e71de90579.jpg","000962_jpg.rf.1298315d4cb0b6c0b667a3e71de90579.txt","train"
"train","000232_jpg.rf.1026f8ff4e91e2020ea7b9206c92b1b0.jpg","000232_jpg.rf.1026f8ff4e91e2020ea7b9206c92b1b0.txt","train"
"train","000960_JPG_jpg.rf.04954140f150f22b8b6de4e962f12313.jpg","000960_JPG_jpg.rf.04954140f150f22b8b6de4e962f12313.txt","train"
"train","FisheyeCamera_1_00614_png.rf.dad9612ef506d3cc725eb0dae5f5ae59.jpg","FisheyeCamera_1_00614_png.rf.dad9612ef506d3cc725eb0dae5f5ae59.txt","train"
"train","road557_png.rf.f402ba637ffb2273c26bb660756e4578.jpg","road557_png.rf.f402ba637ffb2273c26bb660756e4578.txt","train"
"train","000678_jpg.rf.da8305b6536bed0d29c386947fe97c3f.jpg","000678_jpg.rf.da8305b6536bed0d29c386947fe97c3f.txt","train"
"train","001287_jpg.rf.411af3950447088e49dffcf8000ac738.jpg","001287_jpg.rf.411af3950447088e49dffcf8000ac738.txt","train"
"train","00005_00047_00025_png.rf.a33cafffcab5ea45fcadeb5e5ad9bb6d.jpg","00005_00047_00025_png.rf.a33cafffcab5ea45fcadeb5e5ad9bb6d.txt","train"
"train","00014_00010_00008_png.rf.393379ecd202e9bfed4762580b59912a.jpg","00014_00010_00008_png.rf.393379ecd202e9bfed4762580b59912a.txt","train"
"train","00003_00045_00009_png.rf.2d2ceef54e2281749ea6303d0a803f5d.jpg","00003_00045_00009_png.rf.2d2ceef54e2281749ea6303d0a803f5d.txt","train"
"train","00001_00028_00017_png.rf.5b90eb32c4f9f4f43f83f79545822d35.jpg","00001_00028_00017_png.rf.5b90eb32c4f9f4f43f83f79545822d35.txt","test"
"train","road527_png.rf.0fbe780e6fd6e7569d31b06b67290ce7.jpg","road527_png.rf.0fbe780e6fd6e7569d31b06b67290ce7.txt","train"
"train","FisheyeCamera_1_00477_png.rf.fd0099f01a39a36d3e4fd628924d85f2.jpg","FisheyeCamera_1_00477_png.rf.fd0099f01a39a36d3e4fd628924d85f2.txt","train"
"train","FisheyeCamera_1_00318_png.rf.c16cc3dd81fd4587170e4d96947201b3.jpg","FisheyeCamera_1_00318_png.rf.c16cc3dd81fd4587170e4d96947201b3.txt","train"
"train","00004_00010_00019_png.rf.8b0bbe28fb809e5980e7c47a41344189.jpg","00004_00010_00019_png.rf.8b0bbe28fb809e5980e7c47a41344189.txt","train"
"train","000964_JPG_jpg.rf.91b4efce1e20edafc20c0ba602b6adb4.jpg","000964_JPG_jpg.rf.91b4efce1e20edafc20c0ba602b6adb4.txt","valid"
"train","001472_jpg.rf.9f10f9214be10cf9c0dedd0e608182b3.jpg","001472_jpg.rf.9f10f9214be10cf9c0dedd0e608182b3.txt","test"
"train","road430_png.rf.6af6deec4f95776f3aab3b05cd98188b.jpg","road430_png.rf.6af6deec4f95776f3aab3b05cd98188b.txt","valid"
"train","00000_00005_00003_png.rf.acaa3c286b968b34b11af0db18845f87.jpg","00000_00005_00003_png.rf.acaa3c286b968b34b11af0db18845f87.txt","test"
"train","000193_jpg.rf.31ded2e3df9d0fdec08468df6f85bb8e.jpg","000193_jpg.rf.31ded2e3df9d0fdec08468df6f85bb8e.txt","test"
"train","FisheyeCamera_1_00265_png.rf.133aa5655947bc2a80f6eb5b5d44b156.jpg","FisheyeCamera_1_00265_png.rf.133aa5655947bc2a80f6eb5b5d44b156.txt","train"
"train","00004_00007_00005_png.rf.e98a09a72a2be5a1d155b5e50fcf45f5.jpg","00004_00007_00005_png.rf.e98a09a72a2be5a1d155b5e50fcf45f5.txt","valid"
"train","FisheyeCamera_1_00015_png.rf.fda50c9f3b2b67bb03411b05f413cded.jpg","FisheyeCamera_1_00015_png.rf.fda50c9f3b2b67bb03411b05f413cded.txt","train"
"train","road594_png.rf.088c90777a51e6a617dd9bc5b58c47aa.jpg","road594_png.rf.088c90777a51e6a617dd9bc5b58c47aa.txt","train"
"train","00002_00015_00004_png.rf.66aa8062f628feae950dd55065169c6c.jpg","00002_00015_00004_png.rf.66aa8062f628feae950dd55065169c6c.txt","train"
"train","road512_png.rf.c3883038c7ec6dae827e0bd408f0fe47.jpg","road512_png.rf.c3883038c7ec6dae827e0bd408f0fe47.txt","train"
"train","00003_00034_00012_png.rf.cf1634ec7af49fa902e15c154977ca67.jpg","00003_00034_00012_png.rf.cf1634ec7af49fa902e15c154977ca67.txt","train"
"train","000953_jpg.rf.5cf926e8a22ddfaaec23de9a16f0f0fa.jpg","000953_jpg.rf.5cf926e8a22ddfaaec23de9a16f0f0fa.txt","valid"
"train","road845_png.rf.c7b299a7d3d448b8db2dcba226de6b8b.jpg","road845_png.rf.c7b299a7d3d448b8db2dcba226de6b8b.txt","valid"
"train","001427_jpg.rf.bd5c82f4907e191faa25ed1e4e51159d.jpg","001427_jpg.rf.bd5c82f4907e191faa25ed1e4e51159d.txt","test"
"train","00001_00008_00001_png.rf.9e5e88f0514b38b1710d26cf75b78df2.jpg","00001_00008_00001_png.rf.9e5e88f0514b38b1710d26cf75b78df2.txt","train"
"train","00014_00012_00028_png.rf.aa71a74ce885a041cac0ee16cc056259.jpg","00014_00012_00028_png.rf.aa71a74ce885a041cac0ee16cc056259.txt","test"
"train","FisheyeCamera_1_00083_png.rf.c915dd0d2996d4984ee1d8a741b01e2a.jpg","FisheyeCamera_1_00083_png.rf.c915dd0d2996d4984ee1d8a741b01e2a.txt","train"
"train","000627_jpg.rf.0adccbf88ad2f559cff6ffacfbdb4b0e.jpg","000627_jpg.rf.0adccbf88ad2f559cff6ffacfbdb4b0e.txt","train"
"train","00003_00037_00013_png.rf.52724f73e09e70c287d30bed1081b7d7.jpg","00003_00037_00013_png.rf.52724f73e09e70c287d30bed1081b7d7.txt","train"
"train","FisheyeCamera_1_00260_png.rf.e92cd87858794661cbc0754eb11bb578.jpg","FisheyeCamera_1_00260_png.rf.e92cd87858794661cbc0754eb11bb578.txt","train"
"train","FisheyeCamera_1_00017_png.rf.32f3e7f826f00ddd6df3f3c3133a9461.jpg","FisheyeCamera_1_00017_png.rf.32f3e7f826f00ddd6df3f3c3133a9461.txt","train"
"train","00008_00001_00016_png.rf.3a18cdf3a07fb9804f98ae8cb00daaba.jpg","00008_00001_00016_png.rf.3a18cdf3a07fb9804f98ae8cb00daaba.txt","train"
"train","00000_00000_00005_png.rf.740946f42c161dd269cda0c36ff6639b.jpg","00000_00000_00005_png.rf.740946f42c161dd269cda0c36ff6639b.txt","test"
"train","00000_00002_00000_png.rf.08c28e2a68d7a51c140cdafa5e053cc1.jpg","00000_00002_00000_png.rf.08c28e2a68d7a51c140cdafa5e053cc1.txt","train"
"train","road726_png.rf.8e1be8d9778d1f8e1737978e28ae142d.jpg","road726_png.rf.8e1be8d9778d1f8e1737978e28ae142d.txt","train"
"train","000594_jpg.rf.38cb468212b0f26a3fbe02a56b3a85a7.jpg","000594_jpg.rf.38cb468212b0f26a3fbe02a56b3a85a7.txt","train"
"train","00002_00050_00024_png.rf.12f0bc844bed8791bb4d66c1e99cad39.jpg","00002_00050_00024_png.rf.12f0bc844bed8791bb4d66c1e99cad39.txt","train"
"train","road607_png.rf.4c6e098c01392e7f46ccb62a20d4b3e7.jpg","road607_png.rf.4c6e098c01392e7f46ccb62a20d4b3e7.txt","train"
"train","FisheyeCamera_1_00477_png.rf.1a12e08aa0ad98d78eb7272bf35f7cf3.jpg","FisheyeCamera_1_00477_png.rf.1a12e08aa0ad98d78eb7272bf35f7cf3.txt","train"
"train","00000_00006_00017_png.rf.5f51959a397e0120bfd1261f4a626a60.jpg","00000_00006_00017_png.rf.5f51959a397e0120bfd1261f4a626a60.txt","valid"
"train","road255_png.rf.5a9e55f5a30fa8010046b52e4b558527.jpg","road255_png.rf.5a9e55f5a30fa8010046b52e4b558527.txt","train"
"train","00003_00031_00024_png.rf.d0319fc96e4e041ba93876464940c29a.jpg","00003_00031_00024_png.rf.d0319fc96e4e041ba93876464940c29a.txt","train"
"train","00001_00017_00016_png.rf.6ae326b0c6c1aed7d98304a24f0db5c8.jpg","00001_00017_00016_png.rf.6ae326b0c6c1aed7d98304a24f0db5c8.txt","train"
"train","001659_JPG_jpg.rf.6d76566df1ab83dca6d6d90d1363756a.jpg","001659_JPG_jpg.rf.6d76566df1ab83dca6d6d90d1363756a.txt","valid"
"train","000963_jpg.rf.6a516ddad9bbf3ba1a96cb378dc02bcd.jpg","000963_jpg.rf.6a516ddad9bbf3ba1a96cb378dc02bcd.txt","train"
"train","000892_JPG_jpg.rf.af62718209568f56debdbf7c2bbf1f29.jpg","000892_JPG_jpg.rf.af62718209568f56debdbf7c2bbf1f29.txt","train"
"train","FisheyeCamera_1_00128_png.rf.511e9bd27525677142aa868d3ba4f2ee.jpg","FisheyeCamera_1_00128_png.rf.511e9bd27525677142aa868d3ba4f2ee.txt","train"
"train","001919_jpg.rf.532a4a1a40b589b96e7dc93b068a0bc0.jpg","001919_jpg.rf.532a4a1a40b589b96e7dc93b068a0bc0.txt","train"
"train","000100_jpg.rf.bcec5cc9fc885b9508402d942fd2f9fa.jpg","000100_jpg.rf.bcec5cc9fc885b9508402d942fd2f9fa.txt","test"
"train","00000_00005_00008_png.rf.6e1b210e1aa3cf815ccdb2c89343bf87.jpg","00000_00005_00008_png.rf.6e1b210e1aa3cf815ccdb2c89343bf87.txt","train"
"train","00014_00001_00021_png.rf.0ce08632d898bd088f1686f1e86a6e16.jpg","00014_00001_00021_png.rf.0ce08632d898bd088f1686f1e86a6e16.txt","train"
"train","00003_00044_00011_png.rf.5392b3e9d5b30f469fef79377a86db23.jpg","00003_00044_00011_png.rf.5392b3e9d5b30f469fef79377a86db23.txt","test"
"train","00000_00001_00017_png.rf.4475cb9b43b8013917a59c211c13f75c.jpg","00000_00001_00017_png.rf.4475cb9b43b8013917a59c211c13f75c.txt","train"
"train","00003_00004_00011_png.rf.b85ce0ba9845abd407b18a9e91a85ba3.jpg","00003_00004_00011_png.rf.b85ce0ba9845abd407b18a9e91a85ba3.txt","train"
"train","001023_jpg.rf.bd470ed5ce339bec75d8e0a43e10b63d.jpg","001023_jpg.rf.bd470ed5ce339bec75d8e0a43e10b63d.txt","test"
"train","001491_jpg.rf.28bbb908a881a312a5a4c544156d4daa.jpg","001491_jpg.rf.28bbb908a881a312a5a4c544156d4daa.txt","valid"
"train","001246_jpg.rf.2ace970145e5d819ec9aea9178b19e26.jpg","001246_jpg.rf.2ace970145e5d819ec9aea9178b19e26.txt","valid"
"train","000635_jpg.rf.28d6ea6b0700f94c3c14cdeb9d462ea4.jpg","000635_jpg.rf.28d6ea6b0700f94c3c14cdeb9d462ea4.txt","test"
"train","road850_png.rf.17b2583997d9eba10dc0f973371f4384.jpg","road850_png.rf.17b2583997d9eba10dc0f973371f4384.txt","test"
"train","road578_png.rf.219a85351769b4df311046a6ae7aec56.jpg","road578_png.rf.219a85351769b4df311046a6ae7aec56.txt","valid"
"train","000062_jpg.rf.a7c75c25b43f128e62fde3c576e37d24.jpg","000062_jpg.rf.a7c75c25b43f128e62fde3c576e37d24.txt","valid"
"train","000053_jpg.rf.fde0be33395f7b846d93245de4c81c59.jpg","000053_jpg.rf.fde0be33395f7b846d93245de4c81c59.txt","train"
"train","00003_00036_00028_png.rf.50e564a491fad11969e196f0eaf3d6e8.jpg","00003_00036_00028_png.rf.50e564a491fad11969e196f0eaf3d6e8.txt","test"
"train","001022_jpg.rf.ec80243ee836b1d92267da7caca1db34.jpg","001022_jpg.rf.ec80243ee836b1d92267da7caca1db34.txt","valid"
"train","000872_JPG_jpg.rf.471c1e0d44409f6fc67c77fa8edcfa1e.jpg","000872_JPG_jpg.rf.471c1e0d44409f6fc67c77fa8edcfa1e.txt","test"
"train","000218_jpg.rf.52ccb3b0d4d30283f109bac0a1459d40.jpg","000218_jpg.rf.52ccb3b0d4d30283f109bac0a1459d40.txt","train"
"train","000200_jpg.rf.7d1568c24ad6021cb8a9c49b2b15fdfb.jpg","000200_jpg.rf.7d1568c24ad6021cb8a9c49b2b15fdfb.txt","train"
"train","001618_JPG_jpg.rf.b1da619670489890a8b27a875e1e184e.jpg","001618_JPG_jpg.rf.b1da619670489890a8b27a875e1e184e.txt","train"
"train","000194_jpg.rf.932472b9d98bd68ea70d720647dc8ab2.jpg","000194_jpg.rf.932472b9d98bd68ea70d720647dc8ab2.txt","train"
"train","00000_00001_00021_png.rf.345c2d4e2b1dd74d1594984ce1a85a14.jpg","00000_00001_00021_png.rf.345c2d4e2b1dd74d1594984ce1a85a14.txt","train"
"train","road641_png.rf.6c255351dd093f5efc039172411a8367.jpg","road641_png.rf.6c255351dd093f5efc039172411a8367.txt","train"
"train","000139_jpg.rf.1ca114767645f41477bdbbd1f6b4a61f.jpg","000139_jpg.rf.1ca114767645f41477bdbbd1f6b4a61f.txt","train"
"train","00002_00002_00028_png.rf.f984a43a9067e3e0fd99f188aa847887.jpg","00002_00002_00028_png.rf.f984a43a9067e3e0fd99f188aa847887.txt","valid"
"train","road405_png.rf.66637625c1f3f1e893908b1c5b0069e9.jpg","road405_png.rf.66637625c1f3f1e893908b1c5b0069e9.txt","train"
"train","00005_00056_00010_png.rf.97f1a1ae535000526cdfd59c20022452.jpg","00005_00056_00010_png.rf.97f1a1ae535000526cdfd59c20022452.txt","train"
"train","FisheyeCamera_1_00022_png.rf.ffa6ed7f7aae5c189e5ecf8abc709e0f.jpg","FisheyeCamera_1_00022_png.rf.ffa6ed7f7aae5c189e5ecf8abc709e0f.txt","train"
"train","road352_png.rf.3f3594a947569ccaae6e030a4d9aff4d.jpg","road352_png.rf.3f3594a947569ccaae6e030a4d9aff4d.txt","train"
"train","001473_jpg.rf.0a646849a8a9ba5fd123f9ce5a2727d4.jpg","001473_jpg.rf.0a646849a8a9ba5fd123f9ce5a2727d4.txt","train"
"train","00003_00034_00019_png.rf.9831923fedf0a51ac332e2efd2ce4379.jpg","00003_00034_00019_png.rf.9831923fedf0a51ac332e2efd2ce4379.txt","valid"
"train","00008_00012_00014_png.rf.e076e0fb0281bd8435d9d5a7d090f268.jpg","00008_00012_00014_png.rf.e076e0fb0281bd8435d9d5a7d090f268.txt","train"
"train","road647_png.rf.fb3de66f46040941d87b24e2a2bb9702.jpg","road647_png.rf.fb3de66f46040941d87b24e2a2bb9702.txt","train"
"train","000240_jpg.rf.4429fc5425342ad28f189eeaeefabcb1.jpg","000240_jpg.rf.4429fc5425342ad28f189eeaeefabcb1.txt","train"
"train","00000_00004_00027_png.rf.1f54b8d4854212f77fd38a245371d10b.jpg","00000_00004_00027_png.rf.1f54b8d4854212f77fd38a245371d10b.txt","train"
"train","00004_00047_00012_png.rf.07bb4788e8626f85f3da557a3dcea29b.jpg","00004_00047_00012_png.rf.07bb4788e8626f85f3da557a3dcea29b.txt","train"
"train","00004_00016_00012_png.rf.e5d8f5949ef14e4509edb8636415132d.jpg","00004_00016_00012_png.rf.e5d8f5949ef14e4509edb8636415132d.txt","train"
"train","road305_png.rf.8afb7ad3b572779952aae59635dc4df0.jpg","road305_png.rf.8afb7ad3b572779952aae59635dc4df0.txt","test"
"train","road763_png.rf.0716e48107c10fcb926bb9eb833e134e.jpg","road763_png.rf.0716e48107c10fcb926bb9eb833e134e.txt","train"
"train","00000_00004_00016_png.rf.685401eaa0628ce853cddd8eb4360b67.jpg","00000_00004_00016_png.rf.685401eaa0628ce853cddd8eb4360b67.txt","train"
"train","001987_jpg.rf.b3cd9dd75ce513d160d6928f0148ecd7.jpg","001987_jpg.rf.b3cd9dd75ce513d160d6928f0148ecd7.txt","train"
"train","001631_JPG_jpg.rf.2356370f01ce87f027f68fb875463ce0.jpg","001631_JPG_jpg.rf.2356370f01ce87f027f68fb875463ce0.txt","test"
"train","000731_jpg.rf.c1e17d8ebbc17d570e2b8d3f73b17d6b.jpg","000731_jpg.rf.c1e17d8ebbc17d570e2b8d3f73b17d6b.txt","train"
"train","000331_jpg.rf.18ed2e554aa2aa50f96b9a35a16c65ad.jpg","000331_jpg.rf.18ed2e554aa2aa50f96b9a35a16c65ad.txt","train"
"train","FisheyeCamera_1_00194_png.rf.43bb398313eb4de9b02efd52ccdaaf4e.jpg","FisheyeCamera_1_00194_png.rf.43bb398313eb4de9b02efd52ccdaaf4e.txt","test"
"train","000928_jpg.rf.bac3f390de98f6127c5e93aed450d50a.jpg","000928_jpg.rf.bac3f390de98f6127c5e93aed450d50a.txt","train"
"train","road100_png.rf.fb42a678627793e3cf9494cee19f2c77.jpg","road100_png.rf.fb42a678627793e3cf9494cee19f2c77.txt","valid"
"train","00014_00005_00016_png.rf.044965e29d2394b73fc46cd113a9afd1.jpg","00014_00005_00016_png.rf.044965e29d2394b73fc46cd113a9afd1.txt","train"
"train","FisheyeCamera_1_00309_png.rf.a5105e44be717b3dd5925e26af495c69.jpg","FisheyeCamera_1_00309_png.rf.a5105e44be717b3dd5925e26af495c69.txt","valid"
"train","001048_jpg.rf.7f6c3b758788892b72b67e5135525cfc.jpg","001048_jpg.rf.7f6c3b758788892b72b67e5135525cfc.txt","train"
"train","00002_00000_00018_png.rf.176d3f54ad8fc9c7c91671a81a029921.jpg","00002_00000_00018_png.rf.176d3f54ad8fc9c7c91671a81a029921.txt","train"
"train","00008_00004_00018_png.rf.4e96e8d0b0ff832aae19219c67a0e9ee.jpg","00008_00004_00018_png.rf.4e96e8d0b0ff832aae19219c67a0e9ee.txt","valid"
"train","00003_00008_00004_png.rf.20fd422ec5fc7034ce4416e2467696dc.jpg","00003_00008_00004_png.rf.20fd422ec5fc7034ce4416e2467696dc.txt","train"
"train","00004_00003_00017_png.rf.7f48860aa9ff2e171822c1514ada36e7.jpg","00004_00003_00017_png.rf.7f48860aa9ff2e171822c1514ada36e7.txt","train"
"train","road488_png.rf.e6ba382cb812f72d2e298e9223a84586.jpg","road488_png.rf.e6ba382cb812f72d2e298e9223a84586.txt","test"
"train","FisheyeCamera_1_00615_png.rf.d2b30f553ad76613fc1768b857bc062d.jpg","FisheyeCamera_1_00615_png.rf.d2b30f553ad76613fc1768b857bc062d.txt","test"
"train","road57_png.rf.ee9c3c338278671cc6763321e4d0656a.jpg","road57_png.rf.ee9c3c338278671cc6763321e4d0656a.txt","valid"
"train","road720_png.rf.9646f44fcf48b07aba54506120373d58.jpg","road720_png.rf.9646f44fcf48b07aba54506120373d58.txt","test"
"train","FisheyeCamera_1_00088_png.rf.7038433bc72f72ff18dc3c4e4a426eda.jpg","FisheyeCamera_1_00088_png.rf.7038433bc72f72ff18dc3c4e4a426eda.txt","train"
"train","00000_00000_00014_png.rf.bfd309a23ad2a5479d3a46695b14756a.jpg","00000_00000_00014_png.rf.bfd309a23ad2a5479d3a46695b14756a.txt","train"
"train","road129_png.rf.0daaca31fa5189b490697dd487023793.jpg","road129_png.rf.0daaca31fa5189b490697dd487023793.txt","train"
"train","000464_jpg.rf.2fed376875d62d9ba8ee3b83914ea493.jpg","000464_jpg.rf.2fed376875d62d9ba8ee3b83914ea493.txt","test"
"train","00000_00006_00024_png.rf.c3115957e3f1c59c138aeee5e2a56adc.jpg","00000_00006_00024_png.rf.c3115957e3f1c59c138aeee5e2a56adc.txt","train"
"train","000879_JPG_jpg.rf.5c358bccb757c2a04144f8719fce92b4.jpg","000879_JPG_jpg.rf.5c358bccb757c2a04144f8719fce92b4.txt","train"
"train","000470_jpg.rf.60afd8582a82654adc2e11e876fbb0e4.jpg","000470_jpg.rf.60afd8582a82654adc2e11e876fbb0e4.txt","valid"
"train","001442_JPG_jpg.rf.981bd671a13dfc6ae2bac3ac76c20181.jpg","001442_JPG_jpg.rf.981bd671a13dfc6ae2bac3ac76c20181.txt","train"
"train","00005_00000_00009_png.rf.1e2a5f990f617c74d223fb1764bfdb60.jpg","00005_00000_00009_png.rf.1e2a5f990f617c74d223fb1764bfdb60.txt","train"
"train","road588_png.rf.8c3a2bea96fb6c5ff3928b5e8b7cae15.jpg","road588_png.rf.8c3a2bea96fb6c5ff3928b5e8b7cae15.txt","train"
"train","001446_jpg.rf.6ba5c6ad4c47f0de199545fdb6e6c419.jpg","001446_jpg.rf.6ba5c6ad4c47f0de199545fdb6e6c419.txt","train"
"train","001643_JPG_jpg.rf.1bc99355681ce9b1bf07b8e627b35a8b.jpg","001643_JPG_jpg.rf.1bc99355681ce9b1bf07b8e627b35a8b.txt","test"
"train","FisheyeCamera_1_00267_png.rf.04b96be2d83ad14c5598b4fe6031b8d5.jpg","FisheyeCamera_1_00267_png.rf.04b96be2d83ad14c5598b4fe6031b8d5.txt","valid"
"train","00005_00008_00005_png.rf.394204d736b20dd6a8b27d2866936401.jpg","00005_00008_00005_png.rf.394204d736b20dd6a8b27d2866936401.txt","train"
"train","000553_jpg.rf.30627106ad5387c23a7d95798e61fa8e.jpg","000553_jpg.rf.30627106ad5387c23a7d95798e61fa8e.txt","train"
"train","000926_JPG_jpg.rf.c7221e84bd5a18bdd699569f5e82c1a7.jpg","000926_JPG_jpg.rf.c7221e84bd5a18bdd699569f5e82c1a7.txt","train"
"train","road49_png.rf.246c5193fa9003b027cb24f9ae98268f.jpg","road49_png.rf.246c5193fa9003b027cb24f9ae98268f.txt","train"
"train","00000_00005_00014_png.rf.3f49d1a30b593734670957a6b1b10041.jpg","00000_00005_00014_png.rf.3f49d1a30b593734670957a6b1b10041.txt","train"
"train","001669_JPG_jpg.rf.d75e41f4b78b86a5d98acc460b37ab82.jpg","001669_JPG_jpg.rf.d75e41f4b78b86a5d98acc460b37ab82.txt","train"
"train","00000_00001_00021_png.rf.3b9863a88d9b19fbf6a3d545c0c7b97e.jpg","00000_00001_00021_png.rf.3b9863a88d9b19fbf6a3d545c0c7b97e.txt","test"
"train","00003_00034_00022_png.rf.a5202c19dbd5e85879f10f932d83bdf7.jpg","00003_00034_00022_png.rf.a5202c19dbd5e85879f10f932d83bdf7.txt","train"
"train","000943_JPG_jpg.rf.370c2b107e3756327114ef2415dbc975.jpg","000943_JPG_jpg.rf.370c2b107e3756327114ef2415dbc975.txt","train"
"train","00003_00002_00012_png.rf.b77fbde1da1ec06000fe557b11d1ea96.jpg","00003_00002_00012_png.rf.b77fbde1da1ec06000fe557b11d1ea96.txt","train"
"train","000530_jpg.rf.4bbf31fb85495eb7042d1741ffe668a1.jpg","000530_jpg.rf.4bbf31fb85495eb7042d1741ffe668a1.txt","train"
"train","001487_jpg.rf.0c813416d87dfe8086d0b4b973cc3f6b.jpg","001487_jpg.rf.0c813416d87dfe8086d0b4b973cc3f6b.txt","valid"
"train","00004_00040_00018_png.rf.baa271a7a0a7fe18cd87988af95b6c78.jpg","00004_00040_00018_png.rf.baa271a7a0a7fe18cd87988af95b6c78.txt","valid"
"train","000550_jpg.rf.bcd538dcf8f80a795a4b14aad41b054c.jpg","000550_jpg.rf.bcd538dcf8f80a795a4b14aad41b054c.txt","train"
"train","000358_jpg.rf.4cdbe6141441a33d288a18ec4eba93bd.jpg","000358_jpg.rf.4cdbe6141441a33d288a18ec4eba93bd.txt","train"
"train","00004_00034_00006_png.rf.2ac9f9a615169a0aaa78cf71276426b3.jpg","00004_00034_00006_png.rf.2ac9f9a615169a0aaa78cf71276426b3.txt","train"
"train","road72_png.rf.fc36e9b7672c13cdfbb68fd15009ae79.jpg","road72_png.rf.fc36e9b7672c13cdfbb68fd15009ae79.txt","train"
"train","000235_jpg.rf.424362f7bea9485d7a9299de78ebdf40.jpg","000235_jpg.rf.424362f7bea9485d7a9299de78ebdf40.txt","train"
"train","19cba125-764a-462d-bd1a-e919858246fb_jpg.rf.2b103eae6afa5568c7b118bcc6a7d3ff.jpg","19cba125-764a-462d-bd1a-e919858246fb_jpg.rf.2b103eae6afa5568c7b118bcc6a7d3ff.txt","train"
"train","000949_JPG_jpg.rf.76c67115b7378401bf2832783d325039.jpg","000949_JPG_jpg.rf.76c67115b7378401bf2832783d325039.txt","test"
"train","00014_00006_00011_png.rf.735870daf914e051bba6e937f85c99ba.jpg","00014_00006_00011_png.rf.735870daf914e051bba6e937f85c99ba.txt","train"
"train","001254_jpg.rf.7d77c0c22255e12a4b02709d39dcfea8.jpg","001254_jpg.rf.7d77c0c22255e12a4b02709d39dcfea8.txt","valid"
"train","road624_png.rf.402c6d2c0bb07c5779774195f2cb1770.jpg","road624_png.rf.402c6d2c0bb07c5779774195f2cb1770.txt","train"
"train","001222_jpg.rf.e817492f087546fd05dc042079da0d99.jpg","001222_jpg.rf.e817492f087546fd05dc042079da0d99.txt","train"
"train","FisheyeCamera_1_00506_png.rf.07c43e4ec8d15a942816d47c71e647b9.jpg","FisheyeCamera_1_00506_png.rf.07c43e4ec8d15a942816d47c71e647b9.txt","train"
"train","000114_jpg.rf.fe597b25781268dbba6d05d7d2815d48.jpg","000114_jpg.rf.fe597b25781268dbba6d05d7d2815d48.txt","train"
"train","000368_jpg.rf.10d231d226d5af63afeb36e91078644f.jpg","000368_jpg.rf.10d231d226d5af63afeb36e91078644f.txt","train"
"train","00007_00040_00019_png.rf.69a8c6d3407213fa5ee2ebb1701631f2.jpg","00007_00040_00019_png.rf.69a8c6d3407213fa5ee2ebb1701631f2.txt","train"
"train","000913_JPG_jpg.rf.ec3f36f0c96da797b9bcc1d0fd9fec71.jpg","000913_JPG_jpg.rf.ec3f36f0c96da797b9bcc1d0fd9fec71.txt","train"
"train","000245_jpg.rf.0fd3116367840d6e699afcb7c849d039.jpg","000245_jpg.rf.0fd3116367840d6e699afcb7c849d039.txt","train"
"train","FisheyeCamera_1_00956_png.rf.5ab408491fc40009df049f742a25154f.jpg","FisheyeCamera_1_00956_png.rf.5ab408491fc40009df049f742a25154f.txt","valid"
"train","00001_00040_00002_png.rf.5cc5b112a1941174f39a6d3a1943249e.jpg","00001_00040_00002_png.rf.5cc5b112a1941174f39a6d3a1943249e.txt","train"
"train","00001_00019_00006_png.rf.1afe38929585e8615e983b25026a700d.jpg","00001_00019_00006_png.rf.1afe38929585e8615e983b25026a700d.txt","test"
"train","000506_jpg.rf.f4b3c2dccb5d52c59c80039f6545b8a0.jpg","000506_jpg.rf.f4b3c2dccb5d52c59c80039f6545b8a0.txt","train"
"train","000999_jpg.rf.67618e2d3161725fc3dffb65b3fa2d74.jpg","000999_jpg.rf.67618e2d3161725fc3dffb65b3fa2d74.txt","train"
"train","000659_jpg.rf.a1b8a20dbae8f88419f79cb89167c68f.jpg","000659_jpg.rf.a1b8a20dbae8f88419f79cb89167c68f.txt","train"
"train","00014_00008_00002_png.rf.509288f8104ef5f10052da9112ebc3d1.jpg","00014_00008_00002_png.rf.509288f8104ef5f10052da9112ebc3d1.txt","train"
"train","road62_png.rf.f28b1f243c5773fc7ecb2f65e2499294.jpg","road62_png.rf.f28b1f243c5773fc7ecb2f65e2499294.txt","test"
"train","00000_00005_00010_png.rf.9be5deb28c1911d0c1f8a5e257eedacb.jpg","00000_00005_00010_png.rf.9be5deb28c1911d0c1f8a5e257eedacb.txt","train"
"train","001026_jpg.rf.2b53b9b602211beebba4fb2eb132bdeb.jpg","001026_jpg.rf.2b53b9b602211beebba4fb2eb132bdeb.txt","train"
"train","FisheyeCamera_1_00251_png.rf.f5be01684753ddce258781b9b0427ba7.jpg","FisheyeCamera_1_00251_png.rf.f5be01684753ddce258781b9b0427ba7.txt","train"
"train","FisheyeCamera_1_01055_png.rf.fdbb64adfbe32ee03fb50697c2c3157c.jpg","FisheyeCamera_1_01055_png.rf.fdbb64adfbe32ee03fb50697c2c3157c.txt","train"
"train","road543_png.rf.9f43e2ad629931c9ed9be7220fb00112.jpg","road543_png.rf.9f43e2ad629931c9ed9be7220fb00112.txt","train"
"train","000560_jpg.rf.c835ca474ac7cc440ae0ead680fb3d2d.jpg","000560_jpg.rf.c835ca474ac7cc440ae0ead680fb3d2d.txt","train"
"train","00001_00010_00009_png.rf.b2e9c201ffcd5f5ba635fd4448deed3f.jpg","00001_00010_00009_png.rf.b2e9c201ffcd5f5ba635fd4448deed3f.txt","train"
"train","000914_jpg.rf.34545703947313c5a892fc07193e0abb.jpg","000914_jpg.rf.34545703947313c5a892fc07193e0abb.txt","train"
"train","000399_jpg.rf.fd23a18765da4d86a806abc30f2901e3.jpg","000399_jpg.rf.fd23a18765da4d86a806abc30f2901e3.txt","valid"
"train","road348_png.rf.bf0b3a741d5903bf0d0cce837bda08a3.jpg","road348_png.rf.bf0b3a741d5903bf0d0cce837bda08a3.txt","train"
"train","00003_00045_00023_png.rf.257ca200fa835d32e3f162658b505438.jpg","00003_00045_00023_png.rf.257ca200fa835d32e3f162658b505438.txt","valid"
"train","00001_00010_00010_png.rf.17930fc0f29b6c510c2175a6c214d79a.jpg","00001_00010_00010_png.rf.17930fc0f29b6c510c2175a6c214d79a.txt","test"
"train","001932_jpg.rf.596f1f45dfdcea0ababd1f22713b55fb.jpg","001932_jpg.rf.596f1f45dfdcea0ababd1f22713b55fb.txt","train"
"train","00002_00027_00009_png.rf.2f51e42b5377400d72008ca95dcb57a5.jpg","00002_00027_00009_png.rf.2f51e42b5377400d72008ca95dcb57a5.txt","train"
"train","00005_00003_00016_png.rf.84e571016d59821474e769a7665968a0.jpg","00005_00003_00016_png.rf.84e571016d59821474e769a7665968a0.txt","valid"
"train","00001_00031_00014_png.rf.5ac687126a5cecda151499a51cddf44c.jpg","00001_00031_00014_png.rf.5ac687126a5cecda151499a51cddf44c.txt","train"
"train","FisheyeCamera_1_00475_png.rf.80595c2ce0ae24c638c8717d202222db.jpg","FisheyeCamera_1_00475_png.rf.80595c2ce0ae24c638c8717d202222db.txt","valid"
"train","00001_00058_00007_png.rf.b72d84efbfdd3107cc31e281a691b57b.jpg","00001_00058_00007_png.rf.b72d84efbfdd3107cc31e281a691b57b.txt","train"
"train","FisheyeCamera_1_00972_png.rf.e5307cc712fff5df0f366de8ef9943bd.jpg","FisheyeCamera_1_00972_png.rf.e5307cc712fff5df0f366de8ef9943bd.txt","train"
"train","00002_00017_00020_png.rf.5030022596dc8c8fbfebb73f32da2bf5.jpg","00002_00017_00020_png.rf.5030022596dc8c8fbfebb73f32da2bf5.txt","test"
"train","000962_JPG_jpg.rf.aa7f0fe1db093285cb3f5788f00c280c.jpg","000962_JPG_jpg.rf.aa7f0fe1db093285cb3f5788f00c280c.txt","train"
"train","FisheyeCamera_1_01055_png.rf.6d4d1ee91e7ebd15b138a276ae68579e.jpg","FisheyeCamera_1_01055_png.rf.6d4d1ee91e7ebd15b138a276ae68579e.txt","train"
"train","000770_jpg.rf.84af58ae115b49698482683f92fdee41.jpg","000770_jpg.rf.84af58ae115b49698482683f92fdee41.txt","train"
"train","000987_JPG_jpg.rf.44e6786fb00df740d6c0d7283e351dc6.jpg","000987_JPG_jpg.rf.44e6786fb00df740d6c0d7283e351dc6.txt","train"
"train","000968_jpg.rf.f1d01f91555d57c7c5f19cbd394fd884.jpg","000968_jpg.rf.f1d01f91555d57c7c5f19cbd394fd884.txt","valid"
"train","00004_00035_00017_png.rf.5f46f2e44e8c9b58fdfc54b84f41fb1b.jpg","00004_00035_00017_png.rf.5f46f2e44e8c9b58fdfc54b84f41fb1b.txt","train"
"train","001402_jpg.rf.0f61347cc8733777501ec863b0e81159.jpg","001402_jpg.rf.0f61347cc8733777501ec863b0e81159.txt","train"
"train","FisheyeCamera_1_00618_png.rf.0d92589916044b88bd07c057136d0e43.jpg","FisheyeCamera_1_00618_png.rf.0d92589916044b88bd07c057136d0e43.txt","train"
"train","00008_00001_00019_png.rf.d94f659e35fb48a88f4a4b05f05c0b6d.jpg","00008_00001_00019_png.rf.d94f659e35fb48a88f4a4b05f05c0b6d.txt","train"
"train","road545_png.rf.1c7a2d888c844fbacf8c5b367350c940.jpg","road545_png.rf.1c7a2d888c844fbacf8c5b367350c940.txt","train"
"train","FisheyeCamera_1_00177_png.rf.76bfae14052ef041f489345a5b954d4f.jpg","FisheyeCamera_1_00177_png.rf.76bfae14052ef041f489345a5b954d4f.txt","train"
"train","00004_00043_00018_png.rf.abf9b305c4134662c901b52a43bb2224.jpg","00004_00043_00018_png.rf.abf9b305c4134662c901b52a43bb2224.txt","train"
"train","7f28b9eb-31ef-4d8e-93e9-4732e905b0a6_jpg.rf.74af329f018fa853aaa2480aa1669f86.jpg","7f28b9eb-31ef-4d8e-93e9-4732e905b0a6_jpg.rf.74af329f018fa853aaa2480aa1669f86.txt","train"
"train","00003_00036_00026_png.rf.d3a6b7c24add70f56b966551270514cf.jpg","00003_00036_00026_png.rf.d3a6b7c24add70f56b966551270514cf.txt","train"
"train","000872_jpg.rf.62f0c6db35fd88ea082e61ae48a5870e.jpg","000872_jpg.rf.62f0c6db35fd88ea082e61ae48a5870e.txt","train"
"train","road451_png.rf.7600b0941fd223102972c3961eab47e5.jpg","road451_png.rf.7600b0941fd223102972c3961eab47e5.txt","train"
"train","road773_png.rf.45866b5bbf13762ad7a55e7cb0030298.jpg","road773_png.rf.45866b5bbf13762ad7a55e7cb0030298.txt","test"
"train","00004_00061_00000_png.rf.6336ff57919159aef82b9070a0a62352.jpg","00004_00061_00000_png.rf.6336ff57919159aef82b9070a0a62352.txt","train"
"train","000646_jpg.rf.045dc98aa6ad0af6877c9a20c245b280.jpg","000646_jpg.rf.045dc98aa6ad0af6877c9a20c245b280.txt","train"
"train","FisheyeCamera_1_00043_png.rf.ff5cc23035c50b802fa63cd1d320aa89.jpg","FisheyeCamera_1_00043_png.rf.ff5cc23035c50b802fa63cd1d320aa89.txt","train"
"train","road170_png.rf.da2aca4c378c97eb231c40dc05b78869.jpg","road170_png.rf.da2aca4c378c97eb231c40dc05b78869.txt","train"
"train","001645_JPG_jpg.rf.18146dfb6865367d9554aac7b7b3a228.jpg","001645_JPG_jpg.rf.18146dfb6865367d9554aac7b7b3a228.txt","train"
"train","000400_jpg.rf.ca8a05816a5e200eb3a742c08fc43498.jpg","000400_jpg.rf.ca8a05816a5e200eb3a742c08fc43498.txt","train"
"train","00003_00022_00028_png.rf.a8053707856ea7b66788018fa2681dc3.jpg","00003_00022_00028_png.rf.a8053707856ea7b66788018fa2681dc3.txt","valid"
"train","FisheyeCamera_1_01151_png.rf.23e9ff0b28d678492c174f2eb828f87b.jpg","FisheyeCamera_1_01151_png.rf.23e9ff0b28d678492c174f2eb828f87b.txt","train"
"train","00003_00039_00029_png.rf.534cb3f3396ca858f7754362169cf896.jpg","00003_00039_00029_png.rf.534cb3f3396ca858f7754362169cf896.txt","train"
"train","001489_jpg.rf.6b079bdb84b993e5154a8578d38efd33.jpg","001489_jpg.rf.6b079bdb84b993e5154a8578d38efd33.txt","train"
"train","00000_00001_00010_png.rf.ba16072a39d3823d7497aad5183ead24.jpg","00000_00001_00010_png.rf.ba16072a39d3823d7497aad5183ead24.txt","train"
"train","001640_JPG_jpg.rf.1a5241c638128b3c06755868cf1b96af.jpg","001640_JPG_jpg.rf.1a5241c638128b3c06755868cf1b96af.txt","train"
"train","00003_00040_00006_png.rf.0de77e421f093e30f716609d6d65917e.jpg","00003_00040_00006_png.rf.0de77e421f093e30f716609d6d65917e.txt","train"
"train","road664_png.rf.46df630ec0608d24ea91a06a1d4ab67d.jpg","road664_png.rf.46df630ec0608d24ea91a06a1d4ab67d.txt","train"
"train","FisheyeCamera_1_00294_png.rf.63f36f1d2b0c4645189c6d1c3103e87e.jpg","FisheyeCamera_1_00294_png.rf.63f36f1d2b0c4645189c6d1c3103e87e.txt","train"
"train","FisheyeCamera_1_00152_png.rf.06280f8b767f5d1d419d2ad4d2deda87.jpg","FisheyeCamera_1_00152_png.rf.06280f8b767f5d1d419d2ad4d2deda87.txt","train"
"train","00008_00021_00019_png.rf.d458ef7e4b9e8e24f37dfcb21a874459.jpg","00008_00021_00019_png.rf.d458ef7e4b9e8e24f37dfcb21a874459.txt","train"
"train","001435_jpg.rf.0b5906c58d2bade08cbf0841ad612734.jpg","001435_jpg.rf.0b5906c58d2bade08cbf0841ad612734.txt","train"
"train","001076_jpg.rf.ccd2313d14ef8a2e55235901e4ff185d.jpg","001076_jpg.rf.ccd2313d14ef8a2e55235901e4ff185d.txt","train"
"train","road306_png.rf.9b13ab280d8bd793716552e0398823a6.jpg","road306_png.rf.9b13ab280d8bd793716552e0398823a6.txt","train"
"train","000823_jpg.rf.57075000b1cc2b5e1762a85fad5722ed.jpg","000823_jpg.rf.57075000b1cc2b5e1762a85fad5722ed.txt","train"
"train","road701_png.rf.59bb9474dda0ed842b6aea5b4a4bae7f.jpg","road701_png.rf.59bb9474dda0ed842b6aea5b4a4bae7f.txt","test"
"train","00002_00017_00027_png.rf.0e093b6635ee449dbcb3957141fac8d7.jpg","00002_00017_00027_png.rf.0e093b6635ee449dbcb3957141fac8d7.txt","train"
"train","road203_png.rf.6e1e5793b667d5380658f221fa46950c.jpg","road203_png.rf.6e1e5793b667d5380658f221fa46950c.txt","train"
"train","00003_00008_00015_png.rf.60f4820ca9ff35d1ae54de9f6b7030ec.jpg","00003_00008_00015_png.rf.60f4820ca9ff35d1ae54de9f6b7030ec.txt","train"
"train","001456_jpg.rf.cba985a8c2f86d9eda8cd32916d6e913.jpg","001456_jpg.rf.cba985a8c2f86d9eda8cd32916d6e913.txt","valid"
"train","00001_00040_00004_png.rf.452dac0840e42fa299e0c42184a14233.jpg","00001_00040_00004_png.rf.452dac0840e42fa299e0c42184a14233.txt","train"
"train","000570_jpg.rf.3684c50626aa5678284d58f16cbd3351.jpg","000570_jpg.rf.3684c50626aa5678284d58f16cbd3351.txt","train"
"train","001823_JPG_jpg.rf.6ae4a7b84694d7b1045cf9193bbff4e3.jpg","001823_JPG_jpg.rf.6ae4a7b84694d7b1045cf9193bbff4e3.txt","train"
"train","001667_JPG_jpg.rf.261a541ec2f158700a5e6a299e014716.jpg","001667_JPG_jpg.rf.261a541ec2f158700a5e6a299e014716.txt","train"
"train","000921_jpg.rf.655e827b5c7f760b2c2711b804af285e.jpg","000921_jpg.rf.655e827b5c7f760b2c2711b804af285e.txt","train"
"train","00003_00001_00008_png.rf.bee8794075f8b89f8b80119ea5d1077c.jpg","00003_00001_00008_png.rf.bee8794075f8b89f8b80119ea5d1077c.txt","train"
"train","001629_JPG_jpg.rf.81b288b40d96b0c1ea2c8b2e1a23db65.jpg","001629_JPG_jpg.rf.81b288b40d96b0c1ea2c8b2e1a23db65.txt","train"
"train","000064_jpg.rf.15ef593c33dff7afe703d7cb281dbc69.jpg","000064_jpg.rf.15ef593c33dff7afe703d7cb281dbc69.txt","train"
"train","FisheyeCamera_1_00298_png.rf.97f85fd7d5deab9c04c43a944f548b3e.jpg","FisheyeCamera_1_00298_png.rf.97f85fd7d5deab9c04c43a944f548b3e.txt","train"
"train","FisheyeCamera_1_00006_png.rf.f00f752bfe116f2ba400c290af84152f.jpg","FisheyeCamera_1_00006_png.rf.f00f752bfe116f2ba400c290af84152f.txt","train"
"train","00004_00033_00010_png.rf.b41185a76008c90d089a4a34ef302587.jpg","00004_00033_00010_png.rf.b41185a76008c90d089a4a34ef302587.txt","train"
"train","000798_jpg.rf.3307434afb97bb5d12691786ddf98bf6.jpg","000798_jpg.rf.3307434afb97bb5d12691786ddf98bf6.txt","train"
"train","000487_jpg.rf.2e8f1045d327cf70ad2f612df3ac3ad4.jpg","000487_jpg.rf.2e8f1045d327cf70ad2f612df3ac3ad4.txt","train"
"train","FisheyeCamera_1_00068_png.rf.0c3ba27e4c7a789889af113f7c9b5ce5.jpg","FisheyeCamera_1_00068_png.rf.0c3ba27e4c7a789889af113f7c9b5ce5.txt","train"
"train","00008_00012_00000_png.rf.7f2beabc6dd158e1d54d3adc84de1807.jpg","00008_00012_00000_png.rf.7f2beabc6dd158e1d54d3adc84de1807.txt","train"
"train","00014_00007_00001_png.rf.773a3568f6709b9558ee0b0ae63a853d.jpg","00014_00007_00001_png.rf.773a3568f6709b9558ee0b0ae63a853d.txt","train"
"train","00000_00003_00014_png.rf.63e5fb861fba00be2c84def228c6f414.jpg","00000_00003_00014_png.rf.63e5fb861fba00be2c84def228c6f414.txt","train"
"train","00014_00002_00014_png.rf.4bdf82b78124d50389b6dc5c96a70760.jpg","00014_00002_00014_png.rf.4bdf82b78124d50389b6dc5c96a70760.txt","train"
"train","00008_00022_00011_png.rf.45639b23d579301192b10a3f7a906a82.jpg","00008_00022_00011_png.rf.45639b23d579301192b10a3f7a906a82.txt","train"
"train","FisheyeCamera_1_00067_png.rf.538307f197ab85984c457e33c072c072.jpg","FisheyeCamera_1_00067_png.rf.538307f197ab85984c457e33c072c072.txt","train"
"train","road449_png.rf.5511249e74b195797233d0e8e0e2bd19.jpg","road449_png.rf.5511249e74b195797233d0e8e0e2bd19.txt","train"
"train","00014_00005_00003_png.rf.d1da249b6eec4e13813369806204dc02.jpg","00014_00005_00003_png.rf.d1da249b6eec4e13813369806204dc02.txt","train"
"train","000543_jpg.rf.9f037e8440af6e09d20e6c48eb5700f8.jpg","000543_jpg.rf.9f037e8440af6e09d20e6c48eb5700f8.txt","train"
"train","00002_00033_00012_png.rf.99e01fd0c533d4dd19811a7adcfbafb0.jpg","00002_00033_00012_png.rf.99e01fd0c533d4dd19811a7adcfbafb0.txt","train"
"train","000175_jpg.rf.4d0afbded833cc20a154e40abbb15af3.jpg","000175_jpg.rf.4d0afbded833cc20a154e40abbb15af3.txt","test"
"train","FisheyeCamera_1_00198_png.rf.e6a8e3677253487e209546a75f287cb4.jpg","FisheyeCamera_1_00198_png.rf.e6a8e3677253487e209546a75f287cb4.txt","train"
"train","FisheyeCamera_1_00031_png.rf.f123fc3e11c3f3a154aa06cf5b7f068b.jpg","FisheyeCamera_1_00031_png.rf.f123fc3e11c3f3a154aa06cf5b7f068b.txt","train"
"train","00003_00036_00028_png.rf.d6a5c5e508559f7b352b538a4157d28d.jpg","00003_00036_00028_png.rf.d6a5c5e508559f7b352b538a4157d28d.txt","test"
"train","00000_00005_00012_png.rf.9f686e0046b16f79381627aad610cc5b.jpg","00000_00005_00012_png.rf.9f686e0046b16f79381627aad610cc5b.txt","train"
"train","00001_00035_00016_png.rf.5c6f71d10bff0c253d614a88b1b3e729.jpg","00001_00035_00016_png.rf.5c6f71d10bff0c253d614a88b1b3e729.txt","train"
"train","000337_jpg.rf.78074c6318adbe15b58c825a93abfc4f.jpg","000337_jpg.rf.78074c6318adbe15b58c825a93abfc4f.txt","train"
"train","road16_png.rf.d9ffc4406341415c52ed9dda6a96c019.jpg","road16_png.rf.d9ffc4406341415c52ed9dda6a96c019.txt","test"
"train","001087_jpg.rf.e1c023668939da509bad66163a74e5ab.jpg","001087_jpg.rf.e1c023668939da509bad66163a74e5ab.txt","train"
"train","00008_00034_00010_png.rf.df73b207460d280cce80fb4dea07fe97.jpg","00008_00034_00010_png.rf.df73b207460d280cce80fb4dea07fe97.txt","valid"
"train","00002_00031_00007_png.rf.aca7f1efe0017af003084fb94679daaa.jpg","00002_00031_00007_png.rf.aca7f1efe0017af003084fb94679daaa.txt","valid"
"train","000792_jpg.rf.e51f7e3e512c3aad4a0d00092e524840.jpg","000792_jpg.rf.e51f7e3e512c3aad4a0d00092e524840.txt","train"
"train","000650_jpg.rf.0972594c11818924264b365ee6d28f9b.jpg","000650_jpg.rf.0972594c11818924264b365ee6d28f9b.txt","train"
"train","00004_00033_00015_png.rf.da7fb798bdcf220e892189c8f03d0977.jpg","00004_00033_00015_png.rf.da7fb798bdcf220e892189c8f03d0977.txt","train"
"train","FisheyeCamera_1_00635_png.rf.f4d4d807c152c3639fb1c12dea65f065.jpg","FisheyeCamera_1_00635_png.rf.f4d4d807c152c3639fb1c12dea65f065.txt","train"
"train","000102_jpg.rf.20f8be4604f14159e1645faac8bb2b1d.jpg","000102_jpg.rf.20f8be4604f14159e1645faac8bb2b1d.txt","train"
"train","00001_00038_00013_png.rf.475fb0f3392ba6b9609acca23cd5643d.jpg","00001_00038_00013_png.rf.475fb0f3392ba6b9609acca23cd5643d.txt","test"
"train","00003_00046_00020_png.rf.6da467a83ecb9023fc0b7b3c88e0e58f.jpg","00003_00046_00020_png.rf.6da467a83ecb9023fc0b7b3c88e0e58f.txt","train"
"train","000088_jpg.rf.2efd0a2aed0607ba45d39fda6012b6b9.jpg","000088_jpg.rf.2efd0a2aed0607ba45d39fda6012b6b9.txt","train"
"train","00008_00009_00023_png.rf.3aa86cbfed83b448f1e28ee7c56ab671.jpg","00008_00009_00023_png.rf.3aa86cbfed83b448f1e28ee7c56ab671.txt","train"
"train","00014_00005_00007_png.rf.f837592dabecfdc78903aba1519b8762.jpg","00014_00005_00007_png.rf.f837592dabecfdc78903aba1519b8762.txt","valid"
"train","001608_JPG_jpg.rf.bf926d99f12b1c45427b46d7bfb08506.jpg","001608_JPG_jpg.rf.bf926d99f12b1c45427b46d7bfb08506.txt","test"
"train","001260_jpg.rf.7caf586e35ce2035d25d6a61e549e66d.jpg","001260_jpg.rf.7caf586e35ce2035d25d6a61e549e66d.txt","train"
"train","000883_jpg.rf.6697521217895895c7eabf2b9e5fc364.jpg","000883_jpg.rf.6697521217895895c7eabf2b9e5fc364.txt","train"
"train","00014_00008_00003_png.rf.29d13193bbe86696af8c52efba2aef99.jpg","00014_00008_00003_png.rf.29d13193bbe86696af8c52efba2aef99.txt","train"
"train","000786_jpg.rf.641aa15e65014c16b5f5dc9941fe81a3.jpg","000786_jpg.rf.641aa15e65014c16b5f5dc9941fe81a3.txt","test"
"train","000198_jpg.rf.4b8df8df27db2c690a7db8f552570ba9.jpg","000198_jpg.rf.4b8df8df27db2c690a7db8f552570ba9.txt","test"
"train","000907_jpg.rf.42a15b04b0d3b5686cef69f20c4ad1ea.jpg","000907_jpg.rf.42a15b04b0d3b5686cef69f20c4ad1ea.txt","train"
"train","001232_jpg.rf.532aa5b978dd8e02da50eb029fda1b93.jpg","001232_jpg.rf.532aa5b978dd8e02da50eb029fda1b93.txt","train"
"train","FisheyeCamera_1_00289_png.rf.5136d43209826a5877ea471ecebfe9e9.jpg","FisheyeCamera_1_00289_png.rf.5136d43209826a5877ea471ecebfe9e9.txt","train"
"train","road5_png.rf.74625070200b6d72b905e7fa2da9b2cf.jpg","road5_png.rf.74625070200b6d72b905e7fa2da9b2cf.txt","valid"
"train","road595_png.rf.a821ce1a385b03ad0f5c7c89189cad41.jpg","road595_png.rf.a821ce1a385b03ad0f5c7c89189cad41.txt","train"
"train","road391_png.rf.18e398e652cfa640c403d24d07d58181.jpg","road391_png.rf.18e398e652cfa640c403d24d07d58181.txt","train"
"train","000153_jpg.rf.4e48a1ab9b35325828f04d7b3d2fd60c.jpg","000153_jpg.rf.4e48a1ab9b35325828f04d7b3d2fd60c.txt","train"
"train","00001_00069_00007_png.rf.51f68d89f581a2057ffbb05509618807.jpg","00001_00069_00007_png.rf.51f68d89f581a2057ffbb05509618807.txt","train"
"train","FisheyeCamera_1_00603_png.rf.1e5e7e3025d0da238b2ac9bc990959b7.jpg","FisheyeCamera_1_00603_png.rf.1e5e7e3025d0da238b2ac9bc990959b7.txt","train"
"train","000585_jpg.rf.b74366105992d4182e3393f77b9e10d4.jpg","000585_jpg.rf.b74366105992d4182e3393f77b9e10d4.txt","train"
"train","00000_00006_00000_png.rf.ec927fb18f062b820736b945fe7395fa.jpg","00000_00006_00000_png.rf.ec927fb18f062b820736b945fe7395fa.txt","test"
"train","000511_jpg.rf.9c92fcc8b5895e922a3d84a682e445f4.jpg","000511_jpg.rf.9c92fcc8b5895e922a3d84a682e445f4.txt","train"
"train","00003_00036_00014_png.rf.07f74a94a2af5f6499309401d1aaf907.jpg","00003_00036_00014_png.rf.07f74a94a2af5f6499309401d1aaf907.txt","train"
"train","00004_00047_00022_png.rf.2a86312700d78c05d2bf38ac7f16b46b.jpg","00004_00047_00022_png.rf.2a86312700d78c05d2bf38ac7f16b46b.txt","train"
"train","000090_jpg.rf.06f4fb49cff7d492490d7f24fc29ec7a.jpg","000090_jpg.rf.06f4fb49cff7d492490d7f24fc29ec7a.txt","train"
"train","001617_JPG_jpg.rf.199dced16ee12f7cbafd22e2fff5cb7b.jpg","001617_JPG_jpg.rf.199dced16ee12f7cbafd22e2fff5cb7b.txt","valid"
"train","00008_00026_00008_png.rf.b572b86967fe7fd4090471d124bc48d4.jpg","00008_00026_00008_png.rf.b572b86967fe7fd4090471d124bc48d4.txt","train"
"train","000728_jpg.rf.54ef6dbb1516ecff634117738a1c93c8.jpg","000728_jpg.rf.54ef6dbb1516ecff634117738a1c93c8.txt","train"
"train","21c391d5-3122-49fa-b7a0-42a12ea9581a_jpg.rf.352abe3f45f0ea26c9dba9f93606792e.jpg","21c391d5-3122-49fa-b7a0-42a12ea9581a_jpg.rf.352abe3f45f0ea26c9dba9f93606792e.txt","train"
"train","000833_jpg.rf.026442520a373465f2d8a92d8878431f.jpg","000833_jpg.rf.026442520a373465f2d8a92d8878431f.txt","test"
"train","000940_JPG_jpg.rf.9d2d2edc36acb0a1a850edd799111cf6.jpg","000940_JPG_jpg.rf.9d2d2edc36acb0a1a850edd799111cf6.txt","train"
"train","00002_00056_00027_png.rf.b39018b899934181ffb0d59bd3ca3963.jpg","00002_00056_00027_png.rf.b39018b899934181ffb0d59bd3ca3963.txt","train"
"train","road42_png.rf.6bfd46214568e03a77ccd6614cb9d025.jpg","road42_png.rf.6bfd46214568e03a77ccd6614cb9d025.txt","valid"
"train","road251_png.rf.1c3b2da2eb9f7aa3f87ca9d2c93dc519.jpg","road251_png.rf.1c3b2da2eb9f7aa3f87ca9d2c93dc519.txt","train"
"train","00001_00009_00018_png.rf.aa221dc0ea2a012e0ed44ac5158356ad.jpg","00001_00009_00018_png.rf.aa221dc0ea2a012e0ed44ac5158356ad.txt","train"
"train","road65_png.rf.b21700203a2491fd9becf7830c8acbd6.jpg","road65_png.rf.b21700203a2491fd9becf7830c8acbd6.txt","test"
"train","FisheyeCamera_1_00072_png.rf.8c148aa81a71c07bdb3d65943fa615ab.jpg","FisheyeCamera_1_00072_png.rf.8c148aa81a71c07bdb3d65943fa615ab.txt","train"
"train","00005_00044_00013_png.rf.df42f5369762157d81b75b0984f38dbd.jpg","00005_00044_00013_png.rf.df42f5369762157d81b75b0984f38dbd.txt","valid"
"train","00014_00004_00017_png.rf.821b5924d3454dd5dc27422e5272e917.jpg","00014_00004_00017_png.rf.821b5924d3454dd5dc27422e5272e917.txt","valid"
"train","00000_00001_00001_png.rf.371574125722ec44bd72e697bcd2f29a.jpg","00000_00001_00001_png.rf.371574125722ec44bd72e697bcd2f29a.txt","train"
"train","000273_jpg.rf.a15e9bdfae93dce9141a72cb3d326ae0.jpg","000273_jpg.rf.a15e9bdfae93dce9141a72cb3d326ae0.txt","train"
"train","00008_00031_00015_png.rf.ca3edcab8965962b050575c04f319506.jpg","00008_00031_00015_png.rf.ca3edcab8965962b050575c04f319506.txt","train"
"train","000516_jpg.rf.0fc87ab44915e9a8b817123c554d2949.jpg","000516_jpg.rf.0fc87ab44915e9a8b817123c554d2949.txt","valid"
"train","00005_00056_00013_png.rf.ef2c8071fbb8dcfff3893d2a9cfa4cb0.jpg","00005_00056_00013_png.rf.ef2c8071fbb8dcfff3893d2a9cfa4cb0.txt","train"
"train","002187_jpg.rf.44962732214d4e96be06683b9891813a.jpg","002187_jpg.rf.44962732214d4e96be06683b9891813a.txt","train"
"train","000699_jpg.rf.f2e522e9e4e5889005776682c2ceb4f9.jpg","000699_jpg.rf.f2e522e9e4e5889005776682c2ceb4f9.txt","train"
"train","000782_jpg.rf.8206564cd373523a7b2c287e70c9ba29.jpg","000782_jpg.rf.8206564cd373523a7b2c287e70c9ba29.txt","train"
"train","10e68c49-ad28-48de-b2c6-a7ce3101793b_jpg.rf.4f3da8773120ea783372580c9dddabf6.jpg","10e68c49-ad28-48de-b2c6-a7ce3101793b_jpg.rf.4f3da8773120ea783372580c9dddabf6.txt","train"
"train","road469_png.rf.0f0139c1fcfc2ba0e88576633e6295bb.jpg","road469_png.rf.0f0139c1fcfc2ba0e88576633e6295bb.txt","train"
"train","000362_jpg.rf.9274ab02ee73048e723624fb37d19f9f.jpg","000362_jpg.rf.9274ab02ee73048e723624fb37d19f9f.txt","train"
"train","FisheyeCamera_1_00012_png.rf.6d6f99257ded86bcb51be1cf14788508.jpg","FisheyeCamera_1_00012_png.rf.6d6f99257ded86bcb51be1cf14788508.txt","train"
"train","00000_00000_00018_png.rf.9587cb0d28d3d78592f95ab9c1c951cc.jpg","00000_00000_00018_png.rf.9587cb0d28d3d78592f95ab9c1c951cc.txt","train"
"train","00014_00009_00008_png.rf.d67ebfd993ceb5a1de859346c5c0748a.jpg","00014_00009_00008_png.rf.d67ebfd993ceb5a1de859346c5c0748a.txt","train"
"train","000675_jpg.rf.f6508b8f95a66af11da5f3fe10a0160d.jpg","000675_jpg.rf.f6508b8f95a66af11da5f3fe10a0160d.txt","train"
"train","09282467-3e63-4506-9252-a0fd5b913deb_jpg.rf.3fa440a0ae7189bc7585070ca0353a92.jpg","09282467-3e63-4506-9252-a0fd5b913deb_jpg.rf.3fa440a0ae7189bc7585070ca0353a92.txt","test"
"train","FisheyeCamera_1_00608_png.rf.828a9c2f66fc8bcd74d9a93c58e31008.jpg","FisheyeCamera_1_00608_png.rf.828a9c2f66fc8bcd74d9a93c58e31008.txt","train"
"train","00000_00006_00009_png.rf.8e0523a9df90020588c4c9e08ebb4bd7.jpg","00000_00006_00009_png.rf.8e0523a9df90020588c4c9e08ebb4bd7.txt","test"
"train","00004_00057_00020_png.rf.e3e2e8150fc9af590576777523d1e818.jpg","00004_00057_00020_png.rf.e3e2e8150fc9af590576777523d1e818.txt","train"
"train","000936_JPG_jpg.rf.da84d8f255ed51c8864ac0b26f0e9f69.jpg","000936_JPG_jpg.rf.da84d8f255ed51c8864ac0b26f0e9f69.txt","valid"
"train","FisheyeCamera_1_00220_png.rf.32e0d5050a5db50ec72c876d9742e4e0.jpg","FisheyeCamera_1_00220_png.rf.32e0d5050a5db50ec72c876d9742e4e0.txt","valid"
"train","001609_JPG_jpg.rf.8218a451a71c94ee0f78fe5b801e4e0c.jpg","001609_JPG_jpg.rf.8218a451a71c94ee0f78fe5b801e4e0c.txt","train"
"train","FisheyeCamera_1_00476_png.rf.b88b4929c710e95b76f221f7f5b4aa87.jpg","FisheyeCamera_1_00476_png.rf.b88b4929c710e95b76f221f7f5b4aa87.txt","train"
"train","FisheyeCamera_1_00014_png.rf.f3f5cea21a03336523df56f3f343180d.jpg","FisheyeCamera_1_00014_png.rf.f3f5cea21a03336523df56f3f343180d.txt","train"
"train","00014_00001_00001_png.rf.899756738426e4a467faa84623dedc6b.jpg","00014_00001_00001_png.rf.899756738426e4a467faa84623dedc6b.txt","train"
"train","00000_00002_00007_png.rf.949bc9b9f521e9b694ab1bf454cc3a26.jpg","00000_00002_00007_png.rf.949bc9b9f521e9b694ab1bf454cc3a26.txt","train"
"train","000794_jpg.rf.2bc6d0802bb7ad6e599bab55b09985e6.jpg","000794_jpg.rf.2bc6d0802bb7ad6e599bab55b09985e6.txt","valid"
"train","00014_00002_00003_png.rf.10b5c57ab67c24a0f5611be42815c817.jpg","00014_00002_00003_png.rf.10b5c57ab67c24a0f5611be42815c817.txt","train"
"train","FisheyeCamera_1_00981_png.rf.979d6b8354e4ceae5fe3d9e51e060685.jpg","FisheyeCamera_1_00981_png.rf.979d6b8354e4ceae5fe3d9e51e060685.txt","train"
"train","001027_jpg.rf.74668f5f56c2572b65bb34f99aad2b62.jpg","001027_jpg.rf.74668f5f56c2572b65bb34f99aad2b62.txt","valid"
"train","road314_png.rf.782e5656185d849e7691c23ce1e22f85.jpg","road314_png.rf.782e5656185d849e7691c23ce1e22f85.txt","test"
"train","09a182d9-4038-4896-be3d-538142b8370d_jpg.rf.3a9fd239d638d468620102492a9a6c19.jpg","09a182d9-4038-4896-be3d-538142b8370d_jpg.rf.3a9fd239d638d468620102492a9a6c19.txt","train"
"train","00008_00029_00009_png.rf.e1eaf5f47b41a5bf4b025ea5b0cf8a3e.jpg","00008_00029_00009_png.rf.e1eaf5f47b41a5bf4b025ea5b0cf8a3e.txt","train"
"train","00002_00004_00007_png.rf.062812886e3f111150e8bbc31e804261.jpg","00002_00004_00007_png.rf.062812886e3f111150e8bbc31e804261.txt","train"
"train","road414_png.rf.c421a2118d103b24bbecda44ac6fb99f.jpg","road414_png.rf.c421a2118d103b24bbecda44ac6fb99f.txt","train"
"train","00004_00010_00008_png.rf.9999ffbedb6b3cf4166cf00f89afcb17.jpg","00004_00010_00008_png.rf.9999ffbedb6b3cf4166cf00f89afcb17.txt","train"
"train","00007_00011_00010_png.rf.ab51108836414d2b893c89148fe6ddd9.jpg","00007_00011_00010_png.rf.ab51108836414d2b893c89148fe6ddd9.txt","train"
"train","00008_00014_00012_png.rf.dd73e061d359399bd5274aebc527ee48.jpg","00008_00014_00012_png.rf.dd73e061d359399bd5274aebc527ee48.txt","test"
"train","001049_jpg.rf.f7a1f2706cda1b1076d41a76ba907a68.jpg","001049_jpg.rf.f7a1f2706cda1b1076d41a76ba907a68.txt","train"
"train","000577_jpg.rf.82b4ca3e4cd85547fe608c9f51a0e2aa.jpg","000577_jpg.rf.82b4ca3e4cd85547fe608c9f51a0e2aa.txt","train"
"train","00004_00012_00000_png.rf.5789514c0224bfde48e44dfa6bc3fd06.jpg","00004_00012_00000_png.rf.5789514c0224bfde48e44dfa6bc3fd06.txt","train"
"train","FisheyeCamera_1_00293_png.rf.08c589931fb53705a0e0c7257e204e6f.jpg","FisheyeCamera_1_00293_png.rf.08c589931fb53705a0e0c7257e204e6f.txt","train"
"train","00003_00038_00026_png.rf.f3eb1cfdc4b31085857a0e6bf24e6a29.jpg","00003_00038_00026_png.rf.f3eb1cfdc4b31085857a0e6bf24e6a29.txt","train"
"train","FisheyeCamera_1_00079_png.rf.0d4dfe37bddacd0b6313564081095aac.jpg","FisheyeCamera_1_00079_png.rf.0d4dfe37bddacd0b6313564081095aac.txt","train"
"train","000700_jpg.rf.da9c9b079ec198805098c01d9f767f4e.jpg","000700_jpg.rf.da9c9b079ec198805098c01d9f767f4e.txt","test"
"train","000838_jpg.rf.3359f99356e88cdb6c6bb565dde0cd3f.jpg","000838_jpg.rf.3359f99356e88cdb6c6bb565dde0cd3f.txt","train"
"train","001075_jpg.rf.61555525500a5eee9197a4593d2c87fd.jpg","001075_jpg.rf.61555525500a5eee9197a4593d2c87fd.txt","train"
"train","001085_jpg.rf.d979d3a07104ed1f782e44ebb5abb07b.jpg","001085_jpg.rf.d979d3a07104ed1f782e44ebb5abb07b.txt","train"
"train","road604_png.rf.d829a1861b13498fdd38c0896f355eaf.jpg","road604_png.rf.d829a1861b13498fdd38c0896f355eaf.txt","test"
"train","road316_png.rf.4d69348b0d1ee0ac303d45a31552589a.jpg","road316_png.rf.4d69348b0d1ee0ac303d45a31552589a.txt","train"
"train","00000_00002_00029_png.rf.fd6d60c44762069519cdb3510fba0de4.jpg","00000_00002_00029_png.rf.fd6d60c44762069519cdb3510fba0de4.txt","train"
"train","000080_jpg.rf.a36794b69c7f5c50e87f835da04ed520.jpg","000080_jpg.rf.a36794b69c7f5c50e87f835da04ed520.txt","test"
"train","001231_jpg.rf.5208a8f2ab7831dd86892b1c040b3360.jpg","001231_jpg.rf.5208a8f2ab7831dd86892b1c040b3360.txt","train"
"train","00001_00005_00010_png.rf.f08c74ff10825e13d0d7bdb48cde9a5c.jpg","00001_00005_00010_png.rf.f08c74ff10825e13d0d7bdb48cde9a5c.txt","train"
"train","000079_jpg.rf.55c84b331f0c8152f6d6198e3dcd0598.jpg","000079_jpg.rf.55c84b331f0c8152f6d6198e3dcd0598.txt","test"
"train","road274_png.rf.0b68f1c74efac2b6c41ee91a76f7bf3e.jpg","road274_png.rf.0b68f1c74efac2b6c41ee91a76f7bf3e.txt","train"
"train","road736_png.rf.b9b27300e22358d097ec4e24cffc17b8.jpg","road736_png.rf.b9b27300e22358d097ec4e24cffc17b8.txt","train"
"train","FisheyeCamera_1_00192_png.rf.c9afbbf0aa50b5ef95f4fb64247bf08e.jpg","FisheyeCamera_1_00192_png.rf.c9afbbf0aa50b5ef95f4fb64247bf08e.txt","valid"
"train","00008_00044_00020_png.rf.53c58ff3c13bcda2e89e4d5fa14fdba8.jpg","00008_00044_00020_png.rf.53c58ff3c13bcda2e89e4d5fa14fdba8.txt","valid"
"train","00001_00013_00009_png.rf.1efb57345eeb98409e9adafd19436383.jpg","00001_00013_00009_png.rf.1efb57345eeb98409e9adafd19436383.txt","train"
"train","00014_00007_00021_png.rf.f375d6d67b58c3a83dc756380c370e97.jpg","00014_00007_00021_png.rf.f375d6d67b58c3a83dc756380c370e97.txt","train"
"train","FisheyeCamera_1_00061_png.rf.42b42a2923c9fb0b8996060ed6091a1c.jpg","FisheyeCamera_1_00061_png.rf.42b42a2923c9fb0b8996060ed6091a1c.txt","train"
"train","000696_jpg.rf.ecc18de15b9df82a3898e7ef8fe0880e.jpg","000696_jpg.rf.ecc18de15b9df82a3898e7ef8fe0880e.txt","train"
"train","road789_png.rf.ad9d4601fcdaf2a5a66bea0774c5b0f5.jpg","road789_png.rf.ad9d4601fcdaf2a5a66bea0774c5b0f5.txt","valid"
"train","road438_png.rf.6e75026acda1a6065368eed55bdd15c3.jpg","road438_png.rf.6e75026acda1a6065368eed55bdd15c3.txt","train"
"train","000849_jpg.rf.8373744466fcb7aca56fb1d31dfa6e4d.jpg","000849_jpg.rf.8373744466fcb7aca56fb1d31dfa6e4d.txt","valid"
"train","000428_jpg.rf.cd748afeaf23d3e83d0d8fb68bfab118.jpg","000428_jpg.rf.cd748afeaf23d3e83d0d8fb68bfab118.txt","train"
"train","001226_jpg.rf.c66469fd7035f542d3518ea72b9804f8.jpg","001226_jpg.rf.c66469fd7035f542d3518ea72b9804f8.txt","train"
"train","000030_jpg.rf.05497726d88d8bf68f2232496d9c0a44.jpg","000030_jpg.rf.05497726d88d8bf68f2232496d9c0a44.txt","train"
"train","00002_00006_00029_png.rf.604238cdf9613b72b8bae27bdf11bb18.jpg","00002_00006_00029_png.rf.604238cdf9613b72b8bae27bdf11bb18.txt","valid"
"train","00004_00043_00019_png.rf.eb70db3dd259d63a363a2e3e06140e64.jpg","00004_00043_00019_png.rf.eb70db3dd259d63a363a2e3e06140e64.txt","train"
"train","00008_00006_00015_png.rf.1d9a01558ec111ad81eef8e7e237530b.jpg","00008_00006_00015_png.rf.1d9a01558ec111ad81eef8e7e237530b.txt","train"
"train","00014_00007_00025_png.rf.a2dff9bdabf65f484362a4aafe82e90a.jpg","00014_00007_00025_png.rf.a2dff9bdabf65f484362a4aafe82e90a.txt","train"
"train","road472_png.rf.65ee1047bfda42e21c38a0d56035b70d.jpg","road472_png.rf.65ee1047bfda42e21c38a0d56035b70d.txt","train"
"train","FisheyeCamera_1_00154_png.rf.09d1dad0e09b470deae22d91dc57a4cc.jpg","FisheyeCamera_1_00154_png.rf.09d1dad0e09b470deae22d91dc57a4cc.txt","train"
"train","00002_00013_00003_png.rf.77f72d004dd70b119ec27a6d759740fb.jpg","00002_00013_00003_png.rf.77f72d004dd70b119ec27a6d759740fb.txt","train"
"train","00000_00003_00012_png.rf.652188bc40d33675d458ec3fa6c83962.jpg","00000_00003_00012_png.rf.652188bc40d33675d458ec3fa6c83962.txt","valid"
"train","00000_00003_00009_png.rf.d83ff91b20b698b162e08fadab350560.jpg","00000_00003_00009_png.rf.d83ff91b20b698b162e08fadab350560.txt","train"
"train","road366_png.rf.e8cff8a886ca593ccda205690ab734ea.jpg","road366_png.rf.e8cff8a886ca593ccda205690ab734ea.txt","valid"
"train","00000_00005_00000_png.rf.3c742eeeaf5260e16db57cae304651e0.jpg","00000_00005_00000_png.rf.3c742eeeaf5260e16db57cae304651e0.txt","test"
"train","00003_00035_00020_png.rf.883e57f62476682b3b35320c1c43ef62.jpg","00003_00035_00020_png.rf.883e57f62476682b3b35320c1c43ef62.txt","valid"
"train","road61_png.rf.c8d96e4189381b8e4ed9c34c3dace64c.jpg","road61_png.rf.c8d96e4189381b8e4ed9c34c3dace64c.txt","train"
"train","00002_00057_00021_png.rf.b0346e0aaa95df5afe6285bd8ee5a939.jpg","00002_00057_00021_png.rf.b0346e0aaa95df5afe6285bd8ee5a939.txt","valid"
"train","road612_png.rf.2cc01488756c52a570ebf0270a97ca85.jpg","road612_png.rf.2cc01488756c52a570ebf0270a97ca85.txt","train"
"train","00000_00002_00021_png.rf.bb6d858df8af18ec8d3189b073e69f33.jpg","00000_00002_00021_png.rf.bb6d858df8af18ec8d3189b073e69f33.txt","train"
"train","FisheyeCamera_1_00091_png.rf.8922caed65418dbafcc1b614bf3f44c1.jpg","FisheyeCamera_1_00091_png.rf.8922caed65418dbafcc1b614bf3f44c1.txt","train"
"train","000021_png_jpg.rf.ff86f7bc8a49ffbb2515f4ce2e48a588.jpg","000021_png_jpg.rf.ff86f7bc8a49ffbb2515f4ce2e48a588.txt","train"
"train","FisheyeCamera_1_00318_png.rf.38d088c511731f782022b53bea7a8548.jpg","FisheyeCamera_1_00318_png.rf.38d088c511731f782022b53bea7a8548.txt","train"
"train","road599_png.rf.c535a75f11e06cc35bf31e88da94b7d5.jpg","road599_png.rf.c535a75f11e06cc35bf31e88da94b7d5.txt","valid"
"train","001094_jpg.rf.208871464793c418c739dfc84ab82e5f.jpg","001094_jpg.rf.208871464793c418c739dfc84ab82e5f.txt","train"
"train","000294_jpg.rf.44826ea0f4fab78853d59c169c36b331.jpg","000294_jpg.rf.44826ea0f4fab78853d59c169c36b331.txt","train"
"train","000752_jpg.rf.3c5b444d29f19a62f7387688d150f047.jpg","000752_jpg.rf.3c5b444d29f19a62f7387688d150f047.txt","train"
"train","000042_jpg.rf.bb4904732305a0df230e72c3a5f73d6f.jpg","000042_jpg.rf.bb4904732305a0df230e72c3a5f73d6f.txt","train"
"train","00003_00036_00027_png.rf.2188b0d5a82482f822be312a87713539.jpg","00003_00036_00027_png.rf.2188b0d5a82482f822be312a87713539.txt","train"
"train","00001_00037_00018_png.rf.5c18a3117a074755b67f22ac14bb3c15.jpg","00001_00037_00018_png.rf.5c18a3117a074755b67f22ac14bb3c15.txt","valid"
"train","road730_png.rf.d9a348d86b3d3c897c423bcb583c71bc.jpg","road730_png.rf.d9a348d86b3d3c897c423bcb583c71bc.txt","valid"
"train","00000_00003_00002_png.rf.454111da6db5b3da04cec9e849fd6715.jpg","00000_00003_00002_png.rf.454111da6db5b3da04cec9e849fd6715.txt","valid"
"train","00003_00001_00005_png.rf.cc6fb8b97a9029eb2458b35186ed1d67.jpg","00003_00001_00005_png.rf.cc6fb8b97a9029eb2458b35186ed1d67.txt","valid"
"train","000450_jpg.rf.97d5fd48525d0e8df0049e92142614be.jpg","000450_jpg.rf.97d5fd48525d0e8df0049e92142614be.txt","valid"
"train","road693_png.rf.d0a76223fb7721110aea284584f376db.jpg","road693_png.rf.d0a76223fb7721110aea284584f376db.txt","train"
"train","00001_00020_00012_png.rf.113a692fd9c0c66d94c7bd6ba7fcf928.jpg","00001_00020_00012_png.rf.113a692fd9c0c66d94c7bd6ba7fcf928.txt","valid"
"train","FisheyeCamera_1_00066_png.rf.05bc398bce4ace4f4ff27c90038ed2c0.jpg","FisheyeCamera_1_00066_png.rf.05bc398bce4ace4f4ff27c90038ed2c0.txt","train"
"train","00000_00003_00028_png.rf.6abc654437b4f5bb014142b2135aa7bc.jpg","00000_00003_00028_png.rf.6abc654437b4f5bb014142b2135aa7bc.txt","valid"
"train","00000_00000_00011_png.rf.f4004d47da1fa209a991a7ed877875bb.jpg","00000_00000_00011_png.rf.f4004d47da1fa209a991a7ed877875bb.txt","valid"
"train","b2d02b82-f0a2-4a62-be6d-e875f5034935_jpg.rf.6d36d2d20bb956eb6144a1bd6b878c6a.jpg","b2d02b82-f0a2-4a62-be6d-e875f5034935_jpg.rf.6d36d2d20bb956eb6144a1bd6b878c6a.txt","train"
"train","road666_png.rf.af0612faba9ee47a5a1b281720fd3ea3.jpg","road666_png.rf.af0612faba9ee47a5a1b281720fd3ea3.txt","test"
"train","road555_png.rf.59d00b68fe9f35c2f6aa3d4beb0f4259.jpg","road555_png.rf.59d00b68fe9f35c2f6aa3d4beb0f4259.txt","train"
"train","FisheyeCamera_1_00304_png.rf.7017614862708d0edba8be6c1348f536.jpg","FisheyeCamera_1_00304_png.rf.7017614862708d0edba8be6c1348f536.txt","train"
"train","00000_00003_00027_png.rf.d6fa30f38d42e3919439cafc1396582e.jpg","00000_00003_00027_png.rf.d6fa30f38d42e3919439cafc1396582e.txt","train"
"train","00014_00013_00000_png.rf.31de7eeb7b5ab8a31f59f1d0dfe78db1.jpg","00014_00013_00000_png.rf.31de7eeb7b5ab8a31f59f1d0dfe78db1.txt","test"
"train","000866_JPG_jpg.rf.e1a62814439819562c8853d85956cfee.jpg","000866_JPG_jpg.rf.e1a62814439819562c8853d85956cfee.txt","test"
"train","00005_00013_00014_png.rf.fc7a33a63eef85c18aee65774f0539c9.jpg","00005_00013_00014_png.rf.fc7a33a63eef85c18aee65774f0539c9.txt","train"
"train","00008_00029_00020_png.rf.69c317111c3430b61c933eea753c5caf.jpg","00008_00029_00020_png.rf.69c317111c3430b61c933eea753c5caf.txt","train"
"train","road73_png.rf.c08b52a7fad1c9a7a451ca7f5048d4db.jpg","road73_png.rf.c08b52a7fad1c9a7a451ca7f5048d4db.txt","valid"
"train","00005_00004_00018_png.rf.c7b0b6843f78e42efe55a1dc61b8bc4e.jpg","00005_00004_00018_png.rf.c7b0b6843f78e42efe55a1dc61b8bc4e.txt","train"
"train","road603_png.rf.e1dc7e4fdaff9dbb73cd5a9b0f1d37b4.jpg","road603_png.rf.e1dc7e4fdaff9dbb73cd5a9b0f1d37b4.txt","valid"
"train","00000_00005_00001_png.rf.73c806c0da0373ebc40f74f597095b6e.jpg","00000_00005_00001_png.rf.73c806c0da0373ebc40f74f597095b6e.txt","train"
"train","road542_png.rf.04468f3fc155a10994c92e742a016ee8.jpg","road542_png.rf.04468f3fc155a10994c92e742a016ee8.txt","valid"
"train","000821_jpg.rf.dc0e9821447ee4e23f742773477323b8.jpg","000821_jpg.rf.dc0e9821447ee4e23f742773477323b8.txt","train"
"train","road452_png.rf.8cf7bce5db0735c25f9376ffa130d0e2.jpg","road452_png.rf.8cf7bce5db0735c25f9376ffa130d0e2.txt","train"
"train","road866_png.rf.c3e88af70b25586eda1aa84a77605ac5.jpg","road866_png.rf.c3e88af70b25586eda1aa84a77605ac5.txt","train"
"train","00004_00030_00014_png.rf.b8ec4c29c2fe200f7e7bd077e7ca8354.jpg","00004_00030_00014_png.rf.b8ec4c29c2fe200f7e7bd077e7ca8354.txt","train"
"train","000817_jpg.rf.31e9226306aca208a0a870eb587ce7de.jpg","000817_jpg.rf.31e9226306aca208a0a870eb587ce7de.txt","train"
"train","road261_png.rf.fe1d8cb7efd7ed83bf50ab40e62fc248.jpg","road261_png.rf.fe1d8cb7efd7ed83bf50ab40e62fc248.txt","valid"
"train","000897_JPG_jpg.rf.04652621fe1a96ab8a973e98e6af7318.jpg","000897_JPG_jpg.rf.04652621fe1a96ab8a973e98e6af7318.txt","test"
"train","00002_00000_00023_png.rf.596bf9e620fb484e391c41bccd206ccd.jpg","00002_00000_00023_png.rf.596bf9e620fb484e391c41bccd206ccd.txt","train"
"train","00014_00006_00005_png.rf.11e80c89f01e526b9c784560720be98f.jpg","00014_00006_00005_png.rf.11e80c89f01e526b9c784560720be98f.txt","train"
"train","00000_00000_00023_png.rf.73656384bd52bfd7c13bd72deaab0df0.jpg","00000_00000_00023_png.rf.73656384bd52bfd7c13bd72deaab0df0.txt","valid"
"train","road584_png.rf.87098841077b1088fcce504ac3b59982.jpg","road584_png.rf.87098841077b1088fcce504ac3b59982.txt","train"
"train","000825_jpg.rf.82588ee1ca780a40056406afb335c56a.jpg","000825_jpg.rf.82588ee1ca780a40056406afb335c56a.txt","test"
"train","00003_00010_00019_png.rf.c80639d19888b5fb839dcdd917d10c0f.jpg","00003_00010_00019_png.rf.c80639d19888b5fb839dcdd917d10c0f.txt","valid"
"train","000768_jpg.rf.d793cea32ff6bc436d4588d25fed3af3.jpg","000768_jpg.rf.d793cea32ff6bc436d4588d25fed3af3.txt","train"
"train","00007_00041_00018_png.rf.78fcdd71a3cd0c822381771086e36056.jpg","00007_00041_00018_png.rf.78fcdd71a3cd0c822381771086e36056.txt","train"
"train","00000_00002_00006_png.rf.8fd2108fd078aff6a3eb7584706ac067.jpg","00000_00002_00006_png.rf.8fd2108fd078aff6a3eb7584706ac067.txt","train"
"train","FisheyeCamera_1_01028_png.rf.5c7620d7ce3b6a12afc8ea5993172c43.jpg","FisheyeCamera_1_01028_png.rf.5c7620d7ce3b6a12afc8ea5993172c43.txt","train"
"train","00001_00033_00013_png.rf.51f56bddd0e6778ee527c63a6490af18.jpg","00001_00033_00013_png.rf.51f56bddd0e6778ee527c63a6490af18.txt","test"
"train","road322_png.rf.4bf6e85352fa373a8de30d1b58c8663e.jpg","road322_png.rf.4bf6e85352fa373a8de30d1b58c8663e.txt","test"
"train","FisheyeCamera_1_00149_png.rf.ead719cdfa411eda920321d5c9a66f10.jpg","FisheyeCamera_1_00149_png.rf.ead719cdfa411eda920321d5c9a66f10.txt","valid"
"train","00014_00023_00018_png.rf.458f135df63a04a8484bc13d4cc1bdf4.jpg","00014_00023_00018_png.rf.458f135df63a04a8484bc13d4cc1bdf4.txt","test"
"train","000909_JPG_jpg.rf.550eb8a2b262a06992e879ad435022a6.jpg","000909_JPG_jpg.rf.550eb8a2b262a06992e879ad435022a6.txt","train"
"train","FisheyeCamera_1_00226_png.rf.1f55f181a9953b3def6f49b843395f5e.jpg","FisheyeCamera_1_00226_png.rf.1f55f181a9953b3def6f49b843395f5e.txt","train"
"train","00007_00036_00022_png.rf.29b200a138842c03dc0025a305966b1f.jpg","00007_00036_00022_png.rf.29b200a138842c03dc0025a305966b1f.txt","valid"
"train","road254_png.rf.16819b2104b913c0f11cb4ed5adaff69.jpg","road254_png.rf.16819b2104b913c0f11cb4ed5adaff69.txt","test"
"train","road751_png.rf.79c0e537e6bcc1ef61f80d360674517e.jpg","road751_png.rf.79c0e537e6bcc1ef61f80d360674517e.txt","train"
"train","001686_JPG_jpg.rf.b129b0c8841f0c0f08c5e2f0e8bbecd7.jpg","001686_JPG_jpg.rf.b129b0c8841f0c0f08c5e2f0e8bbecd7.txt","train"
"train","001443_jpg.rf.e7d4461ff5b5a13fa0ea3ca83d5f4569.jpg","001443_jpg.rf.e7d4461ff5b5a13fa0ea3ca83d5f4569.txt","train"
"train","001441_jpg.rf.c2014b3a07de949e3e13e58e35a2fba3.jpg","001441_jpg.rf.c2014b3a07de949e3e13e58e35a2fba3.txt","train"
"train","000604_jpg.rf.e7579d05d40a6929ded2cefbd9b5a3b1.jpg","000604_jpg.rf.e7579d05d40a6929ded2cefbd9b5a3b1.txt","valid"
"train","road828_png.rf.c04b0ff13dc12bb5ace620cad6a423e0.jpg","road828_png.rf.c04b0ff13dc12bb5ace620cad6a423e0.txt","train"
"train","000983_jpg.rf.d1f4a3679c33a2c89d7c8c3aec0835a7.jpg","000983_jpg.rf.d1f4a3679c33a2c89d7c8c3aec0835a7.txt","train"
"train","road631_png.rf.37c2aac41a675549fa1a3c2a05e270e2.jpg","road631_png.rf.37c2aac41a675549fa1a3c2a05e270e2.txt","valid"
"train","00003_00045_00007_png.rf.57d9ec295a77b5b273503dbff04ee6ae.jpg","00003_00045_00007_png.rf.57d9ec295a77b5b273503dbff04ee6ae.txt","train"
"train","00003_00027_00003_png.rf.9ca2bdceee5d7449ea6bdc76a7c1768d.jpg","00003_00027_00003_png.rf.9ca2bdceee5d7449ea6bdc76a7c1768d.txt","train"
"train","road856_png.rf.7b69f85d9e56a19adbd255e77aaa328c.jpg","road856_png.rf.7b69f85d9e56a19adbd255e77aaa328c.txt","test"
"train","FisheyeCamera_1_00018_png.rf.d577c61b33a89067fc686f6ee2f5bfcf.jpg","FisheyeCamera_1_00018_png.rf.d577c61b33a89067fc686f6ee2f5bfcf.txt","valid"
"train","000733_jpg.rf.f4e374e26158d17472ed7a35e2cf5196.jpg","000733_jpg.rf.f4e374e26158d17472ed7a35e2cf5196.txt","train"
"train","00003_00043_00025_png.rf.bb38f7b62cd59d3a031f545db3315409.jpg","00003_00043_00025_png.rf.bb38f7b62cd59d3a031f545db3315409.txt","valid"
"train","FisheyeCamera_1_01052_png.rf.cbc43744cec0dcee00bf5a8c143fddfa.jpg","FisheyeCamera_1_01052_png.rf.cbc43744cec0dcee00bf5a8c143fddfa.txt","train"
"train","00007_00047_00014_png.rf.6a324b2c312c35b038656acec8b37572.jpg","00007_00047_00014_png.rf.6a324b2c312c35b038656acec8b37572.txt","train"
"train","001060_jpg.rf.5efac289d335882d32ad8051cbf0f1c7.jpg","001060_jpg.rf.5efac289d335882d32ad8051cbf0f1c7.txt","valid"
"train","001283_jpg.rf.2aa0bdddf7ac9721a3bc4721e8ba6431.jpg","001283_jpg.rf.2aa0bdddf7ac9721a3bc4721e8ba6431.txt","train"
"train","001210_jpg.rf.55818267a4e43ff7f1bf33f732b03363.jpg","001210_jpg.rf.55818267a4e43ff7f1bf33f732b03363.txt","train"
"train","road475_png.rf.99868226bc7083ea622e5a7c13fd931f.jpg","road475_png.rf.99868226bc7083ea622e5a7c13fd931f.txt","train"
"train","00004_00012_00001_png.rf.cc3ace7306c0763fedb3636b540452af.jpg","00004_00012_00001_png.rf.cc3ace7306c0763fedb3636b540452af.txt","valid"
"train","000346_jpg.rf.40c83c892c1ba671cf9cb2d44a02fec6.jpg","000346_jpg.rf.40c83c892c1ba671cf9cb2d44a02fec6.txt","train"
"train","001963_jpg.rf.c5d2e009d63c55a158f13c605c710584.jpg","001963_jpg.rf.c5d2e009d63c55a158f13c605c710584.txt","valid"
"train","00007_00041_00026_png.rf.14c7c931888da93c215815d48201a491.jpg","00007_00041_00026_png.rf.14c7c931888da93c215815d48201a491.txt","valid"
"train","00002_00027_00022_png.rf.48e28c16f78d8fb5c4014ea8c033886d.jpg","00002_00027_00022_png.rf.48e28c16f78d8fb5c4014ea8c033886d.txt","train"
"train","000814_jpg.rf.3c3cf0574d7a29276728f208834097de.jpg","000814_jpg.rf.3c3cf0574d7a29276728f208834097de.txt","train"
"train","001879_jpg.rf.8be9f55f7cdb6ba97b13d1dc14a01634.jpg","001879_jpg.rf.8be9f55f7cdb6ba97b13d1dc14a01634.txt","train"
"train","FisheyeCamera_1_01106_png.rf.62eb6fd672b02e6462c2486ba3bafe3d.jpg","FisheyeCamera_1_01106_png.rf.62eb6fd672b02e6462c2486ba3bafe3d.txt","train"
"train","00003_00007_00017_png.rf.19a45bcc5a0016eddc1bbc86a3de3e1c.jpg","00003_00007_00017_png.rf.19a45bcc5a0016eddc1bbc86a3de3e1c.txt","train"
"train","FisheyeCamera_1_00578_png.rf.de2371f12fe7e01eb75131b7330418d1.jpg","FisheyeCamera_1_00578_png.rf.de2371f12fe7e01eb75131b7330418d1.txt","train"
"train","FisheyeCamera_1_00025_png.rf.fa70a0b198d17ab4d8fdde35167ec447.jpg","FisheyeCamera_1_00025_png.rf.fa70a0b198d17ab4d8fdde35167ec447.txt","train"
"train","00005_00027_00014_png.rf.07cf1aa23f7ccb9438bdb9c9ee46af6a.jpg","00005_00027_00014_png.rf.07cf1aa23f7ccb9438bdb9c9ee46af6a.txt","train"
"train","00002_00016_00020_png.rf.69e30e13aaf7a74e9fd6d7adeda07f9c.jpg","00002_00016_00020_png.rf.69e30e13aaf7a74e9fd6d7adeda07f9c.txt","train"
"train","FisheyeCamera_1_00108_png.rf.d80f79591a711e75f5015ad80b971877.jpg","FisheyeCamera_1_00108_png.rf.d80f79591a711e75f5015ad80b971877.txt","train"
"train","FisheyeCamera_1_00494_png.rf.8b08c81f0b6a1f0e4ba8065a6f9d2a5f.jpg","FisheyeCamera_1_00494_png.rf.8b08c81f0b6a1f0e4ba8065a6f9d2a5f.txt","train"
"train","00000_00004_00000_png.rf.4cbd5863ff06d6c4432f7c50f5c5d695.jpg","00000_00004_00000_png.rf.4cbd5863ff06d6c4432f7c50f5c5d695.txt","train"
"train","road559_png.rf.ea408fec57ad09c06b68c9eb8ea4d57b.jpg","road559_png.rf.ea408fec57ad09c06b68c9eb8ea4d57b.txt","valid"
"train","00000_00000_00012_png.rf.aff1068149cef8f83a92d565d3adaf95.jpg","00000_00000_00012_png.rf.aff1068149cef8f83a92d565d3adaf95.txt","train"
"train","00003_00030_00010_png.rf.984ebe992d722772b4da6e2a82dfd93d.jpg","00003_00030_00010_png.rf.984ebe992d722772b4da6e2a82dfd93d.txt","train"
"train","00000_00002_00002_png.rf.ba5218aa4e1a64e07b0f4f68d5384063.jpg","00000_00002_00002_png.rf.ba5218aa4e1a64e07b0f4f68d5384063.txt","train"
"train","FisheyeCamera_1_00105_png.rf.13f27edd916cd7c97086976835b3afed.jpg","FisheyeCamera_1_00105_png.rf.13f27edd916cd7c97086976835b3afed.txt","train"
"train","road435_png.rf.6b5d8e3d3c642ab25e7336cb1419bbdc.jpg","road435_png.rf.6b5d8e3d3c642ab25e7336cb1419bbdc.txt","train"
"train","000812_jpg.rf.53480467b0ce8a696df3abdc7d6134a1.jpg","000812_jpg.rf.53480467b0ce8a696df3abdc7d6134a1.txt","train"
"train","road772_png.rf.6e24c1631accac9a29a71730e1912dd1.jpg","road772_png.rf.6e24c1631accac9a29a71730e1912dd1.txt","train"
"train","00014_00006_00004_png.rf.d02a7c7b3ff1e2e1170869641612373a.jpg","00014_00006_00004_png.rf.d02a7c7b3ff1e2e1170869641612373a.txt","train"
"train","00003_00010_00004_png.rf.ea191881a83fa76982fe4edd3091f2a9.jpg","00003_00010_00004_png.rf.ea191881a83fa76982fe4edd3091f2a9.txt","train"
"train","000522_jpg.rf.7ef998fbdcbf8587ad88a7c220325e7f.jpg","000522_jpg.rf.7ef998fbdcbf8587ad88a7c220325e7f.txt","train"
"train","road373_png.rf.818aa6804d136edda467d2ae0ee2fc59.jpg","road373_png.rf.818aa6804d136edda467d2ae0ee2fc59.txt","train"
"train","00000_00003_00001_png.rf.a618469e34a320d203fb21650a1bb05f.jpg","00000_00003_00001_png.rf.a618469e34a320d203fb21650a1bb05f.txt","train"
"train","000562_jpg.rf.3c385bbb115a7f34fa32c6c03f7f5a15.jpg","000562_jpg.rf.3c385bbb115a7f34fa32c6c03f7f5a15.txt","train"
"train","00000_00003_00017_png.rf.c2cce93bf9dbc99fb5c1f0f8266bdf1d.jpg","00000_00003_00017_png.rf.c2cce93bf9dbc99fb5c1f0f8266bdf1d.txt","test"
"train","000406_jpg.rf.90d63dcfff0af1ad7c30b96e7ec21fa2.jpg","000406_jpg.rf.90d63dcfff0af1ad7c30b96e7ec21fa2.txt","train"
"train","road587_png.rf.0a5b44fbddb0a9729df9a96bf480336b.jpg","road587_png.rf.0a5b44fbddb0a9729df9a96bf480336b.txt","test"
"train","00000_00003_00026_png.rf.5399503d47ccbcebcd040a75bd761006.jpg","00000_00003_00026_png.rf.5399503d47ccbcebcd040a75bd761006.txt","train"
"train","00001_00020_00013_png.rf.d7bfa375524e1019aaa564772d787760.jpg","00001_00020_00013_png.rf.d7bfa375524e1019aaa564772d787760.txt","train"
"train","000347_jpg.rf.e0d64f1d46dd14d1fa359fe0d336904d.jpg","000347_jpg.rf.e0d64f1d46dd14d1fa359fe0d336904d.txt","train"
"train","FisheyeCamera_1_00041_png.rf.6f28e87ee0052b12134f9d31a2bd78be.jpg","FisheyeCamera_1_00041_png.rf.6f28e87ee0052b12134f9d31a2bd78be.txt","train"
"train","00008_00012_00010_png.rf.6604e6b7b7e87166613bf42ed6683fd7.jpg","00008_00012_00010_png.rf.6604e6b7b7e87166613bf42ed6683fd7.txt","train"
"train","001633_JPG_jpg.rf.f5ca8c75fdc29c034857b0381f16ae0d.jpg","001633_JPG_jpg.rf.f5ca8c75fdc29c034857b0381f16ae0d.txt","train"
"train","FisheyeCamera_1_00432_png.rf.5be1dac73f7dadf29ce46f928b352351.jpg","FisheyeCamera_1_00432_png.rf.5be1dac73f7dadf29ce46f928b352351.txt","train"
"train","000372_jpg.rf.16443578f6521d2bcc3e47a5b5ef46da.jpg","000372_jpg.rf.16443578f6521d2bcc3e47a5b5ef46da.txt","train"
"train","00008_00004_00013_png.rf.3f4ac93c3065b346771591e771e0aa6d.jpg","00008_00004_00013_png.rf.3f4ac93c3065b346771591e771e0aa6d.txt","valid"
"train","FisheyeCamera_1_01086_png.rf.96c9925f4d9e4147a62d31d0d6130cc9.jpg","FisheyeCamera_1_01086_png.rf.96c9925f4d9e4147a62d31d0d6130cc9.txt","test"
"train","FisheyeCamera_1_00081_png.rf.b29fb3bbf2d6f24bb9c021e9887cc758.jpg","FisheyeCamera_1_00081_png.rf.b29fb3bbf2d6f24bb9c021e9887cc758.txt","train"
"train","FisheyeCamera_1_00266_png.rf.5f4d5b02b806b3140cc41f012d049141.jpg","FisheyeCamera_1_00266_png.rf.5f4d5b02b806b3140cc41f012d049141.txt","train"
"train","road628_png.rf.6a8cf67f0cec6c6ece424fa6e7ca1d35.jpg","road628_png.rf.6a8cf67f0cec6c6ece424fa6e7ca1d35.txt","train"
"train","000765_jpg.rf.2b11517dd2eb0f75f85e8cdd9a197ede.jpg","000765_jpg.rf.2b11517dd2eb0f75f85e8cdd9a197ede.txt","train"
"train","00003_00003_00006_png.rf.c950f9b6ffd8ead8f75dd21536755f6d.jpg","00003_00003_00006_png.rf.c950f9b6ffd8ead8f75dd21536755f6d.txt","train"
"train","road797_png.rf.8a4265228543d52fe9402c5f10471c0e.jpg","road797_png.rf.8a4265228543d52fe9402c5f10471c0e.txt","train"
"train","00000_00002_00025_png.rf.26a94618cc6e64a9d35456d61ff79057.jpg","00000_00002_00025_png.rf.26a94618cc6e64a9d35456d61ff79057.txt","train"
"train","FisheyeCamera_1_00332_png.rf.6271ec0b4803fad56dd16b823de3e57b.jpg","FisheyeCamera_1_00332_png.rf.6271ec0b4803fad56dd16b823de3e57b.txt","train"
"train","00001_00040_00008_png.rf.1cac1e8dd242141929551c50c88c429f.jpg","00001_00040_00008_png.rf.1cac1e8dd242141929551c50c88c429f.txt","valid"
"train","00004_00059_00006_png.rf.c68e90ce3f1e02c81f0714e4df6bc818.jpg","00004_00059_00006_png.rf.c68e90ce3f1e02c81f0714e4df6bc818.txt","train"
"train","FisheyeCamera_1_00976_png.rf.2220a3a12820d5b7c9d88e166e20acff.jpg","FisheyeCamera_1_00976_png.rf.2220a3a12820d5b7c9d88e166e20acff.txt","train"
"train","FisheyeCamera_1_00205_png.rf.395db60bcdeec0d457a3463dde4dd10c.jpg","FisheyeCamera_1_00205_png.rf.395db60bcdeec0d457a3463dde4dd10c.txt","train"
"train","00008_00007_00016_png.rf.2abb863be74219623084388d68cbc9dc.jpg","00008_00007_00016_png.rf.2abb863be74219623084388d68cbc9dc.txt","train"
"train","FisheyeCamera_1_01090_png.rf.be8f897a001202350ffb8420e5980354.jpg","FisheyeCamera_1_01090_png.rf.be8f897a001202350ffb8420e5980354.txt","test"
"train","00001_00030_00007_png.rf.ac143907a4c9c1cd8d067cb530db405a.jpg","00001_00030_00007_png.rf.ac143907a4c9c1cd8d067cb530db405a.txt","valid"
"train","00014_00009_00024_png.rf.996480d685cfe55e49a8d99482eae440.jpg","00014_00009_00024_png.rf.996480d685cfe55e49a8d99482eae440.txt","train"
"train","FisheyeCamera_1_00379_png.rf.f65b4c33a714bdecb71166a7f15b0e38.jpg","FisheyeCamera_1_00379_png.rf.f65b4c33a714bdecb71166a7f15b0e38.txt","train"
"train","00005_00013_00023_png.rf.9f0fc5c945ce318724128c7a91056a23.jpg","00005_00013_00023_png.rf.9f0fc5c945ce318724128c7a91056a23.txt","valid"
"train","00007_00010_00024_png.rf.42f17f30aa219c3971bdcd9d4e065018.jpg","00007_00010_00024_png.rf.42f17f30aa219c3971bdcd9d4e065018.txt","train"
"train","00004_00004_00009_png.rf.8ce30a1d334c2cc0b405876d3e0d1122.jpg","00004_00004_00009_png.rf.8ce30a1d334c2cc0b405876d3e0d1122.txt","test"
"train","000423_jpg.rf.05e61290bf9c231ed2fe703290652cc5.jpg","000423_jpg.rf.05e61290bf9c231ed2fe703290652cc5.txt","train"
"train","FisheyeCamera_1_00008_png.rf.57210959873ecfdc60461c627ea61964.jpg","FisheyeCamera_1_00008_png.rf.57210959873ecfdc60461c627ea61964.txt","train"
"train","000736_jpg.rf.9455e72c8bcd74df508c9976801e8004.jpg","000736_jpg.rf.9455e72c8bcd74df508c9976801e8004.txt","test"
"train","00000_00003_00020_png.rf.4c9b4a4b8ca54cff5997e57536509798.jpg","00000_00003_00020_png.rf.4c9b4a4b8ca54cff5997e57536509798.txt","train"
"train","001496_jpg.rf.539b8e5f9db719980c5a656426fe5fba.jpg","001496_jpg.rf.539b8e5f9db719980c5a656426fe5fba.txt","train"
"train","00000_00004_00012_png.rf.bd8a3f677c158cb0064361060dbbd79f.jpg","00000_00004_00012_png.rf.bd8a3f677c158cb0064361060dbbd79f.txt","train"
"train","000281_jpg.rf.b28f52aac76eee5982b964096bb79f8b.jpg","000281_jpg.rf.b28f52aac76eee5982b964096bb79f8b.txt","train"
"train","000000_jpg.rf.44501c25021b16e23472dab783453304.jpg","000000_jpg.rf.44501c25021b16e23472dab783453304.txt","train"
"train","road398_png.rf.d7f6ee6d2fc3d8ec2e80945c3f171324.jpg","road398_png.rf.d7f6ee6d2fc3d8ec2e80945c3f171324.txt","train"
"train","FisheyeCamera_1_00126_png.rf.df39c586b0e44ab8f9fe721bc7dea188.jpg","FisheyeCamera_1_00126_png.rf.df39c586b0e44ab8f9fe721bc7dea188.txt","train"
"train","000212_jpg.rf.5efd1a8ad8184f3f863ac864ea15a94a.jpg","000212_jpg.rf.5efd1a8ad8184f3f863ac864ea15a94a.txt","train"
"train","000967_jpg.rf.25805965fab5b59acd7b5faf148d9646.jpg","000967_jpg.rf.25805965fab5b59acd7b5faf148d9646.txt","test"
"train","001610_JPG_jpg.rf.1e5829f21466b53e883ab6cee3ccc0cd.jpg","001610_JPG_jpg.rf.1e5829f21466b53e883ab6cee3ccc0cd.txt","train"
"train","000636_jpg.rf.e8c0025f29c02ec43e3f9c8ce32319dd.jpg","000636_jpg.rf.e8c0025f29c02ec43e3f9c8ce32319dd.txt","train"
"train","000809_jpg.rf.1431e13bb1446f8646fde99d495b0c99.jpg","000809_jpg.rf.1431e13bb1446f8646fde99d495b0c99.txt","test"
"train","000860_JPG_jpg.rf.c60b592250753a4b8a858cbfc8a29b4a.jpg","000860_JPG_jpg.rf.c60b592250753a4b8a858cbfc8a29b4a.txt","train"
"train","FisheyeCamera_1_00195_png.rf.9807fbcd6d4d9c313f44fb6b7787c322.jpg","FisheyeCamera_1_00195_png.rf.9807fbcd6d4d9c313f44fb6b7787c322.txt","train"
"train","001082_jpg.rf.68938d141e977287aa1a2194d8003954.jpg","001082_jpg.rf.68938d141e977287aa1a2194d8003954.txt","test"
"train","00002_00004_00008_png.rf.36e37b011ed43b86e46a4e9ceada1ee1.jpg","00002_00004_00008_png.rf.36e37b011ed43b86e46a4e9ceada1ee1.txt","train"
"train","001291_jpg.rf.5ad6968d8aacf242ace442c81ca0c90d.jpg","001291_jpg.rf.5ad6968d8aacf242ace442c81ca0c90d.txt","test"
"train","00014_00023_00007_png.rf.f0acbae64a9a91070d1e5268da88d91a.jpg","00014_00023_00007_png.rf.f0acbae64a9a91070d1e5268da88d91a.txt","train"
"train","00001_00025_00011_png.rf.87e43864144fc44194d5065d9a22cfdb.jpg","00001_00025_00011_png.rf.87e43864144fc44194d5065d9a22cfdb.txt","train"
"train","22c764bc-54b9-4547-8aaf-26b082d54fc5_jpg.rf.54502a741d3ce9df23f2e6b94a15cd30.jpg","22c764bc-54b9-4547-8aaf-26b082d54fc5_jpg.rf.54502a741d3ce9df23f2e6b94a15cd30.txt","train"
"train","00004_00060_00007_png.rf.e7852c8ea29b0d2e7b5074aae5315faa.jpg","00004_00060_00007_png.rf.e7852c8ea29b0d2e7b5074aae5315faa.txt","train"
"train","00004_00046_00025_png.rf.3f4071db6280f9e2dea233d3905b21d4.jpg","00004_00046_00025_png.rf.3f4071db6280f9e2dea233d3905b21d4.txt","train"
"train","00002_00017_00018_png.rf.7ed6cd6cde76a14184d903b96924ecd1.jpg","00002_00017_00018_png.rf.7ed6cd6cde76a14184d903b96924ecd1.txt","valid"
"train","road56_png.rf.513285f2610099728fa38a892c2c231c.jpg","road56_png.rf.513285f2610099728fa38a892c2c231c.txt","train"
"train","00000_00001_00013_png.rf.5e107c24ee5635eeb2abd09540109cf7.jpg","00000_00001_00013_png.rf.5e107c24ee5635eeb2abd09540109cf7.txt","train"
"train","FisheyeCamera_1_00436_png.rf.f851422775bff70a05c72c3cacdca9eb.jpg","FisheyeCamera_1_00436_png.rf.f851422775bff70a05c72c3cacdca9eb.txt","train"
"train","FisheyeCamera_1_00235_png.rf.790c274692d0655fd2dca29c860bfd2d.jpg","FisheyeCamera_1_00235_png.rf.790c274692d0655fd2dca29c860bfd2d.txt","train"
"train","000850_JPG_jpg.rf.bac1ea92f670a14c4763da914d7ce7f9.jpg","000850_JPG_jpg.rf.bac1ea92f670a14c4763da914d7ce7f9.txt","train"
"train","00014_00005_00017_png.rf.1a0dde3fecc7c1a4f82432ccd2215570.jpg","00014_00005_00017_png.rf.1a0dde3fecc7c1a4f82432ccd2215570.txt","train"
"train","000396_jpg.rf.e76822dfb71779af4f912422780050f9.jpg","000396_jpg.rf.e76822dfb71779af4f912422780050f9.txt","train"
"train","road427_png.rf.3a1975e35e8f3ae9ebf0ca2e620c0389.jpg","road427_png.rf.3a1975e35e8f3ae9ebf0ca2e620c0389.txt","valid"
"train","FisheyeCamera_1_00457_png.rf.51441dc12b41b9f874749e282100af32.jpg","FisheyeCamera_1_00457_png.rf.51441dc12b41b9f874749e282100af32.txt","train"
"train","000465_jpg.rf.db07eea4e56a85207a8d61b394015bc0.jpg","000465_jpg.rf.db07eea4e56a85207a8d61b394015bc0.txt","train"
"train","000539_jpg.rf.57bf0cad3681f274111661127e8adb26.jpg","000539_jpg.rf.57bf0cad3681f274111661127e8adb26.txt","train"
"train","000775_jpg.rf.df44b66c3d1a94b0837c3308630b7503.jpg","000775_jpg.rf.df44b66c3d1a94b0837c3308630b7503.txt","train"
"train","001242_jpg.rf.af460c6021a6a96e53d982ad55fea3ea.jpg","001242_jpg.rf.af460c6021a6a96e53d982ad55fea3ea.txt","train"
"train","00005_00029_00023_png.rf.7ac91d6c3c717d7543edc8144a09a256.jpg","00005_00029_00023_png.rf.7ac91d6c3c717d7543edc8144a09a256.txt","train"
"train","00001_00029_00012_png.rf.9075b43282998e0ca0e3521899b1e951.jpg","00001_00029_00012_png.rf.9075b43282998e0ca0e3521899b1e951.txt","train"
"train","000284_jpg.rf.a411b6e75bd827ac1e099192571616d7.jpg","000284_jpg.rf.a411b6e75bd827ac1e099192571616d7.txt","train"
"train","road51_png.rf.364d6cb735b7e0eaaf502153daefbef9.jpg","road51_png.rf.364d6cb735b7e0eaaf502153daefbef9.txt","test"
"train","000925_jpg.rf.79f2cce2b81c6c7774a0a7f9710e8dea.jpg","000925_jpg.rf.79f2cce2b81c6c7774a0a7f9710e8dea.txt","train"
"train","00003_00012_00029_png.rf.f17139119e0afe7cc138230860a213de.jpg","00003_00012_00029_png.rf.f17139119e0afe7cc138230860a213de.txt","valid"
"train","00004_00027_00002_png.rf.8ae59899e65ee0b08ee1a9d1a3362fb9.jpg","00004_00027_00002_png.rf.8ae59899e65ee0b08ee1a9d1a3362fb9.txt","train"
"train","001017_jpg.rf.53502dc98c04b510bb16056ce6617d0c.jpg","001017_jpg.rf.53502dc98c04b510bb16056ce6617d0c.txt","train"
"train","000309_jpg.rf.27d2fa50d1d9a50e2acac6f3f0dbea37.jpg","000309_jpg.rf.27d2fa50d1d9a50e2acac6f3f0dbea37.txt","train"
"train","00000_00005_00013_png.rf.b588526852a08a986aa4f179ee993c69.jpg","00000_00005_00013_png.rf.b588526852a08a986aa4f179ee993c69.txt","train"
"train","road602_png.rf.85856dd240f83e7668e508ac8c9cb77a.jpg","road602_png.rf.85856dd240f83e7668e508ac8c9cb77a.txt","valid"
"train","00007_00041_00013_png.rf.6ebe9752650464c9882fcc923e329d2c.jpg","00007_00041_00013_png.rf.6ebe9752650464c9882fcc923e329d2c.txt","train"
"train","00014_00005_00004_png.rf.aa6ca8cf4f1dcf93de31d6bdb60148de.jpg","00014_00005_00004_png.rf.aa6ca8cf4f1dcf93de31d6bdb60148de.txt","test"
"train","00014_00013_00005_png.rf.ee5dbeb27c975f084492c2a52172ab1d.jpg","00014_00013_00005_png.rf.ee5dbeb27c975f084492c2a52172ab1d.txt","valid"
"train","FisheyeCamera_1_00106_png.rf.0bcf7c47bf42ae1517ddba825d53cc4b.jpg","FisheyeCamera_1_00106_png.rf.0bcf7c47bf42ae1517ddba825d53cc4b.txt","train"
"train","001080_jpg.rf.2c7ef8eba7c4cc2845e458559cc3d259.jpg","001080_jpg.rf.2c7ef8eba7c4cc2845e458559cc3d259.txt","valid"
"train","00014_00023_00006_png.rf.89227a2f495351ebb8133a6d5541285f.jpg","00014_00023_00006_png.rf.89227a2f495351ebb8133a6d5541285f.txt","train"
"train","00008_00011_00020_png.rf.f8ce04c3cf043fa4a5b975dd86b03e13.jpg","00008_00011_00020_png.rf.f8ce04c3cf043fa4a5b975dd86b03e13.txt","train"
"train","00005_00019_00007_png.rf.9409921af32e8d747bbb8e02007a79a2.jpg","00005_00019_00007_png.rf.9409921af32e8d747bbb8e02007a79a2.txt","train"
"train","road508_png.rf.aa8176431aac3c0d2137041f6e8a3f02.jpg","road508_png.rf.aa8176431aac3c0d2137041f6e8a3f02.txt","train"
"train","000248_jpg.rf.e7a04c624925c18dc5b44ecfe6de8123.jpg","000248_jpg.rf.e7a04c624925c18dc5b44ecfe6de8123.txt","train"
"train","00008_00012_00007_png.rf.5f931d954698af8135739179f1775381.jpg","00008_00012_00007_png.rf.5f931d954698af8135739179f1775381.txt","train"
"train","000776_jpg.rf.c2f241e6dad296be79c1fc0ced237b25.jpg","000776_jpg.rf.c2f241e6dad296be79c1fc0ced237b25.txt","train"
"train","000641_jpg.rf.3a93bfbc39fda3aca0e1ebafe62aa7e0.jpg","000641_jpg.rf.3a93bfbc39fda3aca0e1ebafe62aa7e0.txt","train"
"train","000529_jpg.rf.9421a94afb4a731ba09707ce1a472722.jpg","000529_jpg.rf.9421a94afb4a731ba09707ce1a472722.txt","train"
"train","00005_00013_00006_png.rf.d2e91afadeecffa3e178c30a0a5d8543.jpg","00005_00013_00006_png.rf.d2e91afadeecffa3e178c30a0a5d8543.txt","valid"
"train","00000_00004_00028_png.rf.72a39a7cba5dded9dd8b2b85a78e29e3.jpg","00000_00004_00028_png.rf.72a39a7cba5dded9dd8b2b85a78e29e3.txt","train"
"train","00004_00022_00002_png.rf.91e972e779cec5efb59c835ec1eb4836.jpg","00004_00022_00002_png.rf.91e972e779cec5efb59c835ec1eb4836.txt","train"
"train","00014_00018_00010_png.rf.a71b60455655576081fbabec7eeb58b0.jpg","00014_00018_00010_png.rf.a71b60455655576081fbabec7eeb58b0.txt","train"
"train","00000_00000_00028_png.rf.28f6a4aef8bb9897be7b8618a725ceed.jpg","00000_00000_00028_png.rf.28f6a4aef8bb9897be7b8618a725ceed.txt","valid"
"train","001466_jpg.rf.ceba33865b6bd8b55745a7daa51209ab.jpg","001466_jpg.rf.ceba33865b6bd8b55745a7daa51209ab.txt","train"
"train","000314_jpg.rf.878118fe58679620064f9b74e3b12188.jpg","000314_jpg.rf.878118fe58679620064f9b74e3b12188.txt","train"
"train","000269_jpg.rf.a0a2703e38f749e02b940ad498338dbc.jpg","000269_jpg.rf.a0a2703e38f749e02b940ad498338dbc.txt","valid"
"train","000997_jpg.rf.efff188fda1df6162a04d94d01d93992.jpg","000997_jpg.rf.efff188fda1df6162a04d94d01d93992.txt","train"
"train","road765_png.rf.19de252fd308a1bd8e3d6c7fbdc58e67.jpg","road765_png.rf.19de252fd308a1bd8e3d6c7fbdc58e67.txt","train"
"train","00014_00004_00002_png.rf.8382b193ce174aace8fc7e1e9ad18c18.jpg","00014_00004_00002_png.rf.8382b193ce174aace8fc7e1e9ad18c18.txt","train"
"train","000443_jpg.rf.6fea041fae64dab57d032d6d4d639d54.jpg","000443_jpg.rf.6fea041fae64dab57d032d6d4d639d54.txt","test"
"train","000583_jpg.rf.53745371d2109b00e47bd61b4064ad44.jpg","000583_jpg.rf.53745371d2109b00e47bd61b4064ad44.txt","train"
"train","road484_png.rf.c469fc08dbb39f59808cd9b20e5e500f.jpg","road484_png.rf.c469fc08dbb39f59808cd9b20e5e500f.txt","valid"
"train","000730_jpg.rf.415619e700279a19141aceb2f68a70be.jpg","000730_jpg.rf.415619e700279a19141aceb2f68a70be.txt","train"
"train","FisheyeCamera_1_00467_png.rf.5e32c9730e14f8b4b7f284c848addc42.jpg","FisheyeCamera_1_00467_png.rf.5e32c9730e14f8b4b7f284c848addc42.txt","train"
"train","000048_jpg.rf.f26cdcfe4bf59a45a296de67ee52e5f5.jpg","000048_jpg.rf.f26cdcfe4bf59a45a296de67ee52e5f5.txt","train"
"train","000333_jpg.rf.be20071b7941d1402134ad9ef17ccec0.jpg","000333_jpg.rf.be20071b7941d1402134ad9ef17ccec0.txt","train"
"train","000828_jpg.rf.be7b972944b7072d6a9523e3d0678e91.jpg","000828_jpg.rf.be7b972944b7072d6a9523e3d0678e91.txt","train"
"train","000315_jpg.rf.ef1a97a969956c9a312e238b74b156b2.jpg","000315_jpg.rf.ef1a97a969956c9a312e238b74b156b2.txt","train"
"train","00014_00008_00008_png.rf.4bb5b5ddaf5524351c9ab23f4355c696.jpg","00014_00008_00008_png.rf.4bb5b5ddaf5524351c9ab23f4355c696.txt","train"
"train","00002_00051_00003_png.rf.33918c6c4efc027a52906f14362ad27d.jpg","00002_00051_00003_png.rf.33918c6c4efc027a52906f14362ad27d.txt","train"
"train","000225_jpg.rf.67c62c62ae8898cf840e1ccf47d4cfbd.jpg","000225_jpg.rf.67c62c62ae8898cf840e1ccf47d4cfbd.txt","train"
"train","001682_JPG_jpg.rf.178539a50b6552b8810037afca2ce7be.jpg","001682_JPG_jpg.rf.178539a50b6552b8810037afca2ce7be.txt","train"
"train","14352fa8-7a08-4804-b2b6-180ce0d0bd7f_jpg.rf.496098d844fe9f3dc148020da3f2132e.jpg","14352fa8-7a08-4804-b2b6-180ce0d0bd7f_jpg.rf.496098d844fe9f3dc148020da3f2132e.txt","train"
"train","00000_00000_00000_png.rf.e284a10001888c5cc548fe74c5b5329f.jpg","00000_00000_00000_png.rf.e284a10001888c5cc548fe74c5b5329f.txt","train"
"train","00004_00050_00011_png.rf.fc8e33477f901fdde0d24e6207cd5ecf.jpg","00004_00050_00011_png.rf.fc8e33477f901fdde0d24e6207cd5ecf.txt","train"
"train","00000_00004_00003_png.rf.1c2c5366bbbb14364dbfa889b2d511c2.jpg","00000_00004_00003_png.rf.1c2c5366bbbb14364dbfa889b2d511c2.txt","train"
"train","FisheyeCamera_1_00044_png.rf.278a2176e2e57d01f62da05605db7eec.jpg","FisheyeCamera_1_00044_png.rf.278a2176e2e57d01f62da05605db7eec.txt","train"
"train","00004_00052_00006_png.rf.7f54cd473fd0e6011d906d76432dcdf4.jpg","00004_00052_00006_png.rf.7f54cd473fd0e6011d906d76432dcdf4.txt","test"
"train","000056_jpg.rf.2f3521ad65fd4c9f414ace16a777acd6.jpg","000056_jpg.rf.2f3521ad65fd4c9f414ace16a777acd6.txt","valid"
"train","00005_00044_00012_png.rf.fb68052d1ae6826881c58cf01989de25.jpg","00005_00044_00012_png.rf.fb68052d1ae6826881c58cf01989de25.txt","valid"
"train","001299_jpg.rf.c594485ed40375d57d03607c1227ea56.jpg","001299_jpg.rf.c594485ed40375d57d03607c1227ea56.txt","train"
"train","000690_jpg.rf.1251345bf13ae7ae31bbd242f5b4fee1.jpg","000690_jpg.rf.1251345bf13ae7ae31bbd242f5b4fee1.txt","train"
"train","FisheyeCamera_1_00074_png.rf.1a6c575207ca93092dced50d97a8b95a.jpg","FisheyeCamera_1_00074_png.rf.1a6c575207ca93092dced50d97a8b95a.txt","train"
"train","000852_jpg.rf.a68bb3f59673adc6a2f0d85a9acc4732.jpg","000852_jpg.rf.a68bb3f59673adc6a2f0d85a9acc4732.txt","valid"
"train","00014_00006_00024_png.rf.81a3bff468f05c0a580032bf4ab4078f.jpg","00014_00006_00024_png.rf.81a3bff468f05c0a580032bf4ab4078f.txt","valid"
"train","road281_png.rf.f11c578abb4505db99905002e5464069.jpg","road281_png.rf.f11c578abb4505db99905002e5464069.txt","train"
"train","road387_png.rf.180892efc621192331488c577fd6020f.jpg","road387_png.rf.180892efc621192331488c577fd6020f.txt","train"
"train","001018_jpg.rf.6279f3255f71edf6dbc6ee96c7039604.jpg","001018_jpg.rf.6279f3255f71edf6dbc6ee96c7039604.txt","train"
"train","road419_png.rf.5d9c9f16cebc2794ac7d897a885eef35.jpg","road419_png.rf.5d9c9f16cebc2794ac7d897a885eef35.txt","train"
"train","00014_00009_00021_png.rf.7c1bb527fa21637fdab52e870faf7931.jpg","00014_00009_00021_png.rf.7c1bb527fa21637fdab52e870faf7931.txt","valid"
"train","road548_png.rf.b950a546aabf662ceed3b01838e48bc6.jpg","road548_png.rf.b950a546aabf662ceed3b01838e48bc6.txt","train"
"train","000217_jpg.rf.e3045edbf17117e1d4500b82e2db9dc1.jpg","000217_jpg.rf.e3045edbf17117e1d4500b82e2db9dc1.txt","train"
"train","road287_png.rf.14c21968a99ed2b48eb424e548963809.jpg","road287_png.rf.14c21968a99ed2b48eb424e548963809.txt","valid"
"train","000587_jpg.rf.d978ed1b9b0f2913308afa68e7b67fa4.jpg","000587_jpg.rf.d978ed1b9b0f2913308afa68e7b67fa4.txt","train"
"train","000157_jpg.rf.c24d16cc5b338aee936d623d58066b34.jpg","000157_jpg.rf.c24d16cc5b338aee936d623d58066b34.txt","train"
"train","000815_jpg.rf.7b4ec309e93f98db4039af79d37f00b8.jpg","000815_jpg.rf.7b4ec309e93f98db4039af79d37f00b8.txt","test"
"train","00008_00011_00003_png.rf.49e6ee7575cd272aa751f267e2cef9cf.jpg","00008_00011_00003_png.rf.49e6ee7575cd272aa751f267e2cef9cf.txt","train"
"train","00007_00017_00021_png.rf.62b0664a154593b61b9fd2d3dcb52168.jpg","00007_00017_00021_png.rf.62b0664a154593b61b9fd2d3dcb52168.txt","valid"
"train","FisheyeCamera_1_00317_png.rf.5c7ff8e24650d44b2a9c2307059f5082.jpg","FisheyeCamera_1_00317_png.rf.5c7ff8e24650d44b2a9c2307059f5082.txt","train"
"train","FisheyeCamera_1_00010_png.rf.9d1b7b53b8e43917dc8dbd9fb357c65b.jpg","FisheyeCamera_1_00010_png.rf.9d1b7b53b8e43917dc8dbd9fb357c65b.txt","train"
"train","road490_png.rf.a1c7be0da21bd81e9745a42b49244630.jpg","road490_png.rf.a1c7be0da21bd81e9745a42b49244630.txt","test"
"train","00005_00013_00011_png.rf.b2498463546122e48ac069621ca23e00.jpg","00005_00013_00011_png.rf.b2498463546122e48ac069621ca23e00.txt","train"
"train","FisheyeCamera_1_00226_png.rf.b1701326d922bb9304024f7977dedc09.jpg","FisheyeCamera_1_00226_png.rf.b1701326d922bb9304024f7977dedc09.txt","valid"
"train","00008_00011_00008_png.rf.f97ff507a78818db6c3334e9b98b61aa.jpg","00008_00011_00008_png.rf.f97ff507a78818db6c3334e9b98b61aa.txt","train"
"train","00003_00045_00012_png.rf.c6e8179f76b7f36d6090e2564d0b2861.jpg","00003_00045_00012_png.rf.c6e8179f76b7f36d6090e2564d0b2861.txt","train"
"train","00014_00003_00005_png.rf.ca897cce6b2230b67c06fba62a1bedde.jpg","00014_00003_00005_png.rf.ca897cce6b2230b67c06fba62a1bedde.txt","train"
"train","00014_00007_00020_png.rf.fb9874005c5aa23d7c648d2f87ae032e.jpg","00014_00007_00020_png.rf.fb9874005c5aa23d7c648d2f87ae032e.txt","train"
"train","00000_00006_00016_png.rf.fd233ba51253277a7496e28c1198e18a.jpg","00000_00006_00016_png.rf.fd233ba51253277a7496e28c1198e18a.txt","train"
"train","00014_00006_00018_png.rf.bd528d72b5cb55cdae2db76b2e78498c.jpg","00014_00006_00018_png.rf.bd528d72b5cb55cdae2db76b2e78498c.txt","train"
"train","FisheyeCamera_1_00170_png.rf.aefd1f94377b3cfabefb33f20d15e9f5.jpg","FisheyeCamera_1_00170_png.rf.aefd1f94377b3cfabefb33f20d15e9f5.txt","train"
"train","001281_jpg.rf.df30c2a6817460c6c303b93bc0514ce2.jpg","001281_jpg.rf.df30c2a6817460c6c303b93bc0514ce2.txt","test"
"train","00008_00019_00004_png.rf.cf30fbaef9458f1253aff1a5fdad60e0.jpg","00008_00019_00004_png.rf.cf30fbaef9458f1253aff1a5fdad60e0.txt","test"
"train","000802_jpg.rf.a00e1f5824fac0f4478b4809db86309c.jpg","000802_jpg.rf.a00e1f5824fac0f4478b4809db86309c.txt","train"
"train","00000_00000_00025_png.rf.d0d9449af52dd527138ba39745c97978.jpg","00000_00000_00025_png.rf.d0d9449af52dd527138ba39745c97978.txt","train"
"train","1120f8cc-6c68-4dbe-b60d-d5612330fe58_jpg.rf.0c67b4c872b23853831baca1ffc3af18.jpg","1120f8cc-6c68-4dbe-b60d-d5612330fe58_jpg.rf.0c67b4c872b23853831baca1ffc3af18.txt","train"
"train","00002_00060_00002_png.rf.7db0bea8db8842ee205c973aea40bcc5.jpg","00002_00060_00002_png.rf.7db0bea8db8842ee205c973aea40bcc5.txt","valid"
"train","f1c2ba6f-4b0c-4bd6-b159-5ad51cd670df_jpg.rf.d1cf8385c70014aa5bb1b792fe03336f.jpg","f1c2ba6f-4b0c-4bd6-b159-5ad51cd670df_jpg.rf.d1cf8385c70014aa5bb1b792fe03336f.txt","train"
"train","FisheyeCamera_1_01017_png.rf.1782d0cbac38bf8ef07daf60bf7cabdc.jpg","FisheyeCamera_1_01017_png.rf.1782d0cbac38bf8ef07daf60bf7cabdc.txt","train"
"train","001098_jpg.rf.6451dc55c9be24f8fd12e19f022488f5.jpg","001098_jpg.rf.6451dc55c9be24f8fd12e19f022488f5.txt","valid"
"train","00003_00003_00010_png.rf.e29efaa6148016c538ebd60902a9ef0a.jpg","00003_00003_00010_png.rf.e29efaa6148016c538ebd60902a9ef0a.txt","train"
"train","00014_00007_00010_png.rf.124a13aa41ea80f6c25b2d4e2ff87047.jpg","00014_00007_00010_png.rf.124a13aa41ea80f6c25b2d4e2ff87047.txt","valid"
"train","001693_JPG_jpg.rf.2d11caca1c052dd9da10506c01acf779.jpg","001693_JPG_jpg.rf.2d11caca1c052dd9da10506c01acf779.txt","test"
"train","00014_00008_00025_png.rf.dd2dbe5920f75dd8d9490c0a5179898a.jpg","00014_00008_00025_png.rf.dd2dbe5920f75dd8d9490c0a5179898a.txt","valid"
"train","road778_png.rf.eeb29677974de4822f35a870b0869ca3.jpg","road778_png.rf.eeb29677974de4822f35a870b0869ca3.txt","train"
"train","road312_png.rf.be71e68c566e012fa0fb78c7a6e0fa28.jpg","road312_png.rf.be71e68c566e012fa0fb78c7a6e0fa28.txt","test"
"train","road782_png.rf.a8d445ad4681d13854264a3744bbacf1.jpg","road782_png.rf.a8d445ad4681d13854264a3744bbacf1.txt","train"
"train","00004_00030_00010_png.rf.80e684f7b5e99a07e493b726fe682f37.jpg","00004_00030_00010_png.rf.80e684f7b5e99a07e493b726fe682f37.txt","test"
"train","00003_00044_00013_png.rf.f7c491d048456abaf803027c8135ed4e.jpg","00003_00044_00013_png.rf.f7c491d048456abaf803027c8135ed4e.txt","train"
"train","00000_00006_00018_png.rf.14085f5085a103514659a6d7ba9e4669.jpg","00000_00006_00018_png.rf.14085f5085a103514659a6d7ba9e4669.txt","train"
"train","001074_jpg.rf.61e64dae8b0882bb9cb270104740b81e.jpg","001074_jpg.rf.61e64dae8b0882bb9cb270104740b81e.txt","train"
"train","FisheyeCamera_1_00261_png.rf.8f26943752eb819b8cb5135694787bcd.jpg","FisheyeCamera_1_00261_png.rf.8f26943752eb819b8cb5135694787bcd.txt","valid"
"train","FisheyeCamera_1_00016_png.rf.660ef999d633b65675dedbff2c66b28d.jpg","FisheyeCamera_1_00016_png.rf.660ef999d633b65675dedbff2c66b28d.txt","train"
"train","FisheyeCamera_1_00040_png.rf.b9adb2f8f3ccebf27ad62ea220d557c2.jpg","FisheyeCamera_1_00040_png.rf.b9adb2f8f3ccebf27ad62ea220d557c2.txt","train"
"train","00000_00003_00007_png.rf.8284c7ce3286ad8314939ad70dd4bb72.jpg","00000_00003_00007_png.rf.8284c7ce3286ad8314939ad70dd4bb72.txt","train"
"train","000473_jpg.rf.74659407e1608c7350e97e7fa29cf9c7.jpg","000473_jpg.rf.74659407e1608c7350e97e7fa29cf9c7.txt","train"
"train","road836_png.rf.092a235c846039e3e60693cace90e4b8.jpg","road836_png.rf.092a235c846039e3e60693cace90e4b8.txt","test"
"train","000781_jpg.rf.e330208cd96eda7dfe1f6982da5b2ed7.jpg","000781_jpg.rf.e330208cd96eda7dfe1f6982da5b2ed7.txt","train"
"train","000840_jpg.rf.7f0b5325843fa5e7056110bce8b9465e.jpg","000840_jpg.rf.7f0b5325843fa5e7056110bce8b9465e.txt","train"
"train","00001_00021_00018_png.rf.5f8904921fa630cf588539d2025b92c2.jpg","00001_00021_00018_png.rf.5f8904921fa630cf588539d2025b92c2.txt","train"
"train","000545_jpg.rf.d1b6bf38b5803424f5ce98f35203d4ef.jpg","000545_jpg.rf.d1b6bf38b5803424f5ce98f35203d4ef.txt","train"
"train","00002_00016_00026_png.rf.8285bdb3942bbfed87c6b926d06fffbe.jpg","00002_00016_00026_png.rf.8285bdb3942bbfed87c6b926d06fffbe.txt","train"
"train","00000_00005_00016_png.rf.3c551ddb98cc85878a654a983e11efac.jpg","00000_00005_00016_png.rf.3c551ddb98cc85878a654a983e11efac.txt","valid"
"train","00014_00004_00018_png.rf.3a519858ae5bc2e0d9fe8f6d2978264e.jpg","00014_00004_00018_png.rf.3a519858ae5bc2e0d9fe8f6d2978264e.txt","train"
"train","00002_00003_00013_png.rf.cd80596d770973601ecbf40a435c4556.jpg","00002_00003_00013_png.rf.cd80596d770973601ecbf40a435c4556.txt","train"
"train","00000_00000_00019_png.rf.b776cdbf45f61a20480f06fa4fd9cff8.jpg","00000_00000_00019_png.rf.b776cdbf45f61a20480f06fa4fd9cff8.txt","valid"
"train","00004_00011_00020_png.rf.7cb000e26f934a4a3092626a794b4bb0.jpg","00004_00011_00020_png.rf.7cb000e26f934a4a3092626a794b4bb0.txt","train"
"train","00002_00004_00026_png.rf.e457dba45603bc5abaac105f0c4ef79d.jpg","00002_00004_00026_png.rf.e457dba45603bc5abaac105f0c4ef79d.txt","valid"
"train","002180_jpg.rf.c2f2f70671ea3a776a208fcb8ff73216.jpg","002180_jpg.rf.c2f2f70671ea3a776a208fcb8ff73216.txt","train"
"train","001991_jpg.rf.3a8f4738962d752491a12a83237db859.jpg","001991_jpg.rf.3a8f4738962d752491a12a83237db859.txt","train"
"train","00000_00006_00005_png.rf.8b3925d896d0015108131e60e624570c.jpg","00000_00006_00005_png.rf.8b3925d896d0015108131e60e624570c.txt","valid"
"train","road500_png.rf.3e4e986146be987aa38e3dbffb7c4423.jpg","road500_png.rf.3e4e986146be987aa38e3dbffb7c4423.txt","valid"
"train","00004_00019_00015_png.rf.cc7f557e5411b1143eb934246bf9c0fe.jpg","00004_00019_00015_png.rf.cc7f557e5411b1143eb934246bf9c0fe.txt","train"
"train","00004_00038_00013_png.rf.0162056e54754bff815ff7bd91fabf54.jpg","00004_00038_00013_png.rf.0162056e54754bff815ff7bd91fabf54.txt","train"
"train","001092_jpg.rf.629eb96b79a034cba52c9156408b60f9.jpg","001092_jpg.rf.629eb96b79a034cba52c9156408b60f9.txt","train"
"train","road697_png.rf.24df97e1f5ac25c737cfda7fa7261751.jpg","road697_png.rf.24df97e1f5ac25c737cfda7fa7261751.txt","train"
"train","00014_00010_00017_png.rf.dc0f47309dd8a0030188bf2e26d5876f.jpg","00014_00010_00017_png.rf.dc0f47309dd8a0030188bf2e26d5876f.txt","test"
"train","FisheyeCamera_1_00009_png.rf.dd1de744fb776068a0b62d92634662b5.jpg","FisheyeCamera_1_00009_png.rf.dd1de744fb776068a0b62d92634662b5.txt","train"
"train","001297_jpg.rf.0940885e3ad738099686277318a5eb01.jpg","001297_jpg.rf.0940885e3ad738099686277318a5eb01.txt","train"
"train","000434_jpg.rf.53ef5abb52db1e4a886bbe073041962e.jpg","000434_jpg.rf.53ef5abb52db1e4a886bbe073041962e.txt","valid"
"train","000055_jpg.rf.5145d428eef86ac25fca07e48913d980.jpg","000055_jpg.rf.5145d428eef86ac25fca07e48913d980.txt","train"
"train","FisheyeCamera_1_01086_png.rf.ac06614ea56549a4513baca6bb60c1d0.jpg","FisheyeCamera_1_01086_png.rf.ac06614ea56549a4513baca6bb60c1d0.txt","train"
"train","00014_00011_00027_png.rf.1ff38c83d18c55da7c0c4044f381ee53.jpg","00014_00011_00027_png.rf.1ff38c83d18c55da7c0c4044f381ee53.txt","test"
"train","00008_00033_00020_png.rf.a6df2e51957d59e7242cc3a3a149acd3.jpg","00008_00033_00020_png.rf.a6df2e51957d59e7242cc3a3a149acd3.txt","train"
"train","FisheyeCamera_1_00102_png.rf.52ef87245dd268bac8e6a033cf73aac5.jpg","FisheyeCamera_1_00102_png.rf.52ef87245dd268bac8e6a033cf73aac5.txt","train"
"train","road374_png.rf.06361e98c0517f5f2fd1c087fd8e93b5.jpg","road374_png.rf.06361e98c0517f5f2fd1c087fd8e93b5.txt","train"
"train","00014_00004_00005_png.rf.ccfa20616c35d44661387161b30c421c.jpg","00014_00004_00005_png.rf.ccfa20616c35d44661387161b30c421c.txt","valid"
"train","road528_png.rf.49e5bc8227b0a6b021ac55e2e04a165a.jpg","road528_png.rf.49e5bc8227b0a6b021ac55e2e04a165a.txt","train"
"train","road450_png.rf.bf3bb5d5fc7580d16604b2bb134d2afb.jpg","road450_png.rf.bf3bb5d5fc7580d16604b2bb134d2afb.txt","test"
"train","26e44f94-2b05-4e13-b1b1-841ec9550220_jpg.rf.6f496e79897e2feaf34d3a1cc7fdc73c.jpg","26e44f94-2b05-4e13-b1b1-841ec9550220_jpg.rf.6f496e79897e2feaf34d3a1cc7fdc73c.txt","train"
"train","000551_jpg.rf.a9e19deea49d1116f627d5604da7232e.jpg","000551_jpg.rf.a9e19deea49d1116f627d5604da7232e.txt","train"
"train","000588_jpg.rf.002c17ef044f6bfd538ea5cf20e073ec.jpg","000588_jpg.rf.002c17ef044f6bfd538ea5cf20e073ec.txt","train"
"train","00001_00024_00000_png.rf.10183a1df36065b534b79dd99b398b3b.jpg","00001_00024_00000_png.rf.10183a1df36065b534b79dd99b398b3b.txt","train"
"train","000026_jpg.rf.a51c25338a5c8ac79188573fedfedb4b.jpg","000026_jpg.rf.a51c25338a5c8ac79188573fedfedb4b.txt","train"
"train","000890_JPG_jpg.rf.d5f3549968b1274f6653facb67e268ab.jpg","000890_JPG_jpg.rf.d5f3549968b1274f6653facb67e268ab.txt","train"
"train","FisheyeCamera_1_00268_png.rf.6420ca984a8d46cce5df90501bdf4d04.jpg","FisheyeCamera_1_00268_png.rf.6420ca984a8d46cce5df90501bdf4d04.txt","train"
"train","000165_jpg.rf.3050122541a27c6ba40ae5485dc2470d.jpg","000165_jpg.rf.3050122541a27c6ba40ae5485dc2470d.txt","valid"
"train","00008_00012_00011_png.rf.d2e6be77837e484914b382df63792d3a.jpg","00008_00012_00011_png.rf.d2e6be77837e484914b382df63792d3a.txt","train"
"train","000704_JPG_jpg.rf.1655061348550fb5638bbe3283a22a99.jpg","000704_JPG_jpg.rf.1655061348550fb5638bbe3283a22a99.txt","train"
"train","000149_jpg.rf.6ef507deb6227ce3d15de1a9052ba6ab.jpg","000149_jpg.rf.6ef507deb6227ce3d15de1a9052ba6ab.txt","valid"
"train","000213_jpg.rf.11dd0c153ee988bf37d0dedf5552a827.jpg","000213_jpg.rf.11dd0c153ee988bf37d0dedf5552a827.txt","train"
"train","00003_00026_00022_png.rf.06525db1fe0f3d288bf6c53f0ebe94a3.jpg","00003_00026_00022_png.rf.06525db1fe0f3d288bf6c53f0ebe94a3.txt","test"
"train","00001_00010_00007_png.rf.0259f0cb1fa1faa43a60db7319c533e9.jpg","00001_00010_00007_png.rf.0259f0cb1fa1faa43a60db7319c533e9.txt","train"
"train","2355ef14-d5c7-4c81-9729-9cd5a28d1db2_jpg.rf.ee59bb91a7d1685a0231663fbbe1b258.jpg","2355ef14-d5c7-4c81-9729-9cd5a28d1db2_jpg.rf.ee59bb91a7d1685a0231663fbbe1b258.txt","train"
"train","00014_00012_00027_png.rf.e078ca11bc8df601b604003bd6f6d72b.jpg","00014_00012_00027_png.rf.e078ca11bc8df601b604003bd6f6d72b.txt","train"
"train","001479_jpg.rf.b5bb9c5861cf4280609c0c0529347c47.jpg","001479_jpg.rf.b5bb9c5861cf4280609c0c0529347c47.txt","test"
"train","FisheyeCamera_1_00288_png.rf.4e2b68f026431f327512b01b595a1eb4.jpg","FisheyeCamera_1_00288_png.rf.4e2b68f026431f327512b01b595a1eb4.txt","train"
"train","00000_00006_00027_png.rf.f4bedd9f525278bfa9c3869320c11b9f.jpg","00000_00006_00027_png.rf.f4bedd9f525278bfa9c3869320c11b9f.txt","train"
"train","00014_00011_00004_png.rf.0a27f7319830c43b46c08ec0e598f4f7.jpg","00014_00011_00004_png.rf.0a27f7319830c43b46c08ec0e598f4f7.txt","train"
"train","FisheyeCamera_1_00030_png.rf.6a160aa383c6826fc9cf0cc678dacc5e.jpg","FisheyeCamera_1_00030_png.rf.6a160aa383c6826fc9cf0cc678dacc5e.txt","train"
"train","00005_00013_00028_png.rf.175bbf9ce1ae11acea841dda7cf5c66f.jpg","00005_00013_00028_png.rf.175bbf9ce1ae11acea841dda7cf5c66f.txt","train"
"train","road470_png.rf.7f488858ed7b89041700bf3c4e611bdf.jpg","road470_png.rf.7f488858ed7b89041700bf3c4e611bdf.txt","test"
"train","00002_00000_00019_png.rf.a142b6cbeaa068560fc04aa57351087d.jpg","00002_00000_00019_png.rf.a142b6cbeaa068560fc04aa57351087d.txt","train"
"train","001434_jpg.rf.2b274bb6e5ec3727f1e3992eada965a9.jpg","001434_jpg.rf.2b274bb6e5ec3727f1e3992eada965a9.txt","train"
"train","00004_00039_00027_png.rf.c4a25014e12f41617490530106fefb34.jpg","00004_00039_00027_png.rf.c4a25014e12f41617490530106fefb34.txt","train"
"train","00002_00050_00025_png.rf.7be24fb7fbc42a33ec494e30dfcd327e.jpg","00002_00050_00025_png.rf.7be24fb7fbc42a33ec494e30dfcd327e.txt","train"
"train","001431_jpg.rf.12d0ff2644ca6d675dc6405019f8516c.jpg","001431_jpg.rf.12d0ff2644ca6d675dc6405019f8516c.txt","valid"
"train","00014_00006_00028_png.rf.5df066bb98e502934896ab870a4fce10.jpg","00014_00006_00028_png.rf.5df066bb98e502934896ab870a4fce10.txt","train"
"train","001924_jpg.rf.33e4c0e48c87b0dab23cf4b30f6e2066.jpg","001924_jpg.rf.33e4c0e48c87b0dab23cf4b30f6e2066.txt","train"
"train","001265_jpg.rf.e6f6248b92f217c7025cea12b9d64413.jpg","001265_jpg.rf.e6f6248b92f217c7025cea12b9d64413.txt","train"
"train","000681_jpg.rf.21c82e453029a46dbec289bf36c458b6.jpg","000681_jpg.rf.21c82e453029a46dbec289bf36c458b6.txt","train"
"train","000649_jpg.rf.47e4421c9ae47041427593ce7c81363a.jpg","000649_jpg.rf.47e4421c9ae47041427593ce7c81363a.txt","test"
"train","00004_00006_00002_png.rf.82bf0db5ddaada52a61d38be0ef03434.jpg","00004_00006_00002_png.rf.82bf0db5ddaada52a61d38be0ef03434.txt","test"
"train","FisheyeCamera_1_00244_png.rf.3d259c8804d160dee5b7abbabf07258d.jpg","FisheyeCamera_1_00244_png.rf.3d259c8804d160dee5b7abbabf07258d.txt","train"
"train","000535_jpg.rf.a84918a8de5f625c554d2728a0c94873.jpg","000535_jpg.rf.a84918a8de5f625c554d2728a0c94873.txt","train"
"train","road358_png.rf.7a9cc21cb76fd86bbd66edae5678a89b.jpg","road358_png.rf.7a9cc21cb76fd86bbd66edae5678a89b.txt","train"
"train","FisheyeCamera_1_00103_png.rf.9c7e3a44651487c4244df36cda59d6ab.jpg","FisheyeCamera_1_00103_png.rf.9c7e3a44651487c4244df36cda59d6ab.txt","train"
"train","road827_png.rf.43ffea85b370db7ff628d3a131330844.jpg","road827_png.rf.43ffea85b370db7ff628d3a131330844.txt","train"
"train","00007_00042_00018_png.rf.da9983ff735d7643dfd299cb3a5ecad5.jpg","00007_00042_00018_png.rf.da9983ff735d7643dfd299cb3a5ecad5.txt","train"
"train","00001_00041_00008_png.rf.85fdd62209cef0d3362b22dd7f4c8851.jpg","00001_00041_00008_png.rf.85fdd62209cef0d3362b22dd7f4c8851.txt","train"
"train","00014_00010_00006_png.rf.fbf7f96fb54192e8c4d35590dc78dc6f.jpg","00014_00010_00006_png.rf.fbf7f96fb54192e8c4d35590dc78dc6f.txt","valid"
"train","FisheyeCamera_1_00984_png.rf.69477ad82196cc29029ddad62fcc9fa4.jpg","FisheyeCamera_1_00984_png.rf.69477ad82196cc29029ddad62fcc9fa4.txt","train"
"train","FisheyeCamera_1_00095_png.rf.70f09518394eda6f7ec5982885f2509a.jpg","FisheyeCamera_1_00095_png.rf.70f09518394eda6f7ec5982885f2509a.txt","train"
"train","FisheyeCamera_1_00191_png.rf.576da26a57b5102dddc218a681f04576.jpg","FisheyeCamera_1_00191_png.rf.576da26a57b5102dddc218a681f04576.txt","train"
"train","road790_png.rf.0139168e289d0e98b1b8f8058b0246f2.jpg","road790_png.rf.0139168e289d0e98b1b8f8058b0246f2.txt","train"
"train","000673_jpg.rf.31698d72118a1e0a69f1cdf8e443cc42.jpg","000673_jpg.rf.31698d72118a1e0a69f1cdf8e443cc42.txt","train"
"train","00001_00009_00009_png.rf.93a3f9e5ded405c294cc2403aed5b088.jpg","00001_00009_00009_png.rf.93a3f9e5ded405c294cc2403aed5b088.txt","train"
"train","000660_jpg.rf.eabfbe3aea9ad24a9717da9e4a48995a.jpg","000660_jpg.rf.eabfbe3aea9ad24a9717da9e4a48995a.txt","train"
"train","edd2bc76-1638-4617-a27b-9732fe2ab429_jpg.rf.3b09d8630f2bec366ffb6effeecfdd6b.jpg","edd2bc76-1638-4617-a27b-9732fe2ab429_jpg.rf.3b09d8630f2bec366ffb6effeecfdd6b.txt","train"
"train","FisheyeCamera_1_00364_png.rf.afff99f789b5fba029492ed48d0b81b3.jpg","FisheyeCamera_1_00364_png.rf.afff99f789b5fba029492ed48d0b81b3.txt","test"
"train","001047_jpg.rf.c499156b6a6c6f1b06288713cb7f6c3a.jpg","001047_jpg.rf.c499156b6a6c6f1b06288713cb7f6c3a.txt","train"
"train","FisheyeCamera_1_00262_png.rf.b96ae3f2c6eef72a2b4c48478f996899.jpg","FisheyeCamera_1_00262_png.rf.b96ae3f2c6eef72a2b4c48478f996899.txt","train"
"train","00007_00005_00010_png.rf.08d15e6b389495d5e47aec02a27b9c2d.jpg","00007_00005_00010_png.rf.08d15e6b389495d5e47aec02a27b9c2d.txt","train"
"train","00002_00015_00006_png.rf.71f6ba3afca6d7a317ac79e28d4aae71.jpg","00002_00015_00006_png.rf.71f6ba3afca6d7a317ac79e28d4aae71.txt","valid"
"train","000873_jpg.rf.e7c95fedc3f70cc5ef7a5ee71a4f963c.jpg","000873_jpg.rf.e7c95fedc3f70cc5ef7a5ee71a4f963c.txt","train"
"train","00002_00062_00005_png.rf.6f3c84e5e9932f22587c2ac623156f0c.jpg","00002_00062_00005_png.rf.6f3c84e5e9932f22587c2ac623156f0c.txt","valid"
"train","000411_jpg.rf.8cf97222db5eea12311ba94b6126ddab.jpg","000411_jpg.rf.8cf97222db5eea12311ba94b6126ddab.txt","train"
"train","FisheyeCamera_1_00643_png.rf.a832142b25586aebe2ed547b79bfe040.jpg","FisheyeCamera_1_00643_png.rf.a832142b25586aebe2ed547b79bfe040.txt","train"
"train","00014_00010_00001_png.rf.96bb6e44d3f9b5e8f891e865c3292212.jpg","00014_00010_00001_png.rf.96bb6e44d3f9b5e8f891e865c3292212.txt","valid"
"train","road336_png.rf.2b2dc7e8482f236bb590fef86a5ca12d.jpg","road336_png.rf.2b2dc7e8482f236bb590fef86a5ca12d.txt","train"
"train","road392_png.rf.75cea58cab1faa4de3a057956054d687.jpg","road392_png.rf.75cea58cab1faa4de3a057956054d687.txt","train"
"train","001838_JPG_jpg.rf.fd585913fd42f570053c6301c01cf051.jpg","001838_JPG_jpg.rf.fd585913fd42f570053c6301c01cf051.txt","train"
"train","00014_00005_00006_png.rf.88fe5e12067f37e7c6f0d0c6f94851f1.jpg","00014_00005_00006_png.rf.88fe5e12067f37e7c6f0d0c6f94851f1.txt","valid"
"train","000082_jpg.rf.3383ac102afdb10fea75f66c0d9af800.jpg","000082_jpg.rf.3383ac102afdb10fea75f66c0d9af800.txt","train"
"train","00000_00006_00015_png.rf.ad389fd22baaaf40dcc7237882bb745f.jpg","00000_00006_00015_png.rf.ad389fd22baaaf40dcc7237882bb745f.txt","train"
"train","00001_00056_00004_png.rf.c39716bab5d07baa1b2efb341679aa06.jpg","00001_00056_00004_png.rf.c39716bab5d07baa1b2efb341679aa06.txt","train"
"train","road413_png.rf.59ee46bb5326a99d6e074c85f64f97b6.jpg","road413_png.rf.59ee46bb5326a99d6e074c85f64f97b6.txt","valid"
"train","00003_00000_00019_png.rf.2e67e4699cf87c53689c2bb3c1956ba6.jpg","00003_00000_00019_png.rf.2e67e4699cf87c53689c2bb3c1956ba6.txt","train"
"train","00001_00020_00001_png.rf.55e27e1db7d5a588f83ca7107eef3395.jpg","00001_00020_00001_png.rf.55e27e1db7d5a588f83ca7107eef3395.txt","test"
"train","00003_00036_00009_png.rf.c1ba93c12e509b146f173735a1a871f7.jpg","00003_00036_00009_png.rf.c1ba93c12e509b146f173735a1a871f7.txt","train"
"train","00000_00004_00014_png.rf.e594cbec31dd81b78c00c5383f9583e9.jpg","00000_00004_00014_png.rf.e594cbec31dd81b78c00c5383f9583e9.txt","train"
"train","000844_jpg.rf.bb63e45e02acd0f9edb4dbfb691f9b41.jpg","000844_jpg.rf.bb63e45e02acd0f9edb4dbfb691f9b41.txt","valid"
"train","FisheyeCamera_1_01100_png.rf.2db1e07122195d4e35fd05d77178266b.jpg","FisheyeCamera_1_01100_png.rf.2db1e07122195d4e35fd05d77178266b.txt","train"
"train","00004_00034_00009_png.rf.ab9673171d18ecc64a15ceb3ca6aa2f9.jpg","00004_00034_00009_png.rf.ab9673171d18ecc64a15ceb3ca6aa2f9.txt","valid"
"train","001095_jpg.rf.2a4b0cc15fd59a377fa769e325c2e23a.jpg","001095_jpg.rf.2a4b0cc15fd59a377fa769e325c2e23a.txt","train"
"train","000178_jpg.rf.429cecc6f1629d7691e0e5db94e29a60.jpg","000178_jpg.rf.429cecc6f1629d7691e0e5db94e29a60.txt","test"
"train","00001_00021_00006_png.rf.f1afda07c4c858619a1e78c8646e093c.jpg","00001_00021_00006_png.rf.f1afda07c4c858619a1e78c8646e093c.txt","test"
"train","000895_JPG_jpg.rf.7be1cd4e8fbef62d45f44c3bb96528b6.jpg","000895_JPG_jpg.rf.7be1cd4e8fbef62d45f44c3bb96528b6.txt","train"
"train","000857_JPG_jpg.rf.e0395283acce680be633714cafe153f0.jpg","000857_JPG_jpg.rf.e0395283acce680be633714cafe153f0.txt","train"
"train","000425_jpg.rf.fc0871cfe3f2a7b2f6fce1e68ae7337b.jpg","000425_jpg.rf.fc0871cfe3f2a7b2f6fce1e68ae7337b.txt","train"
"train","00001_00027_00011_png.rf.c5447cfbf4a39f1bcc8891fc2f1ef999.jpg","00001_00027_00011_png.rf.c5447cfbf4a39f1bcc8891fc2f1ef999.txt","train"
"train","road363_png.rf.a4acce9a463d9a0a936e9718e0fb1717.jpg","road363_png.rf.a4acce9a463d9a0a936e9718e0fb1717.txt","train"
"train","00002_00017_00019_png.rf.f00b2bae484b8524da2adbc236730dd6.jpg","00002_00017_00019_png.rf.f00b2bae484b8524da2adbc236730dd6.txt","train"
"train","road577_png.rf.a467fc3dab8c7413386cf3af6d81da24.jpg","road577_png.rf.a467fc3dab8c7413386cf3af6d81da24.txt","train"
"train","00000_00004_00016_png.rf.8ebcce5be4fbba72fa8e0a4f056aa2a4.jpg","00000_00004_00016_png.rf.8ebcce5be4fbba72fa8e0a4f056aa2a4.txt","train"
"train","000932_jpg.rf.334e2c666644278d8552d9a9fb622f9d.jpg","000932_jpg.rf.334e2c666644278d8552d9a9fb622f9d.txt","train"
"train","FisheyeCamera_1_00314_png.rf.fcc6ceae9a4c7f57fd71606e3eec8934.jpg","FisheyeCamera_1_00314_png.rf.fcc6ceae9a4c7f57fd71606e3eec8934.txt","test"
"train","001202_jpg.rf.e35939c8010995388ae12426a52a1b58.jpg","001202_jpg.rf.e35939c8010995388ae12426a52a1b58.txt","train"
"train","00014_00005_00000_png.rf.efec420bdf400ae2443fb03bfa3fb94e.jpg","00014_00005_00000_png.rf.efec420bdf400ae2443fb03bfa3fb94e.txt","valid"
"train","road837_png.rf.364abae1442fc198f5dc7ead0d56b95b.jpg","road837_png.rf.364abae1442fc198f5dc7ead0d56b95b.txt","train"
"train","00002_00027_00020_png.rf.f25d7ebc394fc72217685f4b4ff3af9c.jpg","00002_00027_00020_png.rf.f25d7ebc394fc72217685f4b4ff3af9c.txt","train"
"train","FisheyeCamera_1_00359_png.rf.3bc6aad70dee58e69befa33a85ace6fb.jpg","FisheyeCamera_1_00359_png.rf.3bc6aad70dee58e69befa33a85ace6fb.txt","train"
"train","000853_JPG_jpg.rf.d08a67c9751080b09debf77862bc57e1.jpg","000853_JPG_jpg.rf.d08a67c9751080b09debf77862bc57e1.txt","train"
"train","000939_jpg.rf.e4afbbfadaaae2cfa3fbab640f089b5c.jpg","000939_jpg.rf.e4afbbfadaaae2cfa3fbab640f089b5c.txt","valid"
"train","FisheyeCamera_1_00271_png.rf.bf0445f79ba1ea50614f1a78d888deee.jpg","FisheyeCamera_1_00271_png.rf.bf0445f79ba1ea50614f1a78d888deee.txt","train"
"train","001247_jpg.rf.caab5a066c2e18151b69162c074be98e.jpg","001247_jpg.rf.caab5a066c2e18151b69162c074be98e.txt","test"
"train","FisheyeCamera_1_00124_png.rf.06372cb7b234a8d493c73b0ce4797cb0.jpg","FisheyeCamera_1_00124_png.rf.06372cb7b234a8d493c73b0ce4797cb0.txt","train"
"train","FisheyeCamera_1_00465_png.rf.addf994c272ed58169ea98a0c0fc6a01.jpg","FisheyeCamera_1_00465_png.rf.addf994c272ed58169ea98a0c0fc6a01.txt","train"
"train","00003_00042_00029_png.rf.c2b93870386dff113a9235b8feb68957.jpg","00003_00042_00029_png.rf.c2b93870386dff113a9235b8feb68957.txt","test"
"train","00004_00042_00012_png.rf.a1bf5d6f8d6ab6f27c6498fe58864d0e.jpg","00004_00042_00012_png.rf.a1bf5d6f8d6ab6f27c6498fe58864d0e.txt","train"
"train","road689_png.rf.7542a224e4f6afa3d68bb48675b8a45a.jpg","road689_png.rf.7542a224e4f6afa3d68bb48675b8a45a.txt","train"
"train","00014_00004_00006_png.rf.479fce812ea06ba938c38eef834a1051.jpg","00014_00004_00006_png.rf.479fce812ea06ba938c38eef834a1051.txt","valid"
"train","000426_jpg.rf.bc4b5a033bcc7e0bac3ef339a5ef1dc3.jpg","000426_jpg.rf.bc4b5a033bcc7e0bac3ef339a5ef1dc3.txt","train"
"train","FisheyeCamera_1_01084_png.rf.f9c939151036b39e47dee30dee470722.jpg","FisheyeCamera_1_01084_png.rf.f9c939151036b39e47dee30dee470722.txt","train"
"train","000003_jpg.rf.2ae46538e1dd1e8f5b7a2b5b3d565bba.jpg","000003_jpg.rf.2ae46538e1dd1e8f5b7a2b5b3d565bba.txt","test"
"train","001644_JPG_jpg.rf.63d9487dfb3d55259885a39ff89db53f.jpg","001644_JPG_jpg.rf.63d9487dfb3d55259885a39ff89db53f.txt","train"
"train","road805_png.rf.f9e7661acba6d0b5cac80e205e2cc035.jpg","road805_png.rf.f9e7661acba6d0b5cac80e205e2cc035.txt","train"
"train","00001_00021_00010_png.rf.66f72df81bbbe6092c107b459a2d9c41.jpg","00001_00021_00010_png.rf.66f72df81bbbe6092c107b459a2d9c41.txt","train"
"train","000714_jpg.rf.6c2e4d25d8540f36a1fbf58e40d6838e.jpg","000714_jpg.rf.6c2e4d25d8540f36a1fbf58e40d6838e.txt","train"
"train","000884_JPG_jpg.rf.3feebc692fa3ee3b32814f941499404a.jpg","000884_JPG_jpg.rf.3feebc692fa3ee3b32814f941499404a.txt","train"
"train","00007_00041_00021_png.rf.9cb305be34ce14841f3e0d81ac307159.jpg","00007_00041_00021_png.rf.9cb305be34ce14841f3e0d81ac307159.txt","valid"
"train","000986_JPG_jpg.rf.05288ee6678f288d7644ecb6d858dc21.jpg","000986_JPG_jpg.rf.05288ee6678f288d7644ecb6d858dc21.txt","train"
"train","0590a57d-491c-4322-b287-594d5511e79b_jpg.rf.ae819fd21267ab41e62f05ae378c85b0.jpg","0590a57d-491c-4322-b287-594d5511e79b_jpg.rf.ae819fd21267ab41e62f05ae378c85b0.txt","test"
"train","FisheyeCamera_1_00294_png.rf.f865fba94c5c98e79ebc7d3a3ae43678.jpg","FisheyeCamera_1_00294_png.rf.f865fba94c5c98e79ebc7d3a3ae43678.txt","train"
"train","00002_00002_00026_png.rf.f372f7e207b1637c681ae37edfd0661d.jpg","00002_00002_00026_png.rf.f372f7e207b1637c681ae37edfd0661d.txt","valid"
"train","00007_00040_00027_png.rf.3b0fcdcbe3c40d54469526cd66cee31c.jpg","00007_00040_00027_png.rf.3b0fcdcbe3c40d54469526cd66cee31c.txt","test"
"train","00002_00060_00001_png.rf.5d27f3f25d8d4db4eb8f44192859ba5d.jpg","00002_00060_00001_png.rf.5d27f3f25d8d4db4eb8f44192859ba5d.txt","valid"
"train","00000_00003_00021_png.rf.fb9380bd187e18eeca9c4e19427da1cf.jpg","00000_00003_00021_png.rf.fb9380bd187e18eeca9c4e19427da1cf.txt","train"
"train","00000_00006_00023_png.rf.2581f91b1bf6a9a41c5c0b498a090f88.jpg","00000_00006_00023_png.rf.2581f91b1bf6a9a41c5c0b498a090f88.txt","valid"
"train","000503_jpg.rf.1c5f535be3fdd547e6dc64b9f7747b79.jpg","000503_jpg.rf.1c5f535be3fdd547e6dc64b9f7747b79.txt","train"
"train","00008_00044_00014_png.rf.7ee011dded112744acc2be1c95cb1ea3.jpg","00008_00044_00014_png.rf.7ee011dded112744acc2be1c95cb1ea3.txt","train"
"train","road742_png.rf.c112b6f89c0f37004e242ea43d897629.jpg","road742_png.rf.c112b6f89c0f37004e242ea43d897629.txt","train"
"train","00008_00011_00015_png.rf.814bfe0b2ffebba7f0ee7a062b1fd94d.jpg","00008_00011_00015_png.rf.814bfe0b2ffebba7f0ee7a062b1fd94d.txt","train"
"train","FisheyeCamera_1_00167_png.rf.b9b7e55c753c8173bcc8fa9ab31eda4b.jpg","FisheyeCamera_1_00167_png.rf.b9b7e55c753c8173bcc8fa9ab31eda4b.txt","train"
"train","00001_00018_00009_png.rf.5902d6ca9acec294b387eef0a3413dd2.jpg","00001_00018_00009_png.rf.5902d6ca9acec294b387eef0a3413dd2.txt","train"
"train","000855_jpg.rf.9f20d6d3a123880fad79df7edde9504d.jpg","000855_jpg.rf.9f20d6d3a123880fad79df7edde9504d.txt","train"
"train","00001_00006_00004_png.rf.14f5c58c6c71b5c6b83766e916aa5460.jpg","00001_00006_00004_png.rf.14f5c58c6c71b5c6b83766e916aa5460.txt","test"
"train","00001_00070_00012_png.rf.d26433dfd5254f0acbbc58f3fd1f2233.jpg","00001_00070_00012_png.rf.d26433dfd5254f0acbbc58f3fd1f2233.txt","valid"
"train","FisheyeCamera_1_00218_png.rf.93e10a12c11e2582bcbfb5af48c5deb4.jpg","FisheyeCamera_1_00218_png.rf.93e10a12c11e2582bcbfb5af48c5deb4.txt","train"
"train","00004_00004_00029_png.rf.903dc88722b1278a34cad703946c2c38.jpg","00004_00004_00029_png.rf.903dc88722b1278a34cad703946c2c38.txt","train"
"train","000452_jpg.rf.f4ea042024d8a1580c1ebc59eee322a7.jpg","000452_jpg.rf.f4ea042024d8a1580c1ebc59eee322a7.txt","train"
"train","road386_png.rf.4579e7fe47b6b4cb6f7e61747b4a1ae6.jpg","road386_png.rf.4579e7fe47b6b4cb6f7e61747b4a1ae6.txt","train"
"train","00004_00039_00004_png.rf.752c8070eed566871d0d74a64e218774.jpg","00004_00039_00004_png.rf.752c8070eed566871d0d74a64e218774.txt","train"
"train","00008_00020_00013_png.rf.72bc6ff2b742017999c6ebd252681338.jpg","00008_00020_00013_png.rf.72bc6ff2b742017999c6ebd252681338.txt","train"
"train","00008_00004_00023_png.rf.75d6513f0785e8aa7a6b6ebc1534c3bd.jpg","00008_00004_00023_png.rf.75d6513f0785e8aa7a6b6ebc1534c3bd.txt","train"
"train","00004_00059_00007_png.rf.e7f2bad6aabc63e652a8853af9778866.jpg","00004_00059_00007_png.rf.e7f2bad6aabc63e652a8853af9778866.txt","train"
"train","002121_jpg.rf.7f4b404f9812e311b45b5a73f511e244.jpg","002121_jpg.rf.7f4b404f9812e311b45b5a73f511e244.txt","train"
"train","00002_00031_00006_png.rf.4c4ed29e8f20ea43421954cb471078fd.jpg","00002_00031_00006_png.rf.4c4ed29e8f20ea43421954cb471078fd.txt","train"
"train","00000_00002_00005_png.rf.68bf8735b6d8f032a1daa6b34e7caa95.jpg","00000_00002_00005_png.rf.68bf8735b6d8f032a1daa6b34e7caa95.txt","train"
"train","FisheyeCamera_1_00573_png.rf.c751ff1cb0696aaf11454d5e0adfb82d.jpg","FisheyeCamera_1_00573_png.rf.c751ff1cb0696aaf11454d5e0adfb82d.txt","valid"
"train","00002_00000_00022_png.rf.51c4b01c0043c6105fab3453cc2bb4b1.jpg","00002_00000_00022_png.rf.51c4b01c0043c6105fab3453cc2bb4b1.txt","train"
"train","00002_00022_00012_png.rf.3be50eec591127af0e3ae7e597a52cfb.jpg","00002_00022_00012_png.rf.3be50eec591127af0e3ae7e597a52cfb.txt","train"
"train","00004_00036_00004_png.rf.b9356be73036f4d8f1aa0bd0eaa57ac6.jpg","00004_00036_00004_png.rf.b9356be73036f4d8f1aa0bd0eaa57ac6.txt","train"
"train","00008_00010_00026_png.rf.7f08bd19a64f5932102df265954f711f.jpg","00008_00010_00026_png.rf.7f08bd19a64f5932102df265954f711f.txt","train"
"train","000881_jpg.rf.2a213037d21a145b46645f06a1ec0e92.jpg","000881_jpg.rf.2a213037d21a145b46645f06a1ec0e92.txt","valid"
"train","000680_jpg.rf.9faadd245d93b67b3f880b3e2cad5c09.jpg","000680_jpg.rf.9faadd245d93b67b3f880b3e2cad5c09.txt","test"
"train","001057_jpg.rf.b06b6a382974524939868e21a3dc7b34.jpg","001057_jpg.rf.b06b6a382974524939868e21a3dc7b34.txt","test"
"train","FisheyeCamera_1_00214_png.rf.ca80b91c9726464958e53b3f42028f07.jpg","FisheyeCamera_1_00214_png.rf.ca80b91c9726464958e53b3f42028f07.txt","train"
"train","001830_JPG_jpg.rf.87c7f4bd0c03cdf0acc90c5d2f5885df.jpg","001830_JPG_jpg.rf.87c7f4bd0c03cdf0acc90c5d2f5885df.txt","test"
"train","road754_png.rf.15f46b3435143babc418fcfc3abd93e6.jpg","road754_png.rf.15f46b3435143babc418fcfc3abd93e6.txt","train"
"train","000477_jpg.rf.af515f0e190a5ef9de1fc8f924c9254a.jpg","000477_jpg.rf.af515f0e190a5ef9de1fc8f924c9254a.txt","train"
"train","001484_jpg.rf.bf7e3e816ced6492e6d99b9b20b58e01.jpg","001484_jpg.rf.bf7e3e816ced6492e6d99b9b20b58e01.txt","test"
"train","FisheyeCamera_1_00175_png.rf.ba7e4801a631dcbae829285b952d55be.jpg","FisheyeCamera_1_00175_png.rf.ba7e4801a631dcbae829285b952d55be.txt","train"
"train","001413_jpg.rf.98471f662c9455824df9741d4bf89ac1.jpg","001413_jpg.rf.98471f662c9455824df9741d4bf89ac1.txt","train"
"train","000856_jpg.rf.fe6e3c540da94741663bc903dbd7c958.jpg","000856_jpg.rf.fe6e3c540da94741663bc903dbd7c958.txt","train"
"train","000116_jpg.rf.2cec5542a3e6bdda2e40fef7e4bba66c.jpg","000116_jpg.rf.2cec5542a3e6bdda2e40fef7e4bba66c.txt","train"
"train","000182_jpg.rf.507253606295b7baa88a463255a853c6.jpg","000182_jpg.rf.507253606295b7baa88a463255a853c6.txt","train"
"train","00004_00001_00008_png.rf.4e79e81a106e9faf1ae4f607666b208c.jpg","00004_00001_00008_png.rf.4e79e81a106e9faf1ae4f607666b208c.txt","train"
"train","00000_00003_00022_png.rf.f9fa393b84fdbf24a6aa8d6a63378713.jpg","00000_00003_00022_png.rf.f9fa393b84fdbf24a6aa8d6a63378713.txt","train"
"train","000807_jpg.rf.7b5853efa0c1156d4a490ffd46122829.jpg","000807_jpg.rf.7b5853efa0c1156d4a490ffd46122829.txt","train"
"train","road592_png.rf.db5833bd599f55c57eff24c61370619c.jpg","road592_png.rf.db5833bd599f55c57eff24c61370619c.txt","train"
"train","000837_jpg.rf.6dd8f8290d7c790fa3e4676e3d3a4e0e.jpg","000837_jpg.rf.6dd8f8290d7c790fa3e4676e3d3a4e0e.txt","train"
"train","000720_jpg.rf.587062ad43ea9f85b2f3d52c55c2084a.jpg","000720_jpg.rf.587062ad43ea9f85b2f3d52c55c2084a.txt","valid"
"train","FisheyeCamera_1_00143_png.rf.417e5c163fafc791d869526a89dd7f3b.jpg","FisheyeCamera_1_00143_png.rf.417e5c163fafc791d869526a89dd7f3b.txt","train"
"train","road382_png.rf.001b5fff056f1fabfa28c5729a40f3bb.jpg","road382_png.rf.001b5fff056f1fabfa28c5729a40f3bb.txt","train"
"train","000501_jpg.rf.253f08f3bb4ad407e9d9fe3b2421a793.jpg","000501_jpg.rf.253f08f3bb4ad407e9d9fe3b2421a793.txt","train"
"train","FisheyeCamera_1_00579_png.rf.c763555010df99a2126392d818ac02fb.jpg","FisheyeCamera_1_00579_png.rf.c763555010df99a2126392d818ac02fb.txt","train"
"train","000197_jpg.rf.7f404807e3fdd17063226dd082ed1270.jpg","000197_jpg.rf.7f404807e3fdd17063226dd082ed1270.txt","valid"
"train","001039_jpg.rf.c292fbf9615c6a4dff7d6bcef7de6e4d.jpg","001039_jpg.rf.c292fbf9615c6a4dff7d6bcef7de6e4d.txt","train"
"train","FisheyeCamera_1_00043_png.rf.d598e6921e2b4daa4b3bb136c0b20875.jpg","FisheyeCamera_1_00043_png.rf.d598e6921e2b4daa4b3bb136c0b20875.txt","train"
"train","001004_jpg.rf.54a832ec29bec9711c17a4284b72904e.jpg","001004_jpg.rf.54a832ec29bec9711c17a4284b72904e.txt","test"
"train","00004_00031_00027_png.rf.3e28b2362d95de663d52de55a70255e9.jpg","00004_00031_00027_png.rf.3e28b2362d95de663d52de55a70255e9.txt","valid"
"train","road844_png.rf.3b31c65b90d1696f5962a847c69371cd.jpg","road844_png.rf.3b31c65b90d1696f5962a847c69371cd.txt","train"
"train","00003_00046_00012_png.rf.7582308efdd8eaa2cfaf53b845b13774.jpg","00003_00046_00012_png.rf.7582308efdd8eaa2cfaf53b845b13774.txt","valid"
"train","00004_00060_00021_png.rf.f67521c102791419930419ad31c72952.jpg","00004_00060_00021_png.rf.f67521c102791419930419ad31c72952.txt","test"
"train","road433_png.rf.bcdf8f5b4e8a172a2e386d77d58c02ba.jpg","road433_png.rf.bcdf8f5b4e8a172a2e386d77d58c02ba.txt","train"
"train","road403_png.rf.69f0d55124521c1bdbbce1cae7eb2eec.jpg","road403_png.rf.69f0d55124521c1bdbbce1cae7eb2eec.txt","train"
"train","FisheyeCamera_1_00065_png.rf.5bf9bbc79d1be7d1b28ca885e90c530e.jpg","FisheyeCamera_1_00065_png.rf.5bf9bbc79d1be7d1b28ca885e90c530e.txt","train"
"train","road829_png.rf.fb9b05db25222eb5e1777f816b7ff053.jpg","road829_png.rf.fb9b05db25222eb5e1777f816b7ff053.txt","train"
"train","00002_00002_00024_png.rf.4123885adcde4dda9fb31c12bbff3f69.jpg","00002_00002_00024_png.rf.4123885adcde4dda9fb31c12bbff3f69.txt","train"
"train","road288_png.rf.54257ff4f0bf63f473cbc9c7c5ac1f58.jpg","road288_png.rf.54257ff4f0bf63f473cbc9c7c5ac1f58.txt","test"
"train","00003_00035_00028_png.rf.d7afea1a18fc245c2141b74415b37e0e.jpg","00003_00035_00028_png.rf.d7afea1a18fc245c2141b74415b37e0e.txt","train"
"train","road447_png.rf.c016d970d3a3b45d8fea3e3898a4f789.jpg","road447_png.rf.c016d970d3a3b45d8fea3e3898a4f789.txt","train"
"train","00000_00002_00017_png.rf.cb644ff505fe76509007bac5fd38db77.jpg","00000_00002_00017_png.rf.cb644ff505fe76509007bac5fd38db77.txt","train"
"train","001494_jpg.rf.6cb808229f88177bf17557ba455a7b37.jpg","001494_jpg.rf.6cb808229f88177bf17557ba455a7b37.txt","test"
"train","00014_00021_00004_png.rf.13ad18cf94fd0ea80ba76f9034def36f.jpg","00014_00021_00004_png.rf.13ad18cf94fd0ea80ba76f9034def36f.txt","train"
"train","000171_png_jpg.rf.6fd2eb72794baf9fdf0261116df1e493.jpg","000171_png_jpg.rf.6fd2eb72794baf9fdf0261116df1e493.txt","train"
"train","001042_jpg.rf.50bac41a41fac051fe6a6839ddad172b.jpg","001042_jpg.rf.50bac41a41fac051fe6a6839ddad172b.txt","valid"
"train","000591_jpg.rf.af880f3e1e3ccde4bb1dbe81927bd48f.jpg","000591_jpg.rf.af880f3e1e3ccde4bb1dbe81927bd48f.txt","train"
"train","road539_png.rf.e75148e5a95f7cb4388bd0643fb13aaf.jpg","road539_png.rf.e75148e5a95f7cb4388bd0643fb13aaf.txt","train"
"train","00000_00001_00003_png.rf.e96024bf27a215e5d674e3d55552a18c.jpg","00000_00001_00003_png.rf.e96024bf27a215e5d674e3d55552a18c.txt","train"
"train","00002_00028_00015_png.rf.81b6a6f5c7ef43c0d04c770f463fc6a7.jpg","00002_00028_00015_png.rf.81b6a6f5c7ef43c0d04c770f463fc6a7.txt","train"
"train","001072_jpg.rf.44be77a092841ef981fcce5e81fd8fca.jpg","001072_jpg.rf.44be77a092841ef981fcce5e81fd8fca.txt","train"
"train","00008_00037_00015_png.rf.1814d72e6750b3eb143212f3249b5011.jpg","00008_00037_00015_png.rf.1814d72e6750b3eb143212f3249b5011.txt","train"
"train","00005_00017_00008_png.rf.f7b9e984f55dfe990da0078a77036009.jpg","00005_00017_00008_png.rf.f7b9e984f55dfe990da0078a77036009.txt","train"
"train","road812_png.rf.d5a5dd3f027e8becac5537e7c2c93b12.jpg","road812_png.rf.d5a5dd3f027e8becac5537e7c2c93b12.txt","train"
"train","00000_00006_00013_png.rf.8bf7a29a00da42fd329d04d5b08875cc.jpg","00000_00006_00013_png.rf.8bf7a29a00da42fd329d04d5b08875cc.txt","train"
"train","00003_00004_00001_png.rf.7081cc2429e58e6264961724a258aebc.jpg","00003_00004_00001_png.rf.7081cc2429e58e6264961724a258aebc.txt","train"
"train","00014_00007_00006_png.rf.35b50002a2b23ca4b26da97669871036.jpg","00014_00007_00006_png.rf.35b50002a2b23ca4b26da97669871036.txt","test"
"train","001020_jpg.rf.e8cae6277665df6604e6bb42d4b7f13c.jpg","001020_jpg.rf.e8cae6277665df6604e6bb42d4b7f13c.txt","train"
"train","00002_00013_00023_png.rf.44ab9208c130fcde2de6e45017c91716.jpg","00002_00013_00023_png.rf.44ab9208c130fcde2de6e45017c91716.txt","valid"
"train","000868_JPG_jpg.rf.1a8451c7fd6a72ab857be0bc94ce0ba9.jpg","000868_JPG_jpg.rf.1a8451c7fd6a72ab857be0bc94ce0ba9.txt","train"
"train","road712_png.rf.56a89500c193ecb4b5dc34a46a285d9c.jpg","road712_png.rf.56a89500c193ecb4b5dc34a46a285d9c.txt","train"
"train","000640_jpg.rf.e70736eb7c54f8aa938db030bac03a63.jpg","000640_jpg.rf.e70736eb7c54f8aa938db030bac03a63.txt","train"
"train","001417_jpg.rf.491db97310c85daf97250f98805ed6d0.jpg","001417_jpg.rf.491db97310c85daf97250f98805ed6d0.txt","train"
"train","001230_jpg.rf.58bf4c7f8dc33460db2ab06114f31d7f.jpg","001230_jpg.rf.58bf4c7f8dc33460db2ab06114f31d7f.txt","valid"
"train","001668_JPG_jpg.rf.842469532b92ff1ae302601e58bc0c23.jpg","001668_JPG_jpg.rf.842469532b92ff1ae302601e58bc0c23.txt","train"
"train","00004_00020_00026_png.rf.e0221a515c6a10685399027c2c8ab54f.jpg","00004_00020_00026_png.rf.e0221a515c6a10685399027c2c8ab54f.txt","train"
"train","road652_png.rf.cee5fc9dbde61f6c7a70ebdea91860df.jpg","road652_png.rf.cee5fc9dbde61f6c7a70ebdea91860df.txt","test"
"test","00001_00024_00022_png.rf.1ddd18f6565eaf1fa3073927c803ef95.jpg","00001_00024_00022_png.rf.1ddd18f6565eaf1fa3073927c803ef95.txt","train"
"test","00007_00043_00020_png.rf.9403ca865ff12b0c87b1e3a766b83035.jpg","00007_00043_00020_png.rf.9403ca865ff12b0c87b1e3a766b83035.txt","train"
"test","000272_jpg.rf.0dae7df373045508ee51f66c435c1e74.jpg","000272_jpg.rf.0dae7df373045508ee51f66c435c1e74.txt","train"
"test","000094_jpg.rf.9c671491d0b7e84017dc0d831e761786.jpg","000094_jpg.rf.9c671491d0b7e84017dc0d831e761786.txt","train"
"test","001497_jpg.rf.f05fe346122f24ea51bc0b90a7e87cbb.jpg","001497_jpg.rf.f05fe346122f24ea51bc0b90a7e87cbb.txt","train"
"test","road337_png.rf.6439af866d27ef27b793cf6243402a90.jpg","road337_png.rf.6439af866d27ef27b793cf6243402a90.txt","train"
"test","00004_00044_00013_png.rf.721be523611d1898246d7082a0dadcec.jpg","00004_00044_00013_png.rf.721be523611d1898246d7082a0dadcec.txt","train"
"test","000239_jpg.rf.4a0ee6e8b91112a743ce67f51c5214f0.jpg","000239_jpg.rf.4a0ee6e8b91112a743ce67f51c5214f0.txt","test"
"test","FisheyeCamera_1_01017_png.rf.a4d3863bdbed7cef90195e34e20d9083.jpg","FisheyeCamera_1_01017_png.rf.a4d3863bdbed7cef90195e34e20d9083.txt","valid"
"test","road509_png.rf.1fd0e0a85362fab59131dd46354e0e12.jpg","road509_png.rf.1fd0e0a85362fab59131dd46354e0e12.txt","train"
"test","000257_jpg.rf.bc126881988a7e0a74db59d03cf6fc2c.jpg","000257_jpg.rf.bc126881988a7e0a74db59d03cf6fc2c.txt","test"
"test","00002_00000_00007_png.rf.21ff6cc1b5a47cc1c129abee52c4299d.jpg","00002_00000_00007_png.rf.21ff6cc1b5a47cc1c129abee52c4299d.txt","train"
"test","00003_00044_00026_png.rf.23d7deb4eebdf2047549d6a9c86c9b46.jpg","00003_00044_00026_png.rf.23d7deb4eebdf2047549d6a9c86c9b46.txt","train"
"test","00014_00008_00013_png.rf.f57f3d69647a785a38a1c6c09b551ae3.jpg","00014_00008_00013_png.rf.f57f3d69647a785a38a1c6c09b551ae3.txt","test"
"test","FisheyeCamera_1_00095_png.rf.b9a44526e6604ccfa6798cab8ebf6303.jpg","FisheyeCamera_1_00095_png.rf.b9a44526e6604ccfa6798cab8ebf6303.txt","test"
"test","00005_00017_00007_png.rf.9d717cd386cae14041b7985ae4107583.jpg","00005_00017_00007_png.rf.9d717cd386cae14041b7985ae4107583.txt","train"
"test","FisheyeCamera_1_00045_png.rf.f52a55b8a419d41c887edef90651547f.jpg","FisheyeCamera_1_00045_png.rf.f52a55b8a419d41c887edef90651547f.txt","valid"
"test","road710_png.rf.4b0de44598aa214b9118854d8475d62b.jpg","road710_png.rf.4b0de44598aa214b9118854d8475d62b.txt","train"
"test","00000_00000_00005_png.rf.338b19797676b53051a24fba28578ca8.jpg","00000_00000_00005_png.rf.338b19797676b53051a24fba28578ca8.txt","train"
"test","00007_00041_00007_png.rf.1c638f4c19055f623397672581929d2f.jpg","00007_00041_00007_png.rf.1c638f4c19055f623397672581929d2f.txt","valid"
"test","00014_00005_00025_png.rf.24c94c5f57b62bdbefbef1bd8f0a1431.jpg","00014_00005_00025_png.rf.24c94c5f57b62bdbefbef1bd8f0a1431.txt","test"
"test","00000_00001_00022_png.rf.68407e01acfe0c95b14e7976003bff3b.jpg","00000_00001_00022_png.rf.68407e01acfe0c95b14e7976003bff3b.txt","train"
"test","00004_00037_00008_png.rf.8915be671bfb0acb76c8c5225d1cccd0.jpg","00004_00037_00008_png.rf.8915be671bfb0acb76c8c5225d1cccd0.txt","train"
"test","00003_00046_00014_png.rf.1a9865824108568c68980e43e030653f.jpg","00003_00046_00014_png.rf.1a9865824108568c68980e43e030653f.txt","train"
"test","000113_jpg.rf.19879ca5b4dcecc357551430d1c2ef92.jpg","000113_jpg.rf.19879ca5b4dcecc357551430d1c2ef92.txt","train"
"test","FisheyeCamera_1_00264_png.rf.1ddd30856305b58e4f6d1bcba986f817.jpg","FisheyeCamera_1_00264_png.rf.1ddd30856305b58e4f6d1bcba986f817.txt","train"
"test","road444_png.rf.835b171095f1b1d5828b389b072b7455.jpg","road444_png.rf.835b171095f1b1d5828b389b072b7455.txt","valid"
"test","002189_jpg.rf.c2c8d58a9b74a860be3368692e42406a.jpg","002189_jpg.rf.c2c8d58a9b74a860be3368692e42406a.txt","valid"
"test","00008_00045_00006_png.rf.dc8dd187749c518b59711b37a524ac55.jpg","00008_00045_00006_png.rf.dc8dd187749c518b59711b37a524ac55.txt","test"
"test","00014_00009_00002_png.rf.85a155425ac227ef79a33e15cfb544c1.jpg","00014_00009_00002_png.rf.85a155425ac227ef79a33e15cfb544c1.txt","valid"
"test","000829_jpg.rf.6fb57a9d2532654972e20d8999a2e4b0.jpg","000829_jpg.rf.6fb57a9d2532654972e20d8999a2e4b0.txt","valid"
"test","00014_00025_00018_png.rf.757feac54d580f13de962e7dff27cf52.jpg","00014_00025_00018_png.rf.757feac54d580f13de962e7dff27cf52.txt","train"
"test","FisheyeCamera_1_00104_png.rf.451dd8faab09ffa2e2a41811496c0bb2.jpg","FisheyeCamera_1_00104_png.rf.451dd8faab09ffa2e2a41811496c0bb2.txt","test"
"test","00007_00002_00022_png.rf.479c328997ddf78993920df60450bb95.jpg","00007_00002_00022_png.rf.479c328997ddf78993920df60450bb95.txt","train"
"test","00005_00002_00020_png.rf.aff517bdec6b5751105d34dfdce3e5f6.jpg","00005_00002_00020_png.rf.aff517bdec6b5751105d34dfdce3e5f6.txt","train"
"test","000845_jpg.rf.8681232e8d4325635d302df041182fa1.jpg","000845_jpg.rf.8681232e8d4325635d302df041182fa1.txt","train"
"test","00007_00002_00000_png.rf.43e9792fb7c1853bc43f6b3ed4299664.jpg","00007_00002_00000_png.rf.43e9792fb7c1853bc43f6b3ed4299664.txt","train"
"test","00004_00021_00024_png.rf.6a7dcec24b88c0373179a4b77a9b918f.jpg","00004_00021_00024_png.rf.6a7dcec24b88c0373179a4b77a9b918f.txt","train"
"test","001002_jpg.rf.1a3bf454ae97abc75f157732bbb4d608.jpg","001002_jpg.rf.1a3bf454ae97abc75f157732bbb4d608.txt","train"
"test","000085_jpg.rf.ba2e4aad158e2385e8930f924a31aa7a.jpg","000085_jpg.rf.ba2e4aad158e2385e8930f924a31aa7a.txt","train"
"test","000574_jpg.rf.abe31a2914c4256c8f3088e6c3b0a5d7.jpg","000574_jpg.rf.abe31a2914c4256c8f3088e6c3b0a5d7.txt","train"
"test","00000_00000_00013_png.rf.1b9f9b1e9b9ef2036c2bf1fddc6f709f.jpg","00000_00000_00013_png.rf.1b9f9b1e9b9ef2036c2bf1fddc6f709f.txt","test"
"test","000996_JPG_jpg.rf.237d4951ec812c78d340e4d0f584ee16.jpg","000996_JPG_jpg.rf.237d4951ec812c78d340e4d0f584ee16.txt","valid"
"test","00014_00008_00001_png.rf.9f24842e6023d2c264a1c9ac6ce7f6b6.jpg","00014_00008_00001_png.rf.9f24842e6023d2c264a1c9ac6ce7f6b6.txt","train"
"test","00005_00056_00009_png.rf.cbb906b4443f6b47a067d24af40a58c9.jpg","00005_00056_00009_png.rf.cbb906b4443f6b47a067d24af40a58c9.txt","train"
"test","000187_jpg.rf.015bd1104f9413d2923cc2cb4c4e95bc.jpg","000187_jpg.rf.015bd1104f9413d2923cc2cb4c4e95bc.txt","valid"
"test","000936_jpg.rf.3f7d1878c12c6054762aa02500611162.jpg","000936_jpg.rf.3f7d1878c12c6054762aa02500611162.txt","test"
"test","001058_jpg.rf.ad32fa06435cfd71c2452e25c4170d54.jpg","001058_jpg.rf.ad32fa06435cfd71c2452e25c4170d54.txt","train"
"test","00014_00013_00002_png.rf.c0debe5e48c0734f7c8320c0b3b69a97.jpg","00014_00013_00002_png.rf.c0debe5e48c0734f7c8320c0b3b69a97.txt","train"
"test","000071_jpg.rf.fcec5df9a9d5b3b6b58089d6ffbccf5c.jpg","000071_jpg.rf.fcec5df9a9d5b3b6b58089d6ffbccf5c.txt","train"
"test","road735_png.rf.1ebc3ee630b70137cb4ef42e768f4d6b.jpg","road735_png.rf.1ebc3ee630b70137cb4ef42e768f4d6b.txt","train"
"test","00014_00021_00014_png.rf.89da9fa744ef327d6e44bc2541b60877.jpg","00014_00021_00014_png.rf.89da9fa744ef327d6e44bc2541b60877.txt","train"
"test","00002_00004_00025_png.rf.c84d63ce60d32613135c03a03b66a858.jpg","00002_00004_00025_png.rf.c84d63ce60d32613135c03a03b66a858.txt","test"
"test","FisheyeCamera_1_00102_png.rf.63d6f6ddd7d98389bcbb25a5f083b2a0.jpg","FisheyeCamera_1_00102_png.rf.63d6f6ddd7d98389bcbb25a5f083b2a0.txt","train"
"test","00000_00004_00009_png.rf.db97418b4bf99303c4e82e1b9ff0a2b8.jpg","00000_00004_00009_png.rf.db97418b4bf99303c4e82e1b9ff0a2b8.txt","train"
"test","000119_jpg.rf.2b867bf72007d3a30bf74aedf83261f0.jpg","000119_jpg.rf.2b867bf72007d3a30bf74aedf83261f0.txt","train"
"test","FisheyeCamera_1_00302_png.rf.7c2aef147e4936a7f17af0526ad435ac.jpg","FisheyeCamera_1_00302_png.rf.7c2aef147e4936a7f17af0526ad435ac.txt","test"
"test","road691_png.rf.200f69cd1c84363189a9b60028662769.jpg","road691_png.rf.200f69cd1c84363189a9b60028662769.txt","test"
"test","road798_png.rf.7e6d1890f85e4ab103b92dbddc5df6f9.jpg","road798_png.rf.7e6d1890f85e4ab103b92dbddc5df6f9.txt","valid"
"test","00007_00005_00005_png.rf.61b227ae3810af6d4ea40bbb8623de64.jpg","00007_00005_00005_png.rf.61b227ae3810af6d4ea40bbb8623de64.txt","train"
"test","00004_00047_00024_png.rf.2d909ddee61451ebc3fa456b13aa8f63.jpg","00004_00047_00024_png.rf.2d909ddee61451ebc3fa456b13aa8f63.txt","train"
"test","road865_png.rf.ec076e11cf4ce5261326b81da73bc81b.jpg","road865_png.rf.ec076e11cf4ce5261326b81da73bc81b.txt","test"
"test","00000_00006_00029_png.rf.aed0ce62b59b2a30c03bd0541660e206.jpg","00000_00006_00029_png.rf.aed0ce62b59b2a30c03bd0541660e206.txt","train"
"test","00000_00002_00029_png.rf.56f1030004340f9c48ef21fbf40819a1.jpg","00000_00002_00029_png.rf.56f1030004340f9c48ef21fbf40819a1.txt","valid"
"test","00007_00041_00000_png.rf.4b6bc55229c9dba45ed191de2c39b2b5.jpg","00007_00041_00000_png.rf.4b6bc55229c9dba45ed191de2c39b2b5.txt","test"
"test","000065_jpg.rf.57ebf648bfd7a3dc8d99102a99aefcd8.jpg","000065_jpg.rf.57ebf648bfd7a3dc8d99102a99aefcd8.txt","train"
"test","00004_00017_00006_png.rf.d19f8c137939b8cbec95c15d91943a96.jpg","00004_00017_00006_png.rf.d19f8c137939b8cbec95c15d91943a96.txt","valid"
"test","00008_00022_00021_png.rf.01ce0b843c16a93c41c8be5f54fdc6bf.jpg","00008_00022_00021_png.rf.01ce0b843c16a93c41c8be5f54fdc6bf.txt","train"
"test","00014_00021_00022_png.rf.8aed789077383dc22983becec438a3ff.jpg","00014_00021_00022_png.rf.8aed789077383dc22983becec438a3ff.txt","valid"
"test","00000_00000_00022_png.rf.e79f89d9df3cdd1190dd2cb324d7242d.jpg","00000_00000_00022_png.rf.e79f89d9df3cdd1190dd2cb324d7242d.txt","train"
"test","000889_JPG_jpg.rf.f00c3671ca60444ef6f3bd85a7fe8835.jpg","000889_JPG_jpg.rf.f00c3671ca60444ef6f3bd85a7fe8835.txt","train"
"test","00000_00003_00005_png.rf.1ca3f43baf629645d5cca9ecb3f3d845.jpg","00000_00003_00005_png.rf.1ca3f43baf629645d5cca9ecb3f3d845.txt","test"
"test","00014_00006_00021_png.rf.3dcd58055f13d758798a7f4f6e1d420c.jpg","00014_00006_00021_png.rf.3dcd58055f13d758798a7f4f6e1d420c.txt","train"
"test","00001_00057_00016_png.rf.e86d303a0d6231e3fa2b938b8589fa29.jpg","00001_00057_00016_png.rf.e86d303a0d6231e3fa2b938b8589fa29.txt","train"
"test","001207_jpg.rf.e6e063f860f3e487367a8f785e83a5b0.jpg","001207_jpg.rf.e6e063f860f3e487367a8f785e83a5b0.txt","valid"
"test","00001_00031_00012_png.rf.74e412313433ba7e4227773fdf861996.jpg","00001_00031_00012_png.rf.74e412313433ba7e4227773fdf861996.txt","valid"
"test","00014_00004_00014_png.rf.7ab88d12fafac592f4303b6ff623774a.jpg","00014_00004_00014_png.rf.7ab88d12fafac592f4303b6ff623774a.txt","train"
"test","00001_00036_00016_png.rf.27f2f198a9580c7f62f7ee8f853e1391.jpg","00001_00036_00016_png.rf.27f2f198a9580c7f62f7ee8f853e1391.txt","train"
"test","road518_png.rf.477440f9b487753b7d3ee5b5b54d1654.jpg","road518_png.rf.477440f9b487753b7d3ee5b5b54d1654.txt","train"
"test","road460_png.rf.464a60ef13247095147f8a2415b5c4dc.jpg","road460_png.rf.464a60ef13247095147f8a2415b5c4dc.txt","train"
"test","00001_00010_00006_png.rf.390c4ed02010f12a725503577fba113f.jpg","00001_00010_00006_png.rf.390c4ed02010f12a725503577fba113f.txt","train"
"test","00007_00010_00029_png.rf.f2126919877c076bef77be081e0eb1e4.jpg","00007_00010_00029_png.rf.f2126919877c076bef77be081e0eb1e4.txt","train"
"test","00003_00001_00000_png.rf.5b09a5113128ea484c37db6ade46a321.jpg","00003_00001_00000_png.rf.5b09a5113128ea484c37db6ade46a321.txt","valid"
"test","road113_png.rf.77158aec5e8ffe7f7237ea891b232549.jpg","road113_png.rf.77158aec5e8ffe7f7237ea891b232549.txt","train"
"test","001675_JPG_jpg.rf.82d8e0752c43dd2317a7f690887c7183.jpg","001675_JPG_jpg.rf.82d8e0752c43dd2317a7f690887c7183.txt","train"
"test","FisheyeCamera_1_01024_png.rf.0f4e1e0c509bf145e2b76c6e1d7fcb01.jpg","FisheyeCamera_1_01024_png.rf.0f4e1e0c509bf145e2b76c6e1d7fcb01.txt","valid"
"test","001990_jpg.rf.a6dd484b5ad251d3efaa763c96212d0c.jpg","001990_jpg.rf.a6dd484b5ad251d3efaa763c96212d0c.txt","train"
"test","001071_jpg.rf.21429b28d2f1e7eef21008289cdcbba6.jpg","001071_jpg.rf.21429b28d2f1e7eef21008289cdcbba6.txt","train"
"test","001025_png_jpg.rf.a9c6227ba377ca9819f30a93ab5f5366.jpg","001025_png_jpg.rf.a9c6227ba377ca9819f30a93ab5f5366.txt","train"
"test","001218_jpg.rf.654ea103bcaa086ec83001f8d77e8ea3.jpg","001218_jpg.rf.654ea103bcaa086ec83001f8d77e8ea3.txt","train"
"test","000887_JPG_jpg.rf.eb20385a9dd3804eb0b174977123a338.jpg","000887_JPG_jpg.rf.eb20385a9dd3804eb0b174977123a338.txt","train"
"test","road121_png.rf.39213fe2d629212f3fdcbf565559974e.jpg","road121_png.rf.39213fe2d629212f3fdcbf565559974e.txt","train"
"test","00005_00013_00017_png.rf.3b13c2ae82a0a2daea5419706c0fd08c.jpg","00005_00013_00017_png.rf.3b13c2ae82a0a2daea5419706c0fd08c.txt","train"
"test","road857_png.rf.323c67cfcc93c00bf11acff0720b7632.jpg","road857_png.rf.323c67cfcc93c00bf11acff0720b7632.txt","train"
"test","00000_00005_00027_png.rf.c917bda9525b757b6d2563b2bfdefd33.jpg","00000_00005_00027_png.rf.c917bda9525b757b6d2563b2bfdefd33.txt","test"
"test","000479_jpg.rf.fe5ddc759f07cc1219920111751ebac8.jpg","000479_jpg.rf.fe5ddc759f07cc1219920111751ebac8.txt","train"
"test","00008_00015_00023_png.rf.23e6244dfc93fcea48441b20edf4ed81.jpg","00008_00015_00023_png.rf.23e6244dfc93fcea48441b20edf4ed81.txt","valid"
"test","000349_jpg.rf.b8da08c7d55c83d7d5381f2e26228b59.jpg","000349_jpg.rf.b8da08c7d55c83d7d5381f2e26228b59.txt","train"
"test","000954_JPG_jpg.rf.f0c47e9a43394a345461caebf9caca2a.jpg","000954_JPG_jpg.rf.f0c47e9a43394a345461caebf9caca2a.txt","test"
"test","00005_00003_00012_png.rf.49015b84e83d220df9e29d815c6ff922.jpg","00005_00003_00012_png.rf.49015b84e83d220df9e29d815c6ff922.txt","test"
"test","road368_png.rf.a2f8f9931b7217556f2e30f4a9038706.jpg","road368_png.rf.a2f8f9931b7217556f2e30f4a9038706.txt","valid"
"test","00004_00015_00022_png.rf.0763d9de7adac171fab8e7d113424de8.jpg","00004_00015_00022_png.rf.0763d9de7adac171fab8e7d113424de8.txt","train"
"test","road494_png.rf.e16dfa1411bdf4b21ef704235236edc8.jpg","road494_png.rf.e16dfa1411bdf4b21ef704235236edc8.txt","train"
"test","000840_jpg.rf.6517ef3962cae5ce6337f1c8a13e4656.jpg","000840_jpg.rf.6517ef3962cae5ce6337f1c8a13e4656.txt","train"
"test","00003_00010_00020_png.rf.86b2c6264ee7ab17bc51f87891e76447.jpg","00003_00010_00020_png.rf.86b2c6264ee7ab17bc51f87891e76447.txt","train"
"test","00001_00004_00017_png.rf.1e17fbd0886789b909316b56ea6bf39c.jpg","00001_00004_00017_png.rf.1e17fbd0886789b909316b56ea6bf39c.txt","valid"
"test","001433_jpg.rf.99fc52d47bbb785b919d9c43f167cf9a.jpg","001433_jpg.rf.99fc52d47bbb785b919d9c43f167cf9a.txt","train"
"test","FisheyeCamera_1_00303_png.rf.2b8304e3c09eb36009c7dc5189ab299e.jpg","FisheyeCamera_1_00303_png.rf.2b8304e3c09eb36009c7dc5189ab299e.txt","train"
"test","00014_00006_00008_png.rf.7b67069d7c149de8a5ed54f02afe8cd1.jpg","00014_00006_00008_png.rf.7b67069d7c149de8a5ed54f02afe8cd1.txt","train"
"test","00014_00009_00000_png.rf.7c6ccf059b3c087666a517ef807b555e.jpg","00014_00009_00000_png.rf.7c6ccf059b3c087666a517ef807b555e.txt","valid"
"test","road826_png.rf.73615560d8510bb2f4861f142056221f.jpg","road826_png.rf.73615560d8510bb2f4861f142056221f.txt","train"
"test","000313_jpg.rf.bef9cfa9f73235dbe02419169248a826.jpg","000313_jpg.rf.bef9cfa9f73235dbe02419169248a826.txt","train"
"test","road573_png.rf.aa5fd8001e864ee21be57e492afb8fa9.jpg","road573_png.rf.aa5fd8001e864ee21be57e492afb8fa9.txt","test"
"test","FisheyeCamera_1_00605_png.rf.cc9c755f76ec72e32078df263d0f5305.jpg","FisheyeCamera_1_00605_png.rf.cc9c755f76ec72e32078df263d0f5305.txt","train"
"test","00005_00021_00020_png.rf.379316e65a89137d47fc0da083d9f53f.jpg","00005_00021_00020_png.rf.379316e65a89137d47fc0da083d9f53f.txt","train"
"test","001943_jpg.rf.022b1f2d421499867ba1d83409e9f876.jpg","001943_jpg.rf.022b1f2d421499867ba1d83409e9f876.txt","train"
"test","00008_00000_00025_png.rf.c1e9429ceeb56de24b5a8fe2f56f5fb8.jpg","00008_00000_00025_png.rf.c1e9429ceeb56de24b5a8fe2f56f5fb8.txt","valid"
"test","00004_00060_00009_png.rf.728df467074ef557a809b2752a58820c.jpg","00004_00060_00009_png.rf.728df467074ef557a809b2752a58820c.txt","train"
"test","FisheyeCamera_1_00483_png.rf.31c5a135153ab4619094bd68cbd2fc2d.jpg","FisheyeCamera_1_00483_png.rf.31c5a135153ab4619094bd68cbd2fc2d.txt","train"
"test","FisheyeCamera_1_00379_png.rf.37f8752fda42f1285a627fdcb94f179f.jpg","FisheyeCamera_1_00379_png.rf.37f8752fda42f1285a627fdcb94f179f.txt","train"
"test","000505_jpg.rf.b5743902aaac105adc94295e5a4c8c10.jpg","000505_jpg.rf.b5743902aaac105adc94295e5a4c8c10.txt","train"
"test","00003_00044_00012_png.rf.15732f2bda8fa2f26364a54b09c27fbc.jpg","00003_00044_00012_png.rf.15732f2bda8fa2f26364a54b09c27fbc.txt","valid"
"test","000793_jpg.rf.9fab65094b73dcf34a1bbd884640c243.jpg","000793_jpg.rf.9fab65094b73dcf34a1bbd884640c243.txt","train"
"test","00007_00004_00014_png.rf.4889b344080db7cb2e01d87fc0bd3974.jpg","00007_00004_00014_png.rf.4889b344080db7cb2e01d87fc0bd3974.txt","train"
"test","000871_jpg.rf.c614c5facdc7bb8dac76f5f76f116d40.jpg","000871_jpg.rf.c614c5facdc7bb8dac76f5f76f116d40.txt","train"
"test","FisheyeCamera_1_00085_png.rf.ebc66d965f5732dc96811a194eaa43df.jpg","FisheyeCamera_1_00085_png.rf.ebc66d965f5732dc96811a194eaa43df.txt","train"
"test","00008_00012_00022_png.rf.cea3fca537d0f1e7f65fa625d27bf576.jpg","00008_00012_00022_png.rf.cea3fca537d0f1e7f65fa625d27bf576.txt","test"
"test","00000_00001_00018_png.rf.490742671ac644a1d2a8cf4d427d1c4c.jpg","00000_00001_00018_png.rf.490742671ac644a1d2a8cf4d427d1c4c.txt","train"
"test","road416_png.rf.72d6065e7ab0897e02a09f2b600b34da.jpg","road416_png.rf.72d6065e7ab0897e02a09f2b600b34da.txt","train"
"test","000128_jpg.rf.b6fbf684b9c4fda8b6920e3eeebc7b0b.jpg","000128_jpg.rf.b6fbf684b9c4fda8b6920e3eeebc7b0b.txt","train"
"test","001088_jpg.rf.eb1226979d3e93f7726c20b5d0f02f54.jpg","001088_jpg.rf.eb1226979d3e93f7726c20b5d0f02f54.txt","train"
"test","000110_jpg.rf.dcaaf23d5f8d2458424a64ad10dbcc5b.jpg","000110_jpg.rf.dcaaf23d5f8d2458424a64ad10dbcc5b.txt","train"
"test","000796_jpg.rf.004ad09c87aabc31773270dedbc5cea9.jpg","000796_jpg.rf.004ad09c87aabc31773270dedbc5cea9.txt","train"
"test","FisheyeCamera_1_00336_png.rf.563266d9be356107e6c3c28376fa9fbc.jpg","FisheyeCamera_1_00336_png.rf.563266d9be356107e6c3c28376fa9fbc.txt","valid"
"test","FisheyeCamera_1_00068_png.rf.5d292ba19af358e19a1162104caa2028.jpg","FisheyeCamera_1_00068_png.rf.5d292ba19af358e19a1162104caa2028.txt","train"
"test","road60_png.rf.713d474ed1a6735a375b4cc17037025c.jpg","road60_png.rf.713d474ed1a6735a375b4cc17037025c.txt","valid"
"test","000722_jpg.rf.22926d57c2b5e67c62304bbc957c1399.jpg","000722_jpg.rf.22926d57c2b5e67c62304bbc957c1399.txt","test"
"test","00014_00003_00011_png.rf.165451273276df9ed496cbed5074e297.jpg","00014_00003_00011_png.rf.165451273276df9ed496cbed5074e297.txt","train"
"test","00001_00060_00000_png.rf.12d203e1a6961108b0760598826a50ac.jpg","00001_00060_00000_png.rf.12d203e1a6961108b0760598826a50ac.txt","train"
"test","000565_jpg.rf.a912dfe8f0c5c31848005d5cc531a9ad.jpg","000565_jpg.rf.a912dfe8f0c5c31848005d5cc531a9ad.txt","train"
"test","00000_00003_00029_png.rf.ed96f769d5200853d80d67e2a749b2f3.jpg","00000_00003_00029_png.rf.ed96f769d5200853d80d67e2a749b2f3.txt","train"
"test","000020_jpg.rf.48a11c4f9b3ded65ccad111175ed2dcc.jpg","000020_jpg.rf.48a11c4f9b3ded65ccad111175ed2dcc.txt","valid"
"test","000929_JPG_jpg.rf.0b2d4e58eb7b2d9983cca6dadff77a40.jpg","000929_JPG_jpg.rf.0b2d4e58eb7b2d9983cca6dadff77a40.txt","train"
"test","00002_00034_00004_png.rf.6bd8d075cd9031c089d3b9dd657aed06.jpg","00002_00034_00004_png.rf.6bd8d075cd9031c089d3b9dd657aed06.txt","train"
"test","road533_png.rf.f00176d466cfe9237f1e9773231ba408.jpg","road533_png.rf.f00176d466cfe9237f1e9773231ba408.txt","train"
"test","00002_00022_00011_png.rf.472ca129b24df4b44be8209cd2ef04a2.jpg","00002_00022_00011_png.rf.472ca129b24df4b44be8209cd2ef04a2.txt","train"
"test","000973_JPG_jpg.rf.41c54dd61a7694cde7b671302130a2bc.jpg","000973_JPG_jpg.rf.41c54dd61a7694cde7b671302130a2bc.txt","train"
"test","road752_png.rf.3905601d9f3ee56118f8e133ce4d45f9.jpg","road752_png.rf.3905601d9f3ee56118f8e133ce4d45f9.txt","train"
"test","00002_00009_00017_png.rf.28651d1fed4f514ba462cd3079e922d4.jpg","00002_00009_00017_png.rf.28651d1fed4f514ba462cd3079e922d4.txt","valid"
"test","00008_00043_00021_png.rf.4264c8c151b9180503d796435cd084ce.jpg","00008_00043_00021_png.rf.4264c8c151b9180503d796435cd084ce.txt","train"
"test","000521_jpg.rf.bfcafdd575a6c3c43ad0552dd070ce7a.jpg","000521_jpg.rf.bfcafdd575a6c3c43ad0552dd070ce7a.txt","valid"
"test","FisheyeCamera_1_00454_png.rf.475efe815131adc48b83673e401a8a46.jpg","FisheyeCamera_1_00454_png.rf.475efe815131adc48b83673e401a8a46.txt","train"
"test","00004_00038_00015_png.rf.c5ae250e5bdcf149eadcfd653d8185c6.jpg","00004_00038_00015_png.rf.c5ae250e5bdcf149eadcfd653d8185c6.txt","valid"
"test","00000_00000_00019_png.rf.59ef9179973e03d12155b7c8e7e6da91.jpg","00000_00000_00019_png.rf.59ef9179973e03d12155b7c8e7e6da91.txt","train"
"test","132fb160-d28e-4f53-9247-0ff9d3c89d78_jpg.rf.8c7d4f12f84fed0db3b7bc381a9a048d.jpg","132fb160-d28e-4f53-9247-0ff9d3c89d78_jpg.rf.8c7d4f12f84fed0db3b7bc381a9a048d.txt","train"
"test","001036_jpg.rf.e2209b071646ac3a60b2ea77c831736c.jpg","001036_jpg.rf.e2209b071646ac3a60b2ea77c831736c.txt","train"
"test","000595_jpg.rf.0eda610cebcedeeb5d33e4cc6851c6db.jpg","000595_jpg.rf.0eda610cebcedeeb5d33e4cc6851c6db.txt","test"
"test","road379_png.rf.095a464f44dcb9dc5dc95df1eb815236.jpg","road379_png.rf.095a464f44dcb9dc5dc95df1eb815236.txt","train"
"test","road529_png.rf.2c1b7ec7fa2e3475aeb600cda7b6723f.jpg","road529_png.rf.2c1b7ec7fa2e3475aeb600cda7b6723f.txt","train"
"test","00005_00015_00011_png.rf.24f7f36840e4366a5c551078697ad6e3.jpg","00005_00015_00011_png.rf.24f7f36840e4366a5c551078697ad6e3.txt","train"
"test","00002_00016_00015_png.rf.e424cce8ec958423d870f207ee9a111a.jpg","00002_00016_00015_png.rf.e424cce8ec958423d870f207ee9a111a.txt","train"
"test","058385a7-7e35-4e78-8fb4-1f704392e000_jpg.rf.0c2864af34c4bb1b3b7cc1fa27d14a34.jpg","058385a7-7e35-4e78-8fb4-1f704392e000_jpg.rf.0c2864af34c4bb1b3b7cc1fa27d14a34.txt","train"
"test","road74_png.rf.f07dfd250daee4e7435c2235eb3c0ec8.jpg","road74_png.rf.f07dfd250daee4e7435c2235eb3c0ec8.txt","train"
"test","road739_png.rf.ee05b69686f0780ed84f881ba0b2378e.jpg","road739_png.rf.ee05b69686f0780ed84f881ba0b2378e.txt","train"
"test","FisheyeCamera_1_00574_png.rf.b88232880a78dee0334f63c17f40ba8e.jpg","FisheyeCamera_1_00574_png.rf.b88232880a78dee0334f63c17f40ba8e.txt","valid"
"test","road426_png.rf.85331f5f4317899b488a57b5fc76e468.jpg","road426_png.rf.85331f5f4317899b488a57b5fc76e468.txt","train"
"test","FisheyeCamera_1_00922_png.rf.d2f15cc67c711bd166a2a0890d3835b3.jpg","FisheyeCamera_1_00922_png.rf.d2f15cc67c711bd166a2a0890d3835b3.txt","test"
"test","00003_00021_00026_png.rf.6a7f3dd0ef7e812951fb2273db1fdd59.jpg","00003_00021_00026_png.rf.6a7f3dd0ef7e812951fb2273db1fdd59.txt","train"
"test","FisheyeCamera_1_00278_png.rf.e791d687840ee39fd330d5b7f52c49b0.jpg","FisheyeCamera_1_00278_png.rf.e791d687840ee39fd330d5b7f52c49b0.txt","train"
"test","00005_00044_00002_png.rf.7abdf963a5516136b810beb093ca3e6a.jpg","00005_00044_00002_png.rf.7abdf963a5516136b810beb093ca3e6a.txt","train"
"test","00000_00000_00016_png.rf.938e862029d4591c4981a1b3e691699a.jpg","00000_00000_00016_png.rf.938e862029d4591c4981a1b3e691699a.txt","train"
"test","00007_00010_00027_png.rf.9fc5eb08a5cf1ca9d574d0c073631ab4.jpg","00007_00010_00027_png.rf.9fc5eb08a5cf1ca9d574d0c073631ab4.txt","valid"
"test","00000_00004_00011_png.rf.cf2b6e470d9f4817e27fcd69ebea2f1b.jpg","00000_00004_00011_png.rf.cf2b6e470d9f4817e27fcd69ebea2f1b.txt","train"
"test","001290_jpg.rf.b9e571a78453d888da0cbf6446a2bd53.jpg","001290_jpg.rf.b9e571a78453d888da0cbf6446a2bd53.txt","test"
"test","fe70f927-cb53-477a-9466-861bbb6a5c02_jpg.rf.b09d990cccae2634d07064cb7812340b.jpg","fe70f927-cb53-477a-9466-861bbb6a5c02_jpg.rf.b09d990cccae2634d07064cb7812340b.txt","valid"
"test","000432_jpg.rf.288943a7a0a71438762b405a73af1b0a.jpg","000432_jpg.rf.288943a7a0a71438762b405a73af1b0a.txt","valid"
"test","000879_jpg.rf.d2a5c6b56b030c69bd631696e08a249e.jpg","000879_jpg.rf.d2a5c6b56b030c69bd631696e08a249e.txt","train"
"test","00001_00011_00017_png.rf.6b4f1b8c819df629cc74365c758575bd.jpg","00001_00011_00017_png.rf.6b4f1b8c819df629cc74365c758575bd.txt","train"
"test","00003_00003_00021_png.rf.92c236d36133c658ca2f7549582bf543.jpg","00003_00003_00021_png.rf.92c236d36133c658ca2f7549582bf543.txt","train"
"test","00004_00060_00019_png.rf.aa0f359ab9d37c4af21f709b1f3f6290.jpg","00004_00060_00019_png.rf.aa0f359ab9d37c4af21f709b1f3f6290.txt","valid"
"test","00001_00066_00018_png.rf.4d8bb86b79e77a59cbd296ce0ffb830e.jpg","00001_00066_00018_png.rf.4d8bb86b79e77a59cbd296ce0ffb830e.txt","valid"
"test","FisheyeCamera_1_00633_png.rf.a10ae469370bc8d56ade7472642a00a2.jpg","FisheyeCamera_1_00633_png.rf.a10ae469370bc8d56ade7472642a00a2.txt","train"
"test","FisheyeCamera_1_00013_png.rf.e34906e122fa5faa499e8cb862041260.jpg","FisheyeCamera_1_00013_png.rf.e34906e122fa5faa499e8cb862041260.txt","train"
"test","FisheyeCamera_1_01096_png.rf.64f3f99b3603af047eb85ea3f689168f.jpg","FisheyeCamera_1_01096_png.rf.64f3f99b3603af047eb85ea3f689168f.txt","train"
"test","00007_00023_00022_png.rf.919cbe589d3946c8ab79f0aec6d54c3d.jpg","00007_00023_00022_png.rf.919cbe589d3946c8ab79f0aec6d54c3d.txt","train"
"test","000152_jpg.rf.8a6f089038fca091cf752321dc1824af.jpg","000152_jpg.rf.8a6f089038fca091cf752321dc1824af.txt","train"
"test","00004_00034_00013_png.rf.44836dca6136d9df04f27a1c772fe026.jpg","00004_00034_00013_png.rf.44836dca6136d9df04f27a1c772fe026.txt","train"
"test","00001_00033_00011_png.rf.25916d651554e344104920ae3d15e3fe.jpg","00001_00033_00011_png.rf.25916d651554e344104920ae3d15e3fe.txt","train"
"test","001665_JPG_jpg.rf.be265994816f5b13bcd39bc439b0bdf1.jpg","001665_JPG_jpg.rf.be265994816f5b13bcd39bc439b0bdf1.txt","train"
"test","000633_jpg.rf.48e1bce05895f87c1ba77c9998f19389.jpg","000633_jpg.rf.48e1bce05895f87c1ba77c9998f19389.txt","train"
"test","001077_jpg.rf.e6fa994236a054cca78351148af8d084.jpg","001077_jpg.rf.e6fa994236a054cca78351148af8d084.txt","train"
"test","00000_00003_00028_png.rf.960bf9f49640e5ea48ef995a28577d2c.jpg","00000_00003_00028_png.rf.960bf9f49640e5ea48ef995a28577d2c.txt","valid"
"test","00014_00006_00014_png.rf.7dbe64d4a6b65927f247e71d6e9e8cda.jpg","00014_00006_00014_png.rf.7dbe64d4a6b65927f247e71d6e9e8cda.txt","train"
"test","00002_00065_00003_png.rf.dab905d58e32fcb6e3d6af58b1551ed0.jpg","00002_00065_00003_png.rf.dab905d58e32fcb6e3d6af58b1551ed0.txt","train"
"test","FisheyeCamera_1_00018_png.rf.024e5db000868773b41463a9bc60b285.jpg","FisheyeCamera_1_00018_png.rf.024e5db000868773b41463a9bc60b285.txt","test"
"test","road520_png.rf.9ba621398679249441b3e2bf2ac43e5c.jpg","road520_png.rf.9ba621398679249441b3e2bf2ac43e5c.txt","test"
"test","00008_00020_00014_png.rf.8104d1a72bbad0a6f4750bfe16e80a81.jpg","00008_00020_00014_png.rf.8104d1a72bbad0a6f4750bfe16e80a81.txt","train"
"test","00002_00025_00000_png.rf.cc9d1de3fc2dfee0c8767f6de9079b52.jpg","00002_00025_00000_png.rf.cc9d1de3fc2dfee0c8767f6de9079b52.txt","train"
"test","00004_00030_00006_png.rf.f69f05f02525659e995ee9895af0f1d1.jpg","00004_00030_00006_png.rf.f69f05f02525659e995ee9895af0f1d1.txt","train"
"test","00000_00005_00014_png.rf.d2da92d2ea3b5217e724f85dfffc0f5a.jpg","00000_00005_00014_png.rf.d2da92d2ea3b5217e724f85dfffc0f5a.txt","train"
"test","001005_jpg.rf.21c91a7ed69e40d1d7be12b4f0b3bea8.jpg","001005_jpg.rf.21c91a7ed69e40d1d7be12b4f0b3bea8.txt","train"
"test","000953_JPG_jpg.rf.daa57471ec9786007806890372800108.jpg","000953_JPG_jpg.rf.daa57471ec9786007806890372800108.txt","train"
"test","FisheyeCamera_1_00456_png.rf.3d9ddaaa155338f423231577f4bcc59c.jpg","FisheyeCamera_1_00456_png.rf.3d9ddaaa155338f423231577f4bcc59c.txt","valid"
"test","FisheyeCamera_1_00018_png.rf.19710f397e1515da51ca37539e8f7389.jpg","FisheyeCamera_1_00018_png.rf.19710f397e1515da51ca37539e8f7389.txt","train"
"test","00003_00010_00016_png.rf.5f69f194a62559c9022126f875e4e7e4.jpg","00003_00010_00016_png.rf.5f69f194a62559c9022126f875e4e7e4.txt","train"
"test","00008_00012_00026_png.rf.faeb75c77f498ad118b7558eb714148d.jpg","00008_00012_00026_png.rf.faeb75c77f498ad118b7558eb714148d.txt","valid"
"test","000035_jpg.rf.2991418ed5eb15fa62f53b2cb031b955.jpg","000035_jpg.rf.2991418ed5eb15fa62f53b2cb031b955.txt","train"
"test","000058_jpg.rf.2826299d1b620fa43e72a8bf6f800084.jpg","000058_jpg.rf.2826299d1b620fa43e72a8bf6f800084.txt","valid"
"test","00001_00057_00014_png.rf.9b61ec227c896cb61db070edfa9dfcdc.jpg","00001_00057_00014_png.rf.9b61ec227c896cb61db070edfa9dfcdc.txt","train"
"test","00014_00001_00005_png.rf.cea9de486193e4b212231cdad990df29.jpg","00014_00001_00005_png.rf.cea9de486193e4b212231cdad990df29.txt","train"
"test","00001_00027_00013_png.rf.dc59ee9bdb6c1474e316fdd4a62d1911.jpg","00001_00027_00013_png.rf.dc59ee9bdb6c1474e316fdd4a62d1911.txt","train"
"test","00003_00004_00008_png.rf.804c6dd776a936b733948099d2f35b4e.jpg","00003_00004_00008_png.rf.804c6dd776a936b733948099d2f35b4e.txt","train"
"test","00008_00011_00006_png.rf.31c2c35b59dbbbc909eb4c90b6cff449.jpg","00008_00011_00006_png.rf.31c2c35b59dbbbc909eb4c90b6cff449.txt","test"
"test","00005_00044_00008_png.rf.68d2e7baf7b5f863f3bd3971e24290c4.jpg","00005_00044_00008_png.rf.68d2e7baf7b5f863f3bd3971e24290c4.txt","train"
"test","000181_jpg.rf.00932e8b3661ed0f22d38c7cef6acb56.jpg","000181_jpg.rf.00932e8b3661ed0f22d38c7cef6acb56.txt","train"
"test","000033_jpg.rf.99c66cbd7d637778555e387ff4399280.jpg","000033_jpg.rf.99c66cbd7d637778555e387ff4399280.txt","train"
"test","000800_jpg.rf.dfbaf3c672f5a4850030bc4f3159bf59.jpg","000800_jpg.rf.dfbaf3c672f5a4850030bc4f3159bf59.txt","train"
"test","00005_00014_00003_png.rf.32af8262bec7d780730b7967e6fe3442.jpg","00005_00014_00003_png.rf.32af8262bec7d780730b7967e6fe3442.txt","train"
"test","000009_jpg.rf.7a487ecfd58a63f20bef23e30ad225b0.jpg","000009_jpg.rf.7a487ecfd58a63f20bef23e30ad225b0.txt","train"
"test","00003_00008_00014_png.rf.f9d548761611d69cad4471822e771d27.jpg","00003_00008_00014_png.rf.f9d548761611d69cad4471822e771d27.txt","valid"
"test","road757_png.rf.ad531406e17fdcb09078dab6b20b51df.jpg","road757_png.rf.ad531406e17fdcb09078dab6b20b51df.txt","train"
"test","00003_00003_00005_png.rf.bb1550e61511959a7ebd3aa363b039e9.jpg","00003_00003_00005_png.rf.bb1550e61511959a7ebd3aa363b039e9.txt","train"
"test","FisheyeCamera_1_00166_png.rf.c721dd3d70633dccc71397b80b83f934.jpg","FisheyeCamera_1_00166_png.rf.c721dd3d70633dccc71397b80b83f934.txt","train"
"test","001280_jpg.rf.62a695c36a8780ebbcd9855534903398.jpg","001280_jpg.rf.62a695c36a8780ebbcd9855534903398.txt","valid"
"test","00000_00001_00017_png.rf.e7428667790f470e93cd26d775232663.jpg","00000_00001_00017_png.rf.e7428667790f470e93cd26d775232663.txt","valid"
"test","00003_00028_00012_png.rf.635c9b9303963b7ae85c29f95097b81c.jpg","00003_00028_00012_png.rf.635c9b9303963b7ae85c29f95097b81c.txt","train"
"test","00001_00058_00006_png.rf.91b57b78512e2aae9d61c434a97b7cf4.jpg","00001_00058_00006_png.rf.91b57b78512e2aae9d61c434a97b7cf4.txt","train"
"test","000887_jpg.rf.ef0c19bacd233003b7ff70ebc8bd9633.jpg","000887_jpg.rf.ef0c19bacd233003b7ff70ebc8bd9633.txt","test"
"test","000242_jpg.rf.311a8c313fc7e2ef2e96c76a5d01c4fb.jpg","000242_jpg.rf.311a8c313fc7e2ef2e96c76a5d01c4fb.txt","valid"
"test","road618_png.rf.f3eb8f7b1bfd73cb6517104ca2854100.jpg","road618_png.rf.f3eb8f7b1bfd73cb6517104ca2854100.txt","train"
"test","000754_jpg.rf.fde5c99eb1950828d7ed26c2cc391dd6.jpg","000754_jpg.rf.fde5c99eb1950828d7ed26c2cc391dd6.txt","valid"
"test","001625_JPG_jpg.rf.0014d9f58558b2b4357106c9e7016637.jpg","001625_JPG_jpg.rf.0014d9f58558b2b4357106c9e7016637.txt","train"
"test","FisheyeCamera_1_00144_png.rf.bc1718c60393752ce9aeda690b1f088f.jpg","FisheyeCamera_1_00144_png.rf.bc1718c60393752ce9aeda690b1f088f.txt","valid"
"test","00003_00013_00014_png.rf.5cebe3e5f3878ee74ca1e61e8acbd2bc.jpg","00003_00013_00014_png.rf.5cebe3e5f3878ee74ca1e61e8acbd2bc.txt","valid"
"test","001607_JPG_jpg.rf.7a09ef91bada1e03e43595d4e4f9cfca.jpg","001607_JPG_jpg.rf.7a09ef91bada1e03e43595d4e4f9cfca.txt","test"
"test","00014_00021_00026_png.rf.6424e5b0bf3749257c3d2ff79a28e135.jpg","00014_00021_00026_png.rf.6424e5b0bf3749257c3d2ff79a28e135.txt","train"
"test","00004_00010_00009_png.rf.b02496785355c905f819791abcf41271.jpg","00004_00010_00009_png.rf.b02496785355c905f819791abcf41271.txt","valid"
"test","00004_00036_00009_png.rf.3bf0c75e0b2826e3d0401c461ea4a818.jpg","00004_00036_00009_png.rf.3bf0c75e0b2826e3d0401c461ea4a818.txt","train"
"test","00001_00022_00002_png.rf.51e6b16ad76b8dbd6f6acfbbf34ea710.jpg","00001_00022_00002_png.rf.51e6b16ad76b8dbd6f6acfbbf34ea710.txt","train"
"test","00014_00004_00013_png.rf.30f3bff5465e9388d161fa7fb8e9d67f.jpg","00014_00004_00013_png.rf.30f3bff5465e9388d161fa7fb8e9d67f.txt","train"
"test","00014_00024_00017_png.rf.73c09fccee9995621cde546207ef0a45.jpg","00014_00024_00017_png.rf.73c09fccee9995621cde546207ef0a45.txt","train"
"test","00003_00003_00018_png.rf.c5cf0664cbda41b7391ee9053993df40.jpg","00003_00003_00018_png.rf.c5cf0664cbda41b7391ee9053993df40.txt","train"
"test","00004_00052_00015_png.rf.32b4f7330f09bdd8ed48cba7f7fe12aa.jpg","00004_00052_00015_png.rf.32b4f7330f09bdd8ed48cba7f7fe12aa.txt","train"
"test","00014_00015_00006_png.rf.7a85adc81e4fbc963a8267b652b2dbec.jpg","00014_00015_00006_png.rf.7a85adc81e4fbc963a8267b652b2dbec.txt","train"
"test","road766_png.rf.726f5d13a6629d9cf4276814b41b6e27.jpg","road766_png.rf.726f5d13a6629d9cf4276814b41b6e27.txt","valid"
"test","2257b962-595c-43ae-8f0d-575f1b55beb8_jpg.rf.6dc0555ce85fa8012dfd22f748f65a58.jpg","2257b962-595c-43ae-8f0d-575f1b55beb8_jpg.rf.6dc0555ce85fa8012dfd22f748f65a58.txt","test"
"test","00002_00031_00009_png.rf.4ebfb5eed1a5b55619581967a19b5351.jpg","00002_00031_00009_png.rf.4ebfb5eed1a5b55619581967a19b5351.txt","train"
"test","000528_jpg.rf.247df05aa55cd2ffa568bf2ce9721e73.jpg","000528_jpg.rf.247df05aa55cd2ffa568bf2ce9721e73.txt","train"
"test","00014_00010_00015_png.rf.e31ba290a451d37de1713cf1cae9db28.jpg","00014_00010_00015_png.rf.e31ba290a451d37de1713cf1cae9db28.txt","train"
"test","001698_JPG_jpg.rf.b081cbbd1c8d7046ce52a2a716d3ad42.jpg","001698_JPG_jpg.rf.b081cbbd1c8d7046ce52a2a716d3ad42.txt","train"
"test","001478_jpg.rf.5e93e357f02dba0e6054593e7673052d.jpg","001478_jpg.rf.5e93e357f02dba0e6054593e7673052d.txt","test"
"test","FisheyeCamera_1_00979_png.rf.1870c29fc0f7d622aef713d360d61e3d.jpg","FisheyeCamera_1_00979_png.rf.1870c29fc0f7d622aef713d360d61e3d.txt","train"
"test","FisheyeCamera_1_00341_png.rf.8dcf6b1930a1a0365299172aa984bd16.jpg","FisheyeCamera_1_00341_png.rf.8dcf6b1930a1a0365299172aa984bd16.txt","train"
"test","FisheyeCamera_1_00019_png.rf.e075506c04ea69c3d8a72772c2a0108b.jpg","FisheyeCamera_1_00019_png.rf.e075506c04ea69c3d8a72772c2a0108b.txt","valid"
"test","00000_00004_00013_png.rf.a419d5872818452f560f103020e1eb66.jpg","00000_00004_00013_png.rf.a419d5872818452f560f103020e1eb66.txt","train"
"test","00008_00012_00024_png.rf.b1ea1fa77a039d7ecd7ebfbebb3170e1.jpg","00008_00012_00024_png.rf.b1ea1fa77a039d7ecd7ebfbebb3170e1.txt","train"
"test","00000_00003_00020_png.rf.e466e73012f0efc28dc602690aa88828.jpg","00000_00003_00020_png.rf.e466e73012f0efc28dc602690aa88828.txt","valid"
"test","FisheyeCamera_1_00321_png.rf.062aa2882c037aff9712729ba9065f10.jpg","FisheyeCamera_1_00321_png.rf.062aa2882c037aff9712729ba9065f10.txt","train"
"test","road696_png.rf.4c99a49784bd2989f31749117e55e80d.jpg","road696_png.rf.4c99a49784bd2989f31749117e55e80d.txt","train"
"test","FisheyeCamera_1_00211_png.rf.a0471ee5626c6c2dddcba1ee7ddf07da.jpg","FisheyeCamera_1_00211_png.rf.a0471ee5626c6c2dddcba1ee7ddf07da.txt","test"
"test","000405_jpg.rf.5708ea01a5bb2bcfc443ee90a08ecc85.jpg","000405_jpg.rf.5708ea01a5bb2bcfc443ee90a08ecc85.txt","train"
"test","001019_jpg.rf.81df7884333b62b8989f4f132a07cd40.jpg","001019_jpg.rf.81df7884333b62b8989f4f132a07cd40.txt","train"
"test","00002_00067_00001_png.rf.e7f0ca7fc31be1d179a7f8123609d53b.jpg","00002_00067_00001_png.rf.e7f0ca7fc31be1d179a7f8123609d53b.txt","train"
"test","00014_00009_00014_png.rf.e9a01dd5c09c2eb8a17344f4f503ee3f.jpg","00014_00009_00014_png.rf.e9a01dd5c09c2eb8a17344f4f503ee3f.txt","test"
"test","FisheyeCamera_1_00148_png.rf.7b99504fb85fd61c2092daaa154c5a11.jpg","FisheyeCamera_1_00148_png.rf.7b99504fb85fd61c2092daaa154c5a11.txt","train"
"test","00001_00057_00012_png.rf.bd0a97f206f7c9c97a0c86fb7a8fdad2.jpg","00001_00057_00012_png.rf.bd0a97f206f7c9c97a0c86fb7a8fdad2.txt","train"
"test","00014_00008_00010_png.rf.53e58fce3a9f356f82115948b70e3ac7.jpg","00014_00008_00010_png.rf.53e58fce3a9f356f82115948b70e3ac7.txt","valid"
"test","00002_00027_00019_png.rf.9fbcddbbea8b8153644c860e5e95a3be.jpg","00002_00027_00019_png.rf.9fbcddbbea8b8153644c860e5e95a3be.txt","valid"
"test","FisheyeCamera_1_00162_png.rf.98425b3cb4a808ee8c34a392d1693d2c.jpg","FisheyeCamera_1_00162_png.rf.98425b3cb4a808ee8c34a392d1693d2c.txt","train"
"test","FisheyeCamera_1_00453_png.rf.eabaf71462ac5c4ebd3d4d3b6fea9a75.jpg","FisheyeCamera_1_00453_png.rf.eabaf71462ac5c4ebd3d4d3b6fea9a75.txt","train"
"test","FisheyeCamera_1_00290_png.rf.72368c9d24c8aa32159549a945709344.jpg","FisheyeCamera_1_00290_png.rf.72368c9d24c8aa32159549a945709344.txt","valid"
"test","00005_00047_00024_png.rf.84b79afcd4f7ce6ba70d2c48f2e7c7bd.jpg","00005_00047_00024_png.rf.84b79afcd4f7ce6ba70d2c48f2e7c7bd.txt","train"
"test","00000_00003_00003_png.rf.7b0919c392185820387355a0b4c6cd74.jpg","00000_00003_00003_png.rf.7b0919c392185820387355a0b4c6cd74.txt","test"
"test","road291_png.rf.db8488870cc219373169467399801cf5.jpg","road291_png.rf.db8488870cc219373169467399801cf5.txt","train"
"test","000325_jpg.rf.cabec771fbb72a088849098a4226f196.jpg","000325_jpg.rf.cabec771fbb72a088849098a4226f196.txt","train"
"test","FisheyeCamera_1_00605_png.rf.7a432e89589ee95d88b4994d89d44c45.jpg","FisheyeCamera_1_00605_png.rf.7a432e89589ee95d88b4994d89d44c45.txt","valid"
"test","000481_jpg.rf.c3ac4fda425e5413fe497807a8c7c510.jpg","000481_jpg.rf.c3ac4fda425e5413fe497807a8c7c510.txt","train"
"test","FisheyeCamera_1_00021_png.rf.a0d154398108fa455d0d8dccc800496f.jpg","FisheyeCamera_1_00021_png.rf.a0d154398108fa455d0d8dccc800496f.txt","train"
"test","00007_00042_00009_png.rf.082b7ca809ea3599b410a117afcd759c.jpg","00007_00042_00009_png.rf.082b7ca809ea3599b410a117afcd759c.txt","train"
"test","000572_jpg.rf.4acdc5dc31aa2a8afe766d5b15ad4434.jpg","000572_jpg.rf.4acdc5dc31aa2a8afe766d5b15ad4434.txt","valid"
"test","001059_jpg.rf.a7f54cfcdd3773d81a4977c75d20e255.jpg","001059_jpg.rf.a7f54cfcdd3773d81a4977c75d20e255.txt","test"
"test","000863_JPG_jpg.rf.caee60d9ca726100aa9f4249f68a24d8.jpg","000863_JPG_jpg.rf.caee60d9ca726100aa9f4249f68a24d8.txt","train"
"test","road106_png.rf.6c3fbe6ec4d9eaf39b9eaafd9ca2eee0.jpg","road106_png.rf.6c3fbe6ec4d9eaf39b9eaafd9ca2eee0.txt","train"
"test","001977_jpg.rf.fa4b4ded07aa0081085d204691372f42.jpg","001977_jpg.rf.fa4b4ded07aa0081085d204691372f42.txt","valid"
"test","00004_00051_00024_png.rf.8129de7e14b0efbd301c2dc3dceefc33.jpg","00004_00051_00024_png.rf.8129de7e14b0efbd301c2dc3dceefc33.txt","train"
"test","00003_00038_00015_png.rf.e066dc887d0ff4d570a50d2110e91eff.jpg","00003_00038_00015_png.rf.e066dc887d0ff4d570a50d2110e91eff.txt","test"
"test","FisheyeCamera_1_00226_png.rf.5c1db6292a5a2d1997314c6c054bbd9e.jpg","FisheyeCamera_1_00226_png.rf.5c1db6292a5a2d1997314c6c054bbd9e.txt","train"
"test","road575_png.rf.fe7ae33afa471e038fe99e0cb52ff5cd.jpg","road575_png.rf.fe7ae33afa471e038fe99e0cb52ff5cd.txt","valid"
"test","000013_jpg.rf.5b6a434101b599a30c9a43ab181f8d07.jpg","000013_jpg.rf.5b6a434101b599a30c9a43ab181f8d07.txt","valid"
"test","000320_jpg.rf.90a920afc93cfcdcec038e40b1a02d0b.jpg","000320_jpg.rf.90a920afc93cfcdcec038e40b1a02d0b.txt","valid"
"test","00003_00020_00009_png.rf.6fde151cc482228916383f7575db70a7.jpg","00003_00020_00009_png.rf.6fde151cc482228916383f7575db70a7.txt","train"
"test","FisheyeCamera_1_01147_png.rf.5eec5b57b5fbc623388330e4906aa9ee.jpg","FisheyeCamera_1_01147_png.rf.5eec5b57b5fbc623388330e4906aa9ee.txt","test"
"test","000619_jpg.rf.de2c28daae85ac9543b8de952433bc69.jpg","000619_jpg.rf.de2c28daae85ac9543b8de952433bc69.txt","train"
"test","00002_00050_00021_png.rf.cc93403935191bf0cdc0e54b7ae9bb5f.jpg","00002_00050_00021_png.rf.cc93403935191bf0cdc0e54b7ae9bb5f.txt","train"
"test","00003_00043_00008_png.rf.f4bb5e572346a9954aa49d4bd12530bc.jpg","00003_00043_00008_png.rf.f4bb5e572346a9954aa49d4bd12530bc.txt","train"
"test","road103_png.rf.860c38c74e815c550aa13c97dbe69874.jpg","road103_png.rf.860c38c74e815c550aa13c97dbe69874.txt","train"
"test","00002_00013_00024_png.rf.416f704946e8c3704e39a37223f4b907.jpg","00002_00013_00024_png.rf.416f704946e8c3704e39a37223f4b907.txt","train"
"test","road804_png.rf.1e703606c29dcea8f826be469a9e5bd5.jpg","road804_png.rf.1e703606c29dcea8f826be469a9e5bd5.txt","test"
"test","00000_00006_00019_png.rf.2e01bfbd556d38588d2e0932bcda36da.jpg","00000_00006_00019_png.rf.2e01bfbd556d38588d2e0932bcda36da.txt","train"
"test","00008_00010_00025_png.rf.30a186a061457e5a8de5bc72184994f1.jpg","00008_00010_00025_png.rf.30a186a061457e5a8de5bc72184994f1.txt","train"
"test","000386_jpg.rf.e6be9430eb23d0c1cf7d413a8034ddeb.jpg","000386_jpg.rf.e6be9430eb23d0c1cf7d413a8034ddeb.txt","train"
"test","000873_JPG_jpg.rf.2ef86b9b164f7aa9fc748ca294795173.jpg","000873_JPG_jpg.rf.2ef86b9b164f7aa9fc748ca294795173.txt","valid"
"test","00004_00038_00020_png.rf.5733346e5b17aa49ea0ddab534cd228e.jpg","00004_00038_00020_png.rf.5733346e5b17aa49ea0ddab534cd228e.txt","valid"
"test","00003_00045_00014_png.rf.6e2095e02c5af967ab1a28f23468d175.jpg","00003_00045_00014_png.rf.6e2095e02c5af967ab1a28f23468d175.txt","train"
"test","00014_00011_00008_png.rf.448770f54b8503fe22a0fe002c230e01.jpg","00014_00011_00008_png.rf.448770f54b8503fe22a0fe002c230e01.txt","train"
"test","00003_00010_00005_png.rf.3dea87332a660ede40c2ea29901390c2.jpg","00003_00010_00005_png.rf.3dea87332a660ede40c2ea29901390c2.txt","valid"
"test","00000_00000_00022_png.rf.621c139bb89660b1a0cfdcef71845cd1.jpg","00000_00000_00022_png.rf.621c139bb89660b1a0cfdcef71845cd1.txt","train"
"test","000742_jpg.rf.4e7fb821f99349d41e87a71a48d37e96.jpg","000742_jpg.rf.4e7fb821f99349d41e87a71a48d37e96.txt","train"
"test","00014_00007_00009_png.rf.66a5ae825e82d926d40202e55d5c565e.jpg","00014_00007_00009_png.rf.66a5ae825e82d926d40202e55d5c565e.txt","train"
"test","000401_jpg.rf.1952598d80f5d85c2f3e16bd2cbd7724.jpg","000401_jpg.rf.1952598d80f5d85c2f3e16bd2cbd7724.txt","valid"
"test","FisheyeCamera_1_00185_png.rf.00c19ae7c538700922e706cf1e527d1f.jpg","FisheyeCamera_1_00185_png.rf.00c19ae7c538700922e706cf1e527d1f.txt","valid"
"test","00002_00000_00025_png.rf.bd62dd48955c704509c9dca2260548dc.jpg","00002_00000_00025_png.rf.bd62dd48955c704509c9dca2260548dc.txt","train"
"test","001237_jpg.rf.308f45231e90a047a8838a40deec20cc.jpg","001237_jpg.rf.308f45231e90a047a8838a40deec20cc.txt","train"
"test","00014_00023_00023_png.rf.bd7b90d4194585a62e92b8c81da546e9.jpg","00014_00023_00023_png.rf.bd7b90d4194585a62e92b8c81da546e9.txt","train"
"test","00014_00009_00018_png.rf.657fac3916cb81c53827923a54c7d855.jpg","00014_00009_00018_png.rf.657fac3916cb81c53827923a54c7d855.txt","train"
"test","001438_jpg.rf.4b988cd232ffee37453872ea3c66a719.jpg","001438_jpg.rf.4b988cd232ffee37453872ea3c66a719.txt","train"
"test","000144_jpg.rf.24a27bc232f6d624defa042b642dedce.jpg","000144_jpg.rf.24a27bc232f6d624defa042b642dedce.txt","train"
"test","00005_00029_00018_png.rf.d55d9dd0cab6cfc5c7566bacf8fd7cfc.jpg","00005_00029_00018_png.rf.d55d9dd0cab6cfc5c7566bacf8fd7cfc.txt","train"
"test","00000_00000_00026_png.rf.5ce71d6a737a4d51b618fddc70b2d215.jpg","00000_00000_00026_png.rf.5ce71d6a737a4d51b618fddc70b2d215.txt","train"
"test","FisheyeCamera_1_00613_png.rf.50b4b9a85621b8a4288ad7a03bae84a9.jpg","FisheyeCamera_1_00613_png.rf.50b4b9a85621b8a4288ad7a03bae84a9.txt","train"
"test","000180_jpg.rf.9394f64e22b96df8adffe9e408811376.jpg","000180_jpg.rf.9394f64e22b96df8adffe9e408811376.txt","train"
"test","00002_00056_00000_png.rf.58a8d1e13df7797cc3bfdccddb491f2a.jpg","00002_00056_00000_png.rf.58a8d1e13df7797cc3bfdccddb491f2a.txt","train"
"test","000747_jpg.rf.3094e25bbd9eab82ffa3ef8bc04fe859.jpg","000747_jpg.rf.3094e25bbd9eab82ffa3ef8bc04fe859.txt","train"
"test","000204_jpg.rf.771b906c68c990e9ff9e273ef15e0917.jpg","000204_jpg.rf.771b906c68c990e9ff9e273ef15e0917.txt","test"
"test","001259_jpg.rf.58bde8a4c123a59bcd9e336548424ea2.jpg","001259_jpg.rf.58bde8a4c123a59bcd9e336548424ea2.txt","test"
"test","00004_00034_00004_png.rf.8ea1c2c6ccd5102745127854c63e0de3.jpg","00004_00034_00004_png.rf.8ea1c2c6ccd5102745127854c63e0de3.txt","train"
"test","00004_00051_00012_png.rf.2be7bfaddb8a4cbeb8f63458b824ee5e.jpg","00004_00051_00012_png.rf.2be7bfaddb8a4cbeb8f63458b824ee5e.txt","train"
"test","000261_jpg.rf.057aee8c5200371d96ec73e0f67d2e63.jpg","000261_jpg.rf.057aee8c5200371d96ec73e0f67d2e63.txt","test"
"test","000112_jpg.rf.93dfd7e1db3380cf8052273f07571c3a.jpg","000112_jpg.rf.93dfd7e1db3380cf8052273f07571c3a.txt","train"
"test","FisheyeCamera_1_00609_png.rf.2653d9727c866a2a2d283e7e8fad51ae.jpg","FisheyeCamera_1_00609_png.rf.2653d9727c866a2a2d283e7e8fad51ae.txt","train"
"test","00003_00044_00004_png.rf.31e584aa1abe8616eb8cab38529050fc.jpg","00003_00044_00004_png.rf.31e584aa1abe8616eb8cab38529050fc.txt","valid"
"test","road876_png.rf.b15ec0e80a0a9ec46a1b246f155d1c78.jpg","road876_png.rf.b15ec0e80a0a9ec46a1b246f155d1c78.txt","test"
"test","FisheyeCamera_1_01041_png.rf.9f906afe6981b0d25494b4e212e53d5a.jpg","FisheyeCamera_1_01041_png.rf.9f906afe6981b0d25494b4e212e53d5a.txt","train"
"test","road622_png.rf.7c646fa424fbc8c0ac127eb250d7076d.jpg","road622_png.rf.7c646fa424fbc8c0ac127eb250d7076d.txt","train"
"test","00005_00014_00028_png.rf.89cc2da42a2b06482d585eec0c8ca804.jpg","00005_00014_00028_png.rf.89cc2da42a2b06482d585eec0c8ca804.txt","train"
"test","FisheyeCamera_1_00380_png.rf.70ec1b5ae24e70ce704fe1bc595cd4cb.jpg","FisheyeCamera_1_00380_png.rf.70ec1b5ae24e70ce704fe1bc595cd4cb.txt","train"
"test","00003_00002_00011_png.rf.f59d9541bc625fae0040cd3fd6cb185e.jpg","00003_00002_00011_png.rf.f59d9541bc625fae0040cd3fd6cb185e.txt","train"
"test","road320_png.rf.b16f99efeff22c6021dbcb47a01834be.jpg","road320_png.rf.b16f99efeff22c6021dbcb47a01834be.txt","test"
"test","00004_00002_00022_png.rf.4a4db4c09abcb0d42612cfc4632b742b.jpg","00004_00002_00022_png.rf.4a4db4c09abcb0d42612cfc4632b742b.txt","valid"
"test","00005_00003_00024_png.rf.9079170cdb97be8aff5bbc0e57cf08aa.jpg","00005_00003_00024_png.rf.9079170cdb97be8aff5bbc0e57cf08aa.txt","train"
"test","00004_00051_00023_png.rf.bdc30b44b6edf55b424092ddd334c3f3.jpg","00004_00051_00023_png.rf.bdc30b44b6edf55b424092ddd334c3f3.txt","valid"
"test","road760_png.rf.59e47a89a23b45fc98e750023bd1aa2f.jpg","road760_png.rf.59e47a89a23b45fc98e750023bd1aa2f.txt","test"
"test","00000_00006_00017_png.rf.148b7424d92d8c4151e2e169e93362f1.jpg","00000_00006_00017_png.rf.148b7424d92d8c4151e2e169e93362f1.txt","train"
"test","000549_jpg.rf.5421ac5aa6c2a32a2e34b21539a68229.jpg","000549_jpg.rf.5421ac5aa6c2a32a2e34b21539a68229.txt","train"
"test","00003_00036_00017_png.rf.48dc669fef941765f5c578707f506096.jpg","00003_00036_00017_png.rf.48dc669fef941765f5c578707f506096.txt","test"
"test","00001_00069_00009_png.rf.a768037b1e4bb73549f2b2589d67876a.jpg","00001_00069_00009_png.rf.a768037b1e4bb73549f2b2589d67876a.txt","train"
"test","00000_00004_00024_png.rf.51e56a660c86f354fe50f3f3561d8f72.jpg","00000_00004_00024_png.rf.51e56a660c86f354fe50f3f3561d8f72.txt","train"
"test","FisheyeCamera_1_00129_png.rf.31e380a96ead800bfbd7f3db3d957c82.jpg","FisheyeCamera_1_00129_png.rf.31e380a96ead800bfbd7f3db3d957c82.txt","train"
"test","00004_00015_00009_png.rf.12709f4d204c1f37624d04a68f1c134d.jpg","00004_00015_00009_png.rf.12709f4d204c1f37624d04a68f1c134d.txt","train"
"test","000774_jpg.rf.9598cd71a0bb8d8204b9d8a25db8fb5d.jpg","000774_jpg.rf.9598cd71a0bb8d8204b9d8a25db8fb5d.txt","train"
"test","road769_png.rf.59a59f5e7b64c5cdd55da17eee3e3045.jpg","road769_png.rf.59a59f5e7b64c5cdd55da17eee3e3045.txt","valid"
"test","00001_00032_00006_png.rf.ca3c5c4713cee9708909b220010e9555.jpg","00001_00032_00006_png.rf.ca3c5c4713cee9708909b220010e9555.txt","train"
"test","000644_jpg.rf.faf17a06e8402847d118a0f49845e704.jpg","000644_jpg.rf.faf17a06e8402847d118a0f49845e704.txt","test"
"test","road503_png.rf.e44496fa7c293d0966950261a6f9be0d.jpg","road503_png.rf.e44496fa7c293d0966950261a6f9be0d.txt","train"
"test","00003_00039_00007_png.rf.3fc700f8822f3ec7209f366ad35ffb8d.jpg","00003_00039_00007_png.rf.3fc700f8822f3ec7209f366ad35ffb8d.txt","train"
"test","road359_png.rf.2889e51b6586e4cf8431ca77e5f224d3.jpg","road359_png.rf.2889e51b6586e4cf8431ca77e5f224d3.txt","valid"
"test","00007_00036_00014_png.rf.65ac3a16b88ba1d15e11b60afcacd8a7.jpg","00007_00036_00014_png.rf.65ac3a16b88ba1d15e11b60afcacd8a7.txt","train"
"test","00002_00033_00005_png.rf.ac86dbe814efbc54c6f8c1b1b0451782.jpg","00002_00033_00005_png.rf.ac86dbe814efbc54c6f8c1b1b0451782.txt","train"
"test","00014_00021_00003_png.rf.703026a12ca32457ba543ae046b7b89e.jpg","00014_00021_00003_png.rf.703026a12ca32457ba543ae046b7b89e.txt","train"
"test","00014_00005_00010_png.rf.7b27bec9150a145b8e15eeb03c8625b4.jpg","00014_00005_00010_png.rf.7b27bec9150a145b8e15eeb03c8625b4.txt","train"
"test","00004_00036_00001_png.rf.98a99cbb44ab4e728482ec7f2bc2c49c.jpg","00004_00036_00001_png.rf.98a99cbb44ab4e728482ec7f2bc2c49c.txt","train"
"test","00007_00018_00016_png.rf.598a87c252184c3f91b60e8d8ce53c08.jpg","00007_00018_00016_png.rf.598a87c252184c3f91b60e8d8ce53c08.txt","valid"
"test","001486_jpg.rf.b5a35476de2130a5b0df77fcfc90136a.jpg","001486_jpg.rf.b5a35476de2130a5b0df77fcfc90136a.txt","train"
"test","000355_jpg.rf.b39a06eea5135f8e3a584ede94ad6702.jpg","000355_jpg.rf.b39a06eea5135f8e3a584ede94ad6702.txt","train"
"test","000834_jpg.rf.d0b37d4f2cb69af3b26ff04167d9209a.jpg","000834_jpg.rf.d0b37d4f2cb69af3b26ff04167d9209a.txt","valid"
"test","road694_png.rf.e7e8d5f6b1d1efcc2fb4805fee10107d.jpg","road694_png.rf.e7e8d5f6b1d1efcc2fb4805fee10107d.txt","train"
"test","00004_00036_00010_png.rf.1b783e875aa528be9ed67ebbd72b2596.jpg","00004_00036_00010_png.rf.1b783e875aa528be9ed67ebbd72b2596.txt","train"
"test","001992_jpg.rf.d5d54b9f9b0d6c038d147910ff050d43.jpg","001992_jpg.rf.d5d54b9f9b0d6c038d147910ff050d43.txt","train"
"test","00001_00022_00005_png.rf.3df6d232e7422c8249a875de480afd15.jpg","00001_00022_00005_png.rf.3df6d232e7422c8249a875de480afd15.txt","train"
"test","000988_JPG_jpg.rf.a599e0e5c3d40f2ebdd4e74bb3d58ee4.jpg","000988_JPG_jpg.rf.a599e0e5c3d40f2ebdd4e74bb3d58ee4.txt","train"
"test","00001_00068_00018_png.rf.73e98786a02802cda61caf0449b6903d.jpg","00001_00068_00018_png.rf.73e98786a02802cda61caf0449b6903d.txt","train"
"test","00003_00037_00023_png.rf.808479205be066798f9947e0a9239810.jpg","00003_00037_00023_png.rf.808479205be066798f9947e0a9239810.txt","valid"
"test","00014_00005_00009_png.rf.c456c962dde53dddb00eaaa5bc336b3a.jpg","00014_00005_00009_png.rf.c456c962dde53dddb00eaaa5bc336b3a.txt","train"
"test","road644_png.rf.4917e638756b90a2d2f4a002e66fafbb.jpg","road644_png.rf.4917e638756b90a2d2f4a002e66fafbb.txt","train"
"test","000525_jpg.rf.0da763d4947caf4b5af6f0ee5e6ceecc.jpg","000525_jpg.rf.0da763d4947caf4b5af6f0ee5e6ceecc.txt","valid"
"test","00004_00036_00029_png.rf.6af658795db2d3ad4dd52300694e9329.jpg","00004_00036_00029_png.rf.6af658795db2d3ad4dd52300694e9329.txt","test"
"test","road280_png.rf.91ff9ce4305bac3f605358f9d8f62062.jpg","road280_png.rf.91ff9ce4305bac3f605358f9d8f62062.txt","train"
"test","FisheyeCamera_1_00603_png.rf.06435716bcec42982f3893b16b6cffcb.jpg","FisheyeCamera_1_00603_png.rf.06435716bcec42982f3893b16b6cffcb.txt","train"
"test","000961_jpg.rf.b32d5852e026c55cc13d03cc22baccea.jpg","000961_jpg.rf.b32d5852e026c55cc13d03cc22baccea.txt","test"
"test","000122_jpg.rf.988cd07f9a80b19d749e19a089f948ac.jpg","000122_jpg.rf.988cd07f9a80b19d749e19a089f948ac.txt","train"
"test","000955_JPG_jpg.rf.50bea992437fbdd73bb064676bd36071.jpg","000955_JPG_jpg.rf.50bea992437fbdd73bb064676bd36071.txt","train"
"test","000469_jpg.rf.47748e0b1e1895c88fd02374fdd7b0dc.jpg","000469_jpg.rf.47748e0b1e1895c88fd02374fdd7b0dc.txt","train"
"test","FisheyeCamera_1_00025_png.rf.f38ece47b1dcdbdef9c0cba8e623090a.jpg","FisheyeCamera_1_00025_png.rf.f38ece47b1dcdbdef9c0cba8e623090a.txt","valid"
"test","000001_jpg.rf.b920b5479cafa9a2d9ccc560761f5792.jpg","000001_jpg.rf.b920b5479cafa9a2d9ccc560761f5792.txt","valid"
"test","000371_jpg.rf.1f7c95d42369b534d488465e6f1df064.jpg","000371_jpg.rf.1f7c95d42369b534d488465e6f1df064.txt","valid"
"test","000410_jpg.rf.9456fe093aa02a34b55406cba94d10c1.jpg","000410_jpg.rf.9456fe093aa02a34b55406cba94d10c1.txt","train"
"test","00001_00009_00005_png.rf.3fc8766c15674f5571c0d07327ff34dd.jpg","00001_00009_00005_png.rf.3fc8766c15674f5571c0d07327ff34dd.txt","train"
"test","00008_00045_00007_png.rf.05bee04be87866c9bf48c32978b3568d.jpg","00008_00045_00007_png.rf.05bee04be87866c9bf48c32978b3568d.txt","valid"
"test","000856_JPG_jpg.rf.707631ab69abdbb08f50125ea83c6f76.jpg","000856_JPG_jpg.rf.707631ab69abdbb08f50125ea83c6f76.txt","train"
"test","00014_00001_00004_png.rf.95f3f2299f91e00b01960683aa302b14.jpg","00014_00001_00004_png.rf.95f3f2299f91e00b01960683aa302b14.txt","train"
"test","0230d0a6-0eac-4bf1-bc0c-560f18ad7415_jpg.rf.60e2cf1ce186dc4a3de9c4c7b64386e8.jpg","0230d0a6-0eac-4bf1-bc0c-560f18ad7415_jpg.rf.60e2cf1ce186dc4a3de9c4c7b64386e8.txt","test"
"test","road673_png.rf.64b3fa82dbd651b8003b32f031fbc9b0.jpg","road673_png.rf.64b3fa82dbd651b8003b32f031fbc9b0.txt","test"
"test","00003_00019_00000_png.rf.a6a6fae020e7b3fd2a3095a4f0806d69.jpg","00003_00019_00000_png.rf.a6a6fae020e7b3fd2a3095a4f0806d69.txt","train"
"test","00004_00036_00014_png.rf.834dde222bbad70995bd122dae300583.jpg","00004_00036_00014_png.rf.834dde222bbad70995bd122dae300583.txt","test"
"test","00002_00007_00010_png.rf.cf87555ebe66f647743624e4c7edeee1.jpg","00002_00007_00010_png.rf.cf87555ebe66f647743624e4c7edeee1.txt","train"
"test","001604_JPG_jpg.rf.805569340561a4d27f802b642890aba9.jpg","001604_JPG_jpg.rf.805569340561a4d27f802b642890aba9.txt","train"
"test","FisheyeCamera_1_00048_png.rf.9ef9e4a128c04204d28f0461385de9aa.jpg","FisheyeCamera_1_00048_png.rf.9ef9e4a128c04204d28f0461385de9aa.txt","train"
"test","road626_png.rf.1d70bf88220259ddf3f54cb43938dd02.jpg","road626_png.rf.1d70bf88220259ddf3f54cb43938dd02.txt","train"
"test","00004_00040_00007_png.rf.e9aa626491ec55363ad9d4245b069607.jpg","00004_00040_00007_png.rf.e9aa626491ec55363ad9d4245b069607.txt","train"
"test","00007_00000_00007_png.rf.8c1c4e8227228d13e167d98811d6f79f.jpg","00007_00000_00007_png.rf.8c1c4e8227228d13e167d98811d6f79f.txt","valid"
"test","00003_00026_00011_png.rf.a8fce22aae9f680708cb3bf0a5811500.jpg","00003_00026_00011_png.rf.a8fce22aae9f680708cb3bf0a5811500.txt","test"
"test","road71_png.rf.5c203411967ca2d5ad91a92ccefe4197.jpg","road71_png.rf.5c203411967ca2d5ad91a92ccefe4197.txt","valid"
"test","00002_00053_00017_png.rf.103def16d82f3a6dee4f08a7ee932ca6.jpg","00002_00053_00017_png.rf.103def16d82f3a6dee4f08a7ee932ca6.txt","train"
"test","00005_00016_00003_png.rf.0d9de9fdc06efc6035574260dde38b5c.jpg","00005_00016_00003_png.rf.0d9de9fdc06efc6035574260dde38b5c.txt","train"
"test","000414_jpg.rf.d1acafa0fe1275cbc40eb981ed24298f.jpg","000414_jpg.rf.d1acafa0fe1275cbc40eb981ed24298f.txt","train"
"test","FisheyeCamera_1_00631_png.rf.15f0cb34f9ed31ac5ea30a0de287acce.jpg","FisheyeCamera_1_00631_png.rf.15f0cb34f9ed31ac5ea30a0de287acce.txt","train"
"test","000839_jpg.rf.b076eb90b1abcdcf934143c73a0db6d5.jpg","000839_jpg.rf.b076eb90b1abcdcf934143c73a0db6d5.txt","train"
"test","00001_00066_00005_png.rf.7320f62442de54080b61cdfaf4093aae.jpg","00001_00066_00005_png.rf.7320f62442de54080b61cdfaf4093aae.txt","valid"
"test","road530_png.rf.c8f275858c758d313deab3a83b8125cb.jpg","road530_png.rf.c8f275858c758d313deab3a83b8125cb.txt","train"
"test","FisheyeCamera_1_00101_png.rf.87bfe096cccf00ad82c032189dc32049.jpg","FisheyeCamera_1_00101_png.rf.87bfe096cccf00ad82c032189dc32049.txt","train"
"test","000111_jpg.rf.2edee06d444d48c8e2d5115109ea0757.jpg","000111_jpg.rf.2edee06d444d48c8e2d5115109ea0757.txt","valid"
"test","001213_jpg.rf.de83f618378150f3be3646c5ab54110d.jpg","001213_jpg.rf.de83f618378150f3be3646c5ab54110d.txt","train"
"test","00014_00021_00017_png.rf.fbbfdf7aab2bd16b19f323d0fc7de1d5.jpg","00014_00021_00017_png.rf.fbbfdf7aab2bd16b19f323d0fc7de1d5.txt","train"
"test","000874_jpg.rf.f5f23f17e3c7d48d7a33eabfae211098.jpg","000874_jpg.rf.f5f23f17e3c7d48d7a33eabfae211098.txt","train"
"test","a565bef8-8fd6-4762-991e-1d4721043f96_jpg.rf.789dd88a6a91c6e474a6f3bcdc978eff.jpg","a565bef8-8fd6-4762-991e-1d4721043f96_jpg.rf.789dd88a6a91c6e474a6f3bcdc978eff.txt","train"
"test","00003_00038_00026_png.rf.adc0154bdc59d33133a17bf3602f1e7c.jpg","00003_00038_00026_png.rf.adc0154bdc59d33133a17bf3602f1e7c.txt","test"
"test","001460_jpg.rf.0d74635c799dca00ea6e068e7a53acb6.jpg","001460_jpg.rf.0d74635c799dca00ea6e068e7a53acb6.txt","train"
"test","00008_00004_00020_png.rf.1446308978a5ead2c60a1a7615c3846f.jpg","00008_00004_00020_png.rf.1446308978a5ead2c60a1a7615c3846f.txt","train"
"test","000078_jpg.rf.4c17aa9f0e52d2c2c6b72cc998082c42.jpg","000078_jpg.rf.4c17aa9f0e52d2c2c6b72cc998082c42.txt","train"
"test","00008_00004_00016_png.rf.1a728f002878d0a9b5c0b1d877673966.jpg","00008_00004_00016_png.rf.1a728f002878d0a9b5c0b1d877673966.txt","test"
"test","road636_png.rf.6701f0c25fbb00395d5914bdfca1010d.jpg","road636_png.rf.6701f0c25fbb00395d5914bdfca1010d.txt","train"
"test","001841_JPG_jpg.rf.811ce6953dbf1ef88dc4bb51258ae848.jpg","001841_JPG_jpg.rf.811ce6953dbf1ef88dc4bb51258ae848.txt","train"
"test","FisheyeCamera_1_00021_png.rf.18b9536fc23151410c447586d0a39933.jpg","FisheyeCamera_1_00021_png.rf.18b9536fc23151410c447586d0a39933.txt","test"
"test","00004_00036_00028_png.rf.6ba62939514f952c592fe2af4b48ea5f.jpg","00004_00036_00028_png.rf.6ba62939514f952c592fe2af4b48ea5f.txt","train"
"test","road290_png.rf.7bbc4fee889dcb3b02bf9ff688104a26.jpg","road290_png.rf.7bbc4fee889dcb3b02bf9ff688104a26.txt","train"
"test","000882_JPG_jpg.rf.5c356b313ee3162b591d5deb903694ef.jpg","000882_JPG_jpg.rf.5c356b313ee3162b591d5deb903694ef.txt","train"
"test","FisheyeCamera_1_00309_png.rf.e300d38bbbeebda98fab2a00b302e5ab.jpg","FisheyeCamera_1_00309_png.rf.e300d38bbbeebda98fab2a00b302e5ab.txt","train"
"test","road547_png.rf.44a02f939ce6f8ac5ae71ae2a7d5d7cb.jpg","road547_png.rf.44a02f939ce6f8ac5ae71ae2a7d5d7cb.txt","train"
"test","road325_png.rf.c98bb3fdc02d602b1743a908ab1066ff.jpg","road325_png.rf.c98bb3fdc02d602b1743a908ab1066ff.txt","train"
"test","000686_jpg.rf.1342c2619b647966e99b6290255cebc6.jpg","000686_jpg.rf.1342c2619b647966e99b6290255cebc6.txt","train"
"test","00005_00005_00018_png.rf.540f0ce5d8b71ae34c1fb17e3f2cf036.jpg","00005_00005_00018_png.rf.540f0ce5d8b71ae34c1fb17e3f2cf036.txt","train"
"test","road292_png.rf.7b78ba14fdd8dab69ef6227ae64cb304.jpg","road292_png.rf.7b78ba14fdd8dab69ef6227ae64cb304.txt","train"
"test","00014_00006_00006_png.rf.07ccd43baa722ec48962924b543ab103.jpg","00014_00006_00006_png.rf.07ccd43baa722ec48962924b543ab103.txt","train"
"test","00000_00005_00016_png.rf.d69506e6595c98354493d9a65ac07f58.jpg","00000_00005_00016_png.rf.d69506e6595c98354493d9a65ac07f58.txt","test"
"test","road513_png.rf.bb68c938e7965d42fe832a46a23465b1.jpg","road513_png.rf.bb68c938e7965d42fe832a46a23465b1.txt","train"
"test","road298_png.rf.c91116544d49492014693285f7cc2035.jpg","road298_png.rf.c91116544d49492014693285f7cc2035.txt","valid"
"test","FisheyeCamera_1_00574_png.rf.c9e8e6aace99ef112be0ffb6db5079ef.jpg","FisheyeCamera_1_00574_png.rf.c9e8e6aace99ef112be0ffb6db5079ef.txt","train"
"test","FisheyeCamera_1_00001_png.rf.f0212a8112cc148b8fa29eb49e904ccf.jpg","FisheyeCamera_1_00001_png.rf.f0212a8112cc148b8fa29eb49e904ccf.txt","train"
"test","00004_00038_00002_png.rf.604ec0f5593d779076cb0c8da0d4504a.jpg","00004_00038_00002_png.rf.604ec0f5593d779076cb0c8da0d4504a.txt","train"
"test","000663_jpg.rf.354cb8389aff25fb5f0b96e3e01afbd8.jpg","000663_jpg.rf.354cb8389aff25fb5f0b96e3e01afbd8.txt","train"
"test","00001_00032_00005_png.rf.94cc0b6247d9c0caecd4633e95782778.jpg","00001_00032_00005_png.rf.94cc0b6247d9c0caecd4633e95782778.txt","train"
"test","00002_00013_00002_png.rf.c05fd29faf0857c2de558d0cd1d64247.jpg","00002_00013_00002_png.rf.c05fd29faf0857c2de558d0cd1d64247.txt","valid"
"test","001819_JPG_jpg.rf.ecc9039937ae677c57bdcbfa7aa3ca5d.jpg","001819_JPG_jpg.rf.ecc9039937ae677c57bdcbfa7aa3ca5d.txt","train"
"test","FisheyeCamera_1_00460_png.rf.a1ad31c72e67c8ee504233e57edd669a.jpg","FisheyeCamera_1_00460_png.rf.a1ad31c72e67c8ee504233e57edd669a.txt","train"
"test","000915_JPG_jpg.rf.d37a17ea77bba476608cd92001124577.jpg","000915_JPG_jpg.rf.d37a17ea77bba476608cd92001124577.txt","train"
"test","road586_png.rf.4f492bbdff6dfde699cd4466111d76bb.jpg","road586_png.rf.4f492bbdff6dfde699cd4466111d76bb.txt","valid"
"test","FisheyeCamera_1_00635_png.rf.7b32b30b4aa8d253146a26b2875e0d72.jpg","FisheyeCamera_1_00635_png.rf.7b32b30b4aa8d253146a26b2875e0d72.txt","train"
"test","road727_png.rf.2b84fab6039bce2c35c7d1998623b5ce.jpg","road727_png.rf.2b84fab6039bce2c35c7d1998623b5ce.txt","train"
"test","00003_00031_00012_png.rf.054f0bf50bf21ad916d41575cb29fea8.jpg","00003_00031_00012_png.rf.054f0bf50bf21ad916d41575cb29fea8.txt","train"
"test","00000_00004_00000_png.rf.b52140bbf42de2a6551e217495bb6000.jpg","00000_00004_00000_png.rf.b52140bbf42de2a6551e217495bb6000.txt","valid"
"test","00001_00022_00000_png.rf.ca82d92dbf874dd44e1511bae9fe00cd.jpg","00001_00022_00000_png.rf.ca82d92dbf874dd44e1511bae9fe00cd.txt","train"
"test","00000_00002_00006_png.rf.b092cf80f0b6b5fb03e5f9f903603ee6.jpg","00000_00002_00006_png.rf.b092cf80f0b6b5fb03e5f9f903603ee6.txt","valid"
"test","FisheyeCamera_1_00033_png.rf.fc8f97e59ffb21e0e5112a22153f10ed.jpg","FisheyeCamera_1_00033_png.rf.fc8f97e59ffb21e0e5112a22153f10ed.txt","train"
"test","001015_jpg.rf.1ab8226d959c2b2dd761673b8d29105c.jpg","001015_jpg.rf.1ab8226d959c2b2dd761673b8d29105c.txt","train"
"test","00003_00046_00017_png.rf.35a68c962d378897d01fbb2dece912dc.jpg","00003_00046_00017_png.rf.35a68c962d378897d01fbb2dece912dc.txt","train"
"test","00007_00000_00009_png.rf.2de6180f3aa7f0306a1361a8fe24da0f.jpg","00007_00000_00009_png.rf.2de6180f3aa7f0306a1361a8fe24da0f.txt","train"
"test","road175_png.rf.dcf66d1bf618f032828c793026fdf302.jpg","road175_png.rf.dcf66d1bf618f032828c793026fdf302.txt","train"
"test","road758_png.rf.2d0c19b9c2cb97427b358ae75be3a5d0.jpg","road758_png.rf.2d0c19b9c2cb97427b358ae75be3a5d0.txt","train"
"test","road82_png.rf.62cad4ed8a9b3dd39c8e84afc1ad297d.jpg","road82_png.rf.62cad4ed8a9b3dd39c8e84afc1ad297d.txt","train"
"test","002126_jpg.rf.6f3e6a1533de363124c8b36c956d433b.jpg","002126_jpg.rf.6f3e6a1533de363124c8b36c956d433b.txt","train"
"test","00004_00060_00018_png.rf.9cea1604392f499be45d3ca21f659fe1.jpg","00004_00060_00018_png.rf.9cea1604392f499be45d3ca21f659fe1.txt","train"
"test","001454_jpg.rf.c9b41437aad2a7da9404f6f5d01d6ef3.jpg","001454_jpg.rf.c9b41437aad2a7da9404f6f5d01d6ef3.txt","train"
"test","road663_png.rf.7242efe7c34a923fd5ef6a3abdf8c7e3.jpg","road663_png.rf.7242efe7c34a923fd5ef6a3abdf8c7e3.txt","train"
"test","000674_jpg.rf.8dfa17d75f1eaf8f21eb5630d83ab7dd.jpg","000674_jpg.rf.8dfa17d75f1eaf8f21eb5630d83ab7dd.txt","train"
"test","000438_jpg.rf.5411d00b8c63900b278a2ae0f4010796.jpg","000438_jpg.rf.5411d00b8c63900b278a2ae0f4010796.txt","train"
"test","000891_JPG_jpg.rf.374e7aac46a79ef1222794474175fb4a.jpg","000891_JPG_jpg.rf.374e7aac46a79ef1222794474175fb4a.txt","train"
"test","FisheyeCamera_1_00123_png.rf.d6e07dd0cf933b7544e491526ac62790.jpg","FisheyeCamera_1_00123_png.rf.d6e07dd0cf933b7544e491526ac62790.txt","train"
"test","00002_00028_00016_png.rf.83de1e49a465907a7a5f48c5a5d374ac.jpg","00002_00028_00016_png.rf.83de1e49a465907a7a5f48c5a5d374ac.txt","train"
"test","000760_jpg.rf.34426183049744f50e5eecd58a00ea33.jpg","000760_jpg.rf.34426183049744f50e5eecd58a00ea33.txt","valid"
"test","road364_png.rf.3f6bc67cad0ad8c57f59a1b0b9280429.jpg","road364_png.rf.3f6bc67cad0ad8c57f59a1b0b9280429.txt","train"
"test","00004_00057_00010_png.rf.7cfb7bc490d0ccce5430d6f2093461d1.jpg","00004_00057_00010_png.rf.7cfb7bc490d0ccce5430d6f2093461d1.txt","train"
"test","FisheyeCamera_1_00099_png.rf.06f6d0094fdc6ee720f14d285065d611.jpg","FisheyeCamera_1_00099_png.rf.06f6d0094fdc6ee720f14d285065d611.txt","train"
"test","00004_00006_00001_png.rf.123939ad56ef353a7818996c5768eee0.jpg","00004_00006_00001_png.rf.123939ad56ef353a7818996c5768eee0.txt","train"
"test","00003_00034_00002_png.rf.330aaa897ca684212a5a720a47e183de.jpg","00003_00034_00002_png.rf.330aaa897ca684212a5a720a47e183de.txt","valid"
"test","00004_00043_00016_png.rf.2c4b60ba58c1b326fa907c36e888a7dd.jpg","00004_00043_00016_png.rf.2c4b60ba58c1b326fa907c36e888a7dd.txt","train"
"test","00000_00004_00001_png.rf.cad637d237d154df0093fd1b838edcb2.jpg","00000_00004_00001_png.rf.cad637d237d154df0093fd1b838edcb2.txt","train"
"test","road776_png.rf.a10570e794b7856f4849bb40c5498520.jpg","road776_png.rf.a10570e794b7856f4849bb40c5498520.txt","train"
"test","00000_00000_00000_png.rf.5fc6e4a43ed63e3da18e970c6add1980.jpg","00000_00000_00000_png.rf.5fc6e4a43ed63e3da18e970c6add1980.txt","train"
"test","00001_00029_00002_png.rf.3ee7e0bcd8e7ad932ad2e3dba99ac85c.jpg","00001_00029_00002_png.rf.3ee7e0bcd8e7ad932ad2e3dba99ac85c.txt","train"
"test","FisheyeCamera_1_00169_png.rf.a1c272610f7746a3f560e94eff8f2200.jpg","FisheyeCamera_1_00169_png.rf.a1c272610f7746a3f560e94eff8f2200.txt","train"
"test","00003_00013_00013_png.rf.e40f3936278f50aaecb069b402367d1c.jpg","00003_00013_00013_png.rf.e40f3936278f50aaecb069b402367d1c.txt","train"
"test","00004_00052_00013_png.rf.6533dd09b296bcbb413c90580d87eb46.jpg","00004_00052_00013_png.rf.6533dd09b296bcbb413c90580d87eb46.txt","valid"
"test","000531_jpg.rf.7b0005d1bae4843144acbae3c932ab6c.jpg","000531_jpg.rf.7b0005d1bae4843144acbae3c932ab6c.txt","train"
"test","FisheyeCamera_1_00042_png.rf.a08d217b2f188145e7d7ee5596f19aa0.jpg","FisheyeCamera_1_00042_png.rf.a08d217b2f188145e7d7ee5596f19aa0.txt","train"
"test","00003_00028_00014_png.rf.2eaa413c6fb4d67a0cf1320a607e0125.jpg","00003_00028_00014_png.rf.2eaa413c6fb4d67a0cf1320a607e0125.txt","valid"
"test","FisheyeCamera_1_00038_png.rf.1a106038a86f5674894f1fccea5c6dbe.jpg","FisheyeCamera_1_00038_png.rf.1a106038a86f5674894f1fccea5c6dbe.txt","train"
"test","000134_jpg.rf.2c04e615a1e4a7baf615e1c403857c70.jpg","000134_jpg.rf.2c04e615a1e4a7baf615e1c403857c70.txt","train"
"test","FisheyeCamera_1_00479_png.rf.eddb14260e485150ec1fba60efdde5eb.jpg","FisheyeCamera_1_00479_png.rf.eddb14260e485150ec1fba60efdde5eb.txt","test"
"test","00014_00002_00021_png.rf.300f9c09d02541680df7f0e4be3abd7e.jpg","00014_00002_00021_png.rf.300f9c09d02541680df7f0e4be3abd7e.txt","train"
"test","00004_00052_00018_png.rf.57d2c8e9555ad5064ae6a28fce828d3a.jpg","00004_00052_00018_png.rf.57d2c8e9555ad5064ae6a28fce828d3a.txt","train"
"test","road304_png.rf.bfa1bdaa11311e874cf6adb1eeb1eab6.jpg","road304_png.rf.bfa1bdaa11311e874cf6adb1eeb1eab6.txt","valid"
"test","0313fdea-c8b1-458b-adac-adcb4aac3622_jpg.rf.cb8a0f52464687f2fdb841dfee1a08bd.jpg","0313fdea-c8b1-458b-adac-adcb4aac3622_jpg.rf.cb8a0f52464687f2fdb841dfee1a08bd.txt","test"
"test","00014_00001_00022_png.rf.ce102662e0d82aba4e1009eedf2f2806.jpg","00014_00001_00022_png.rf.ce102662e0d82aba4e1009eedf2f2806.txt","train"
"test","000278_jpg.rf.001a9e945743f69072d3da047fedb146.jpg","000278_jpg.rf.001a9e945743f69072d3da047fedb146.txt","train"
"test","00001_00059_00004_png.rf.4d312f683db6871e2cde9032ec7ea862.jpg","00001_00059_00004_png.rf.4d312f683db6871e2cde9032ec7ea862.txt","test"
"test","00008_00032_00027_png.rf.6d5c9afe651e69f2d166427776417ad1.jpg","00008_00032_00027_png.rf.6d5c9afe651e69f2d166427776417ad1.txt","train"
"test","000075_jpg.rf.d6ab8d14c17eff03e32a545f85fbb007.jpg","000075_jpg.rf.d6ab8d14c17eff03e32a545f85fbb007.txt","valid"
"test","000832_jpg.rf.efe591478fda95499d447379f7af4797.jpg","000832_jpg.rf.efe591478fda95499d447379f7af4797.txt","train"
"test","00000_00001_00013_png.rf.49c222312ca172bb7ebd6cd3dd5b333a.jpg","00000_00001_00013_png.rf.49c222312ca172bb7ebd6cd3dd5b333a.txt","test"
"test","001684_JPG_jpg.rf.45a10a9b75c81af653c9596c84747b38.jpg","001684_JPG_jpg.rf.45a10a9b75c81af653c9596c84747b38.txt","train"
"test","road294_png.rf.eb6c7d298762de03cd4bed5ec387cdc0.jpg","road294_png.rf.eb6c7d298762de03cd4bed5ec387cdc0.txt","train"
"test","00000_00006_00008_png.rf.4081d0cef6772d77d2068df0c47b84c8.jpg","00000_00006_00008_png.rf.4081d0cef6772d77d2068df0c47b84c8.txt","valid"
"test","road504_png.rf.9166f511b4efb191bd45ff3a71a9ac13.jpg","road504_png.rf.9166f511b4efb191bd45ff3a71a9ac13.txt","train"
"test","001458_jpg.rf.6600cd04bc0e59382718988153f78c64.jpg","001458_jpg.rf.6600cd04bc0e59382718988153f78c64.txt","train"
"test","001208_jpg.rf.8d264abbf089de20527c0fb57995f30f.jpg","001208_jpg.rf.8d264abbf089de20527c0fb57995f30f.txt","train"
"test","00000_00000_00007_png.rf.55d3f83d32b07bc16f84d48c5c169ddb.jpg","00000_00000_00007_png.rf.55d3f83d32b07bc16f84d48c5c169ddb.txt","train"
"test","35306c24-1210-4ee8-9ed6-5b8b7d701034_jpg.rf.9508ea3162f1fd4773b34ee784f05fce.jpg","35306c24-1210-4ee8-9ed6-5b8b7d701034_jpg.rf.9508ea3162f1fd4773b34ee784f05fce.txt","valid"
"test","000098_jpg.rf.32d46290768a11871f14af417f309d73.jpg","000098_jpg.rf.32d46290768a11871f14af417f309d73.txt","valid"
"test","001200_png_jpg.rf.0d6d50d4097f5cf023c7753ec7ec9fcb.jpg","001200_png_jpg.rf.0d6d50d4097f5cf023c7753ec7ec9fcb.txt","train"
"test","000844_jpg.rf.f76d18b1757daae0fc20df4cedde2333.jpg","000844_jpg.rf.f76d18b1757daae0fc20df4cedde2333.txt","train"
"test","000756_jpg.rf.e52ee14877e896bcc4ef15753ff79cf2.jpg","000756_jpg.rf.e52ee14877e896bcc4ef15753ff79cf2.txt","train"
"test","road18_png.rf.c438c652e8a554c9d1a911ebeebcfcd9.jpg","road18_png.rf.c438c652e8a554c9d1a911ebeebcfcd9.txt","train"
"test","road651_png.rf.0060c1c74c679ccfb414baae6c6e2532.jpg","road651_png.rf.0060c1c74c679ccfb414baae6c6e2532.txt","train"
"test","00004_00037_00021_png.rf.9e750cfbcf695b6bf255263b5e650938.jpg","00004_00037_00021_png.rf.9e750cfbcf695b6bf255263b5e650938.txt","train"
"test","00000_00001_00008_png.rf.c151debbb48d55e07211f80ad8a45511.jpg","00000_00001_00008_png.rf.c151debbb48d55e07211f80ad8a45511.txt","train"
"test","00004_00046_00013_png.rf.33a5463d6166f4608e8f860d3afa38bf.jpg","00004_00046_00013_png.rf.33a5463d6166f4608e8f860d3afa38bf.txt","test"
"test","road864_png.rf.1912479d212a0319cdd6a99dbc34eb28.jpg","road864_png.rf.1912479d212a0319cdd6a99dbc34eb28.txt","train"
"test","001272_jpg.rf.15dc611e7bc61dbcab1abd2c3dc09623.jpg","001272_jpg.rf.15dc611e7bc61dbcab1abd2c3dc09623.txt","valid"
"test","00007_00042_00022_png.rf.db82f585b7ced5bcbfca26273ca59e02.jpg","00007_00042_00022_png.rf.db82f585b7ced5bcbfca26273ca59e02.txt","valid"
"test","000384_jpg.rf.ab7e0602b767ad87445665927aabca45.jpg","000384_jpg.rf.ab7e0602b767ad87445665927aabca45.txt","test"
"test","00002_00031_00008_png.rf.07b9f3d116baf726c6ca005ba11be0ed.jpg","00002_00031_00008_png.rf.07b9f3d116baf726c6ca005ba11be0ed.txt","train"
"test","road388_png.rf.c8347e8108606e73e7085d6752fef323.jpg","road388_png.rf.c8347e8108606e73e7085d6752fef323.txt","test"
"test","001051_jpg.rf.2ac92f44b87d2d04165fa9355e6bf6ba.jpg","001051_jpg.rf.2ac92f44b87d2d04165fa9355e6bf6ba.txt","test"
"test","00004_00039_00005_png.rf.3a4d760b15f370a4b9a92bfff9d9dfd0.jpg","00004_00039_00005_png.rf.3a4d760b15f370a4b9a92bfff9d9dfd0.txt","train"
"test","road269_png.rf.0eb30be7acc65929b297f1966175ceeb.jpg","road269_png.rf.0eb30be7acc65929b297f1966175ceeb.txt","valid"
"test","road333_png.rf.1a4565b6f45dbb975d37f66123a39c27.jpg","road333_png.rf.1a4565b6f45dbb975d37f66123a39c27.txt","train"
"test","FisheyeCamera_1_00161_png.rf.4077eef208018553553b390c6221bd67.jpg","FisheyeCamera_1_00161_png.rf.4077eef208018553553b390c6221bd67.txt","train"
"test","FisheyeCamera_1_00619_png.rf.52461f628d871cea938376aa656b0d0a.jpg","FisheyeCamera_1_00619_png.rf.52461f628d871cea938376aa656b0d0a.txt","train"
"test","00001_00031_00010_png.rf.c715f6c84649338d3097879ab89cfcf1.jpg","00001_00031_00010_png.rf.c715f6c84649338d3097879ab89cfcf1.txt","valid"
"test","road259_png.rf.78c3ddc2e9e4e292c7c441d64ca7227d.jpg","road259_png.rf.78c3ddc2e9e4e292c7c441d64ca7227d.txt","train"
"test","000974_JPG_jpg.rf.466432eff92a6947c7eff309164b6877.jpg","000974_JPG_jpg.rf.466432eff92a6947c7eff309164b6877.txt","train"
"test","00000_00000_00003_png.rf.d5423bd9e75e1ec4d0820726d2598ec0.jpg","00000_00000_00003_png.rf.d5423bd9e75e1ec4d0820726d2598ec0.txt","test"
"test","road252_png.rf.84712a28d2b79e57d80ba2226e189da7.jpg","road252_png.rf.84712a28d2b79e57d80ba2226e189da7.txt","train"
"test","00003_00040_00029_png.rf.32243e4a5680d2d445dcaae4f7a59d23.jpg","00003_00040_00029_png.rf.32243e4a5680d2d445dcaae4f7a59d23.txt","valid"
"test","00000_00001_00001_png.rf.2d0d897d8ad4232ff8f5735ff41bf20e.jpg","00000_00001_00001_png.rf.2d0d897d8ad4232ff8f5735ff41bf20e.txt","valid"
"test","00003_00036_00005_png.rf.1cdf9e74cf709b0c59043736f45d7876.jpg","00003_00036_00005_png.rf.1cdf9e74cf709b0c59043736f45d7876.txt","train"
"test","001279_jpg.rf.caa55bc74c4fe04215cc04f13133e2d3.jpg","001279_jpg.rf.caa55bc74c4fe04215cc04f13133e2d3.txt","train"
"test","00008_00046_00015_png.rf.eb42210712700a94e6c8cf869a8ee8eb.jpg","00008_00046_00015_png.rf.eb42210712700a94e6c8cf869a8ee8eb.txt","test"
"test","000835_jpg.rf.7dfa761d16fdda1d9feebcd144cdd32a.jpg","000835_jpg.rf.7dfa761d16fdda1d9feebcd144cdd32a.txt","valid"
"test","FisheyeCamera_1_00024_png.rf.eda26ecbd82d0f821b6a78975124d703.jpg","FisheyeCamera_1_00024_png.rf.eda26ecbd82d0f821b6a78975124d703.txt","valid"
"test","road489_png.rf.9fe8ef653402f1423365f539964ad997.jpg","road489_png.rf.9fe8ef653402f1423365f539964ad997.txt","train"
"test","000559_jpg.rf.acdfb335732b0519fcc44a7194893fcf.jpg","000559_jpg.rf.acdfb335732b0519fcc44a7194893fcf.txt","train"
"test","road680_png.rf.0e13aad3693ead260840b04a3707911b.jpg","road680_png.rf.0e13aad3693ead260840b04a3707911b.txt","valid"
"test","00014_00008_00009_png.rf.21501d283674713f13a09da485ef12ad.jpg","00014_00008_00009_png.rf.21501d283674713f13a09da485ef12ad.txt","train"
"test","000523_jpg.rf.daa0c4f8702c2a5fefd1b69e6618e578.jpg","000523_jpg.rf.daa0c4f8702c2a5fefd1b69e6618e578.txt","train"
"test","000214_jpg.rf.8e66e239db9eb4dc1bce16e1c8185930.jpg","000214_jpg.rf.8e66e239db9eb4dc1bce16e1c8185930.txt","train"
"test","000945_JPG_jpg.rf.126b11edd1a8c9235799e4fc35592dbc.jpg","000945_JPG_jpg.rf.126b11edd1a8c9235799e4fc35592dbc.txt","test"
"test","000491_jpg.rf.52495e59b3dc14b38d6354882037ea86.jpg","000491_jpg.rf.52495e59b3dc14b38d6354882037ea86.txt","valid"
"test","000478_jpg.rf.162a38ee9eaf89a3e5023953af0dcb6d.jpg","000478_jpg.rf.162a38ee9eaf89a3e5023953af0dcb6d.txt","test"
"test","00008_00039_00011_png.rf.793ae359293c16a478a65ddb5747eb8d.jpg","00008_00039_00011_png.rf.793ae359293c16a478a65ddb5747eb8d.txt","train"
"test","000008_jpg.rf.f2e60c032b00164fd881d59c2aea0b13.jpg","000008_jpg.rf.f2e60c032b00164fd881d59c2aea0b13.txt","train"
"test","000822_jpg.rf.b183098472ad9e709e16f2b68388458a.jpg","000822_jpg.rf.b183098472ad9e709e16f2b68388458a.txt","test"
"test","road665_png.rf.4d7da6333d26026fb566ede51422d010.jpg","road665_png.rf.4d7da6333d26026fb566ede51422d010.txt","train"
"test","000886_JPG_jpg.rf.4810701cf12dc2fd0623d94e2dfcec45.jpg","000886_JPG_jpg.rf.4810701cf12dc2fd0623d94e2dfcec45.txt","train"
"test","000975_JPG_jpg.rf.d06e0fd45f897fbd0beea917cb6e6a4d.jpg","000975_JPG_jpg.rf.d06e0fd45f897fbd0beea917cb6e6a4d.txt","train"
"test","FisheyeCamera_1_00147_png.rf.3246da33190faf54e32acc0a2bd984a3.jpg","FisheyeCamera_1_00147_png.rf.3246da33190faf54e32acc0a2bd984a3.txt","train"
"test","00000_00006_00008_png.rf.d42c5e879377c4f8de0288eac2c38331.jpg","00000_00006_00008_png.rf.d42c5e879377c4f8de0288eac2c38331.txt","train"
"test","000296_jpg.rf.85ee62637a6d67940e4c20779efde92f.jpg","000296_jpg.rf.85ee62637a6d67940e4c20779efde92f.txt","train"
"test","00001_00041_00006_png.rf.d9cdf344b2eff5d48be4f4de0d2254d3.jpg","00001_00041_00006_png.rf.d9cdf344b2eff5d48be4f4de0d2254d3.txt","valid"
"test","00000_00003_00004_png.rf.51fad334883b6595b9a55064a15330e7.jpg","00000_00003_00004_png.rf.51fad334883b6595b9a55064a15330e7.txt","train"
"test","00000_00005_00019_png.rf.9cb4decf9e3fb99bc002c5e6bb54f681.jpg","00000_00005_00019_png.rf.9cb4decf9e3fb99bc002c5e6bb54f681.txt","valid"
"test","000170_jpg.rf.60673eee187bcb66000ce490ddababb1.jpg","000170_jpg.rf.60673eee187bcb66000ce490ddababb1.txt","train"
"test","000374_jpg.rf.ac2de2a304c5ac0e027684a8b34090c6.jpg","000374_jpg.rf.ac2de2a304c5ac0e027684a8b34090c6.txt","train"
"test","000344_jpg.rf.3f4c4a8a56c8f771bbdb14a27ca54d87.jpg","000344_jpg.rf.3f4c4a8a56c8f771bbdb14a27ca54d87.txt","test"
"test","road66_png.rf.f327ab7e8bf78480879f776b3dbaee9d.jpg","road66_png.rf.f327ab7e8bf78480879f776b3dbaee9d.txt","train"
"test","00001_00056_00005_png.rf.af200d9f74eb64fd9f79c3b273a449d7.jpg","00001_00056_00005_png.rf.af200d9f74eb64fd9f79c3b273a449d7.txt","valid"
"test","000939_JPG_jpg.rf.969abecb2a129b37302013ad84aa7166.jpg","000939_JPG_jpg.rf.969abecb2a129b37302013ad84aa7166.txt","valid"
"test","001666_JPG_jpg.rf.b87ec9b1c7d2a8a3ba6d5c8bfd7d4c6e.jpg","001666_JPG_jpg.rf.b87ec9b1c7d2a8a3ba6d5c8bfd7d4c6e.txt","train"
"test","00004_00022_00021_png.rf.35e3b1eb91a32aaa73e65ce1757f9284.jpg","00004_00022_00021_png.rf.35e3b1eb91a32aaa73e65ce1757f9284.txt","train"
"test","00003_00007_00015_png.rf.d80bc7c4159c631743c2c36affb9cdc0.jpg","00003_00007_00015_png.rf.d80bc7c4159c631743c2c36affb9cdc0.txt","train"
"test","00003_00040_00007_png.rf.b61039ddad30f09fda81699864319bd7.jpg","00003_00040_00007_png.rf.b61039ddad30f09fda81699864319bd7.txt","valid"
"test","00002_00032_00021_png.rf.0a36a492cdfe6ab35e0e6ac16fced2d0.jpg","00002_00032_00021_png.rf.0a36a492cdfe6ab35e0e6ac16fced2d0.txt","test"
"test","000115_jpg.rf.01a5d849f181e7e7ec10f4bafa2cedbb.jpg","000115_jpg.rf.01a5d849f181e7e7ec10f4bafa2cedbb.txt","train"
"test","road418_png.rf.86189ed3d94a568c3e5f77767f879c7c.jpg","road418_png.rf.86189ed3d94a568c3e5f77767f879c7c.txt","train"
"test","FisheyeCamera_1_00127_png.rf.6f4594d5c137a32f1514088fbb4c002e.jpg","FisheyeCamera_1_00127_png.rf.6f4594d5c137a32f1514088fbb4c002e.txt","train"
"test","000446_jpg.rf.67bfac48299f998222d78f806a2fb4ce.jpg","000446_jpg.rf.67bfac48299f998222d78f806a2fb4ce.txt","test"
"test","00002_00029_00019_png.rf.b0474acc633c50e951c5d5793e60590c.jpg","00002_00029_00019_png.rf.b0474acc633c50e951c5d5793e60590c.txt","train"
"test","00001_00022_00013_png.rf.d152e0202cf7b0c607de4345615c972a.jpg","00001_00022_00013_png.rf.d152e0202cf7b0c607de4345615c972a.txt","train"
"test","001657_JPG_jpg.rf.ba41fec8382a2fccdb43541a21c89aaa.jpg","001657_JPG_jpg.rf.ba41fec8382a2fccdb43541a21c89aaa.txt","train"
"test","FisheyeCamera_1_00239_png.rf.5b9029aa72d854f5cbe96441a6cc4030.jpg","FisheyeCamera_1_00239_png.rf.5b9029aa72d854f5cbe96441a6cc4030.txt","test"
"test","road54_png.rf.be2e0e2c2bf9ba9069dcaa6e7db8c878.jpg","road54_png.rf.be2e0e2c2bf9ba9069dcaa6e7db8c878.txt","train"
"test","001239_jpg.rf.48587757f3b3267088d6bdd1b5998b9f.jpg","001239_jpg.rf.48587757f3b3267088d6bdd1b5998b9f.txt","train"
"test","00002_00000_00024_png.rf.614f157fe7d85e0dee92c075da3ddea0.jpg","00002_00000_00024_png.rf.614f157fe7d85e0dee92c075da3ddea0.txt","train"
"test","000084_jpg.rf.bedf878573c0cfe2a3132b0173f41a89.jpg","000084_jpg.rf.bedf878573c0cfe2a3132b0173f41a89.txt","train"
"test","road461_png.rf.550b0bd8794b761558f3013230aa68f9.jpg","road461_png.rf.550b0bd8794b761558f3013230aa68f9.txt","train"
"test","000169_jpg.rf.f2a846b1483f6fc727b21cd439f2c860.jpg","000169_jpg.rf.f2a846b1483f6fc727b21cd439f2c860.txt","train"
"test","00005_00027_00013_png.rf.bdcb42bb5d46f6956febafaf43b1cc52.jpg","00005_00027_00013_png.rf.bdcb42bb5d46f6956febafaf43b1cc52.txt","train"
"test","00003_00018_00028_png.rf.fc6e0c956052bbc2c4a231152d1cec21.jpg","00003_00018_00028_png.rf.fc6e0c956052bbc2c4a231152d1cec21.txt","valid"
"test","000931_JPG_jpg.rf.d268aac64c27e985d23e9438311c603d.jpg","000931_JPG_jpg.rf.d268aac64c27e985d23e9438311c603d.txt","train"
"test","001211_jpg.rf.f3d5202ea424952677cf0be030d8d093.jpg","001211_jpg.rf.f3d5202ea424952677cf0be030d8d093.txt","valid"
"test","00008_00044_00011_png.rf.bb64e88b7bd82173f2c63b83c765af2e.jpg","00008_00044_00011_png.rf.bb64e88b7bd82173f2c63b83c765af2e.txt","train"
"test","000826_jpg.rf.50a3451a829af37f639fb67cc73ffdc7.jpg","000826_jpg.rf.50a3451a829af37f639fb67cc73ffdc7.txt","train"
"test","00007_00015_00029_png.rf.a6353e4c80bdd82b90f50697a83848f0.jpg","00007_00015_00029_png.rf.a6353e4c80bdd82b90f50697a83848f0.txt","train"
"test","road32_png.rf.282cd355e82d747b419002d98a31ab02.jpg","road32_png.rf.282cd355e82d747b419002d98a31ab02.txt","train"
"test","FisheyeCamera_1_00206_png.rf.128b18840f0eab386fc6da2d6c12d344.jpg","FisheyeCamera_1_00206_png.rf.128b18840f0eab386fc6da2d6c12d344.txt","train"
"test","000780_jpg.rf.036b820c0736a5acf338982c3b428ba2.jpg","000780_jpg.rf.036b820c0736a5acf338982c3b428ba2.txt","train"
"test","00001_00027_00019_png.rf.eb2b426ed8d7c0e5dcdebdb7231d8d29.jpg","00001_00027_00019_png.rf.eb2b426ed8d7c0e5dcdebdb7231d8d29.txt","train"
"test","001652_JPG_jpg.rf.e158a7e214dacdfc59cea82c0adafcc5.jpg","001652_JPG_jpg.rf.e158a7e214dacdfc59cea82c0adafcc5.txt","train"
"test","000482_jpg.rf.4af698f94ec2365b70c651c1fd2cc9d0.jpg","000482_jpg.rf.4af698f94ec2365b70c651c1fd2cc9d0.txt","train"
"test","00000_00001_00003_png.rf.c68c0eb8b8518b7d10a4f4648cb682ea.jpg","00000_00001_00003_png.rf.c68c0eb8b8518b7d10a4f4648cb682ea.txt","train"
"test","FisheyeCamera_1_00084_png.rf.0ee83ec7a0d90890561f680245b0dece.jpg","FisheyeCamera_1_00084_png.rf.0ee83ec7a0d90890561f680245b0dece.txt","train"
"test","001284_jpg.rf.90cd167b3e6770f7c6ff17e7e3184eba.jpg","001284_jpg.rf.90cd167b3e6770f7c6ff17e7e3184eba.txt","train"
"test","00004_00009_00021_png.rf.19a88db623f9f113d826f38fbf484088.jpg","00004_00009_00021_png.rf.19a88db623f9f113d826f38fbf484088.txt","test"
"test","00005_00004_00027_png.rf.4749081c3b621951093274fa415f48d5.jpg","00005_00004_00027_png.rf.4749081c3b621951093274fa415f48d5.txt","train"
"test","001674_JPG_jpg.rf.84d395518d5818fd8b7d9acb1965c2ce.jpg","001674_JPG_jpg.rf.84d395518d5818fd8b7d9acb1965c2ce.txt","train"
"test","road806_png.rf.073b6f2e52ad6359c832ab3ecea2d971.jpg","road806_png.rf.073b6f2e52ad6359c832ab3ecea2d971.txt","train"
"test","road777_png.rf.1d86de332a82d5e3059cebbbda554c36.jpg","road777_png.rf.1d86de332a82d5e3059cebbbda554c36.txt","train"
"test","00001_00021_00009_png.rf.713e49cc6fc7312eb0aabc8d842ff47f.jpg","00001_00021_00009_png.rf.713e49cc6fc7312eb0aabc8d842ff47f.txt","train"
"test","00000_00000_00008_png.rf.1cfe731b557d3c5fe8b0bf7dbc29bd44.jpg","00000_00000_00008_png.rf.1cfe731b557d3c5fe8b0bf7dbc29bd44.txt","test"
"test","00000_00004_00010_png.rf.f3468be60f5c78615aa739c37c5c3dca.jpg","00000_00004_00010_png.rf.f3468be60f5c78615aa739c37c5c3dca.txt","train"
"test","000359_jpg.rf.c47b37beb5ae251c08af7855bb94e195.jpg","000359_jpg.rf.c47b37beb5ae251c08af7855bb94e195.txt","test"
"test","00014_00015_00004_png.rf.a6fb616d5720b7ac385d0c0fa8f5e62d.jpg","00014_00015_00004_png.rf.a6fb616d5720b7ac385d0c0fa8f5e62d.txt","train"
"test","FisheyeCamera_1_00454_png.rf.a0bae3acc6e31313b699e50135ce0c6a.jpg","FisheyeCamera_1_00454_png.rf.a0bae3acc6e31313b699e50135ce0c6a.txt","test"
"test","00003_00027_00026_png.rf.fb5347b08cd2418571f41684f0341471.jpg","00003_00027_00026_png.rf.fb5347b08cd2418571f41684f0341471.txt","train"
"test","road501_png.rf.17a1dbd6a229ea1ddc9a2a0724dd8e73.jpg","road501_png.rf.17a1dbd6a229ea1ddc9a2a0724dd8e73.txt","train"
"test","road642_png.rf.b3cfd7878d1a3836c4baefc0bf071b9d.jpg","road642_png.rf.b3cfd7878d1a3836c4baefc0bf071b9d.txt","valid"
"test","road679_png.rf.cbc678f68b89a987ae62b9ffa1f3cc6f.jpg","road679_png.rf.cbc678f68b89a987ae62b9ffa1f3cc6f.txt","train"
"test","000817_jpg.rf.888322957bba6116798367735a6a37f6.jpg","000817_jpg.rf.888322957bba6116798367735a6a37f6.txt","train"
"test","152156cd-9481-46af-b83c-60f38869f14a_jpg.rf.2d9983ed55a59539030e5fd2642a811a.jpg","152156cd-9481-46af-b83c-60f38869f14a_jpg.rf.2d9983ed55a59539030e5fd2642a811a.txt","train"
"test","00007_00002_00024_png.rf.8352420ce7245ac2c6c8059dc928829b.jpg","00007_00002_00024_png.rf.8352420ce7245ac2c6c8059dc928829b.txt","train"
"test","00003_00042_00026_png.rf.189ef5270476d38e9901260dc37067d8.jpg","00003_00042_00026_png.rf.189ef5270476d38e9901260dc37067d8.txt","valid"
"test","road429_png.rf.11f994314f42c45ce5654b5efe47e0cd.jpg","road429_png.rf.11f994314f42c45ce5654b5efe47e0cd.txt","train"
"test","00003_00035_00008_png.rf.4efeb839e11fd1590824d5201d5ea4ef.jpg","00003_00035_00008_png.rf.4efeb839e11fd1590824d5201d5ea4ef.txt","train"
"test","FisheyeCamera_1_01011_png.rf.064849893ccff1682c0544440edea89d.jpg","FisheyeCamera_1_01011_png.rf.064849893ccff1682c0544440edea89d.txt","train"
"test","000195_jpg.rf.db45bd60debd2be2592f825046c9d55b.jpg","000195_jpg.rf.db45bd60debd2be2592f825046c9d55b.txt","train"
"test","000901_jpg.rf.693421c1f5d2c756de48d9f084c5c902.jpg","000901_jpg.rf.693421c1f5d2c756de48d9f084c5c902.txt","train"
"test","road505_png.rf.2c806a44ffef1e644e65e469da657997.jpg","road505_png.rf.2c806a44ffef1e644e65e469da657997.txt","train"
"test","00003_00034_00007_png.rf.77850cb33b888f212127975b26af77c9.jpg","00003_00034_00007_png.rf.77850cb33b888f212127975b26af77c9.txt","train"
"test","road92_png.rf.e4a8591ab0253986c22c3ac40c1083e3.jpg","road92_png.rf.e4a8591ab0253986c22c3ac40c1083e3.txt","train"
"test","001462_jpg.rf.f5a824835ab5f80816c87d2a24086f4d.jpg","001462_jpg.rf.f5a824835ab5f80816c87d2a24086f4d.txt","test"
"test","FisheyeCamera_1_00288_png.rf.664df55274d870eef51708629fb14cd6.jpg","FisheyeCamera_1_00288_png.rf.664df55274d870eef51708629fb14cd6.txt","train"
"test","road832_png.rf.55631c5a721bf0ede979fe0529880277.jpg","road832_png.rf.55631c5a721bf0ede979fe0529880277.txt","train"
"test","000541_jpg.rf.65c1f297b08493561f8c912019933f57.jpg","000541_jpg.rf.65c1f297b08493561f8c912019933f57.txt","train"
"test","0691364a-3aa2-469a-90ec-84685754c373_jpg.rf.46c7680183afee80ccb9fcd334cebb6c.jpg","0691364a-3aa2-469a-90ec-84685754c373_jpg.rf.46c7680183afee80ccb9fcd334cebb6c.txt","valid"
"test","000544_jpg.rf.88149a1b379e1eef4b557bb11dfc1f73.jpg","000544_jpg.rf.88149a1b379e1eef4b557bb11dfc1f73.txt","train"
"test","09e4f5d0-f812-4109-8af3-e448e7594f56_jpg.rf.b06402cb0799af89d7d0586de8b89d41.jpg","09e4f5d0-f812-4109-8af3-e448e7594f56_jpg.rf.b06402cb0799af89d7d0586de8b89d41.txt","train"
"test","00002_00024_00019_png.rf.07a0a3b2e9793150be969d82e0e38f0e.jpg","00002_00024_00019_png.rf.07a0a3b2e9793150be969d82e0e38f0e.txt","train"
"test","00007_00041_00003_png.rf.cc818f67c2e5f44a454229718dd8c97b.jpg","00007_00041_00003_png.rf.cc818f67c2e5f44a454229718dd8c97b.txt","valid"
"test","road371_png.rf.36bacad46b805eaac02eff18f064dddd.jpg","road371_png.rf.36bacad46b805eaac02eff18f064dddd.txt","train"
"test","000447_jpg.rf.52196a05b81736ea3e769dd979db7104.jpg","000447_jpg.rf.52196a05b81736ea3e769dd979db7104.txt","train"
"test","08c4392d-102e-4f9f-822f-53df30e76caf_jpg.rf.7dd98384cf45120e1f39c0e2ad230718.jpg","08c4392d-102e-4f9f-822f-53df30e76caf_jpg.rf.7dd98384cf45120e1f39c0e2ad230718.txt","train"
"test","00003_00010_00011_png.rf.9abb85f458d3896e8294c169ed13d3a4.jpg","00003_00010_00011_png.rf.9abb85f458d3896e8294c169ed13d3a4.txt","train"
"test","FisheyeCamera_1_00311_png.rf.78863cef774eed7cea29b50503d8e622.jpg","FisheyeCamera_1_00311_png.rf.78863cef774eed7cea29b50503d8e622.txt","train"
"test","FisheyeCamera_1_00190_png.rf.22d1412c01b95640e2b509f92cf49455.jpg","FisheyeCamera_1_00190_png.rf.22d1412c01b95640e2b509f92cf49455.txt","train"
"test","road558_png.rf.78d9cf50e955100d5cbfe84498b2dd18.jpg","road558_png.rf.78d9cf50e955100d5cbfe84498b2dd18.txt","train"
"test","FisheyeCamera_1_00156_png.rf.aff41ef2d5f481269b614c414f5c9530.jpg","FisheyeCamera_1_00156_png.rf.aff41ef2d5f481269b614c414f5c9530.txt","train"
"test","000877_jpg.rf.eb7c949b8b584edf9f69cb5b27a99089.jpg","000877_jpg.rf.eb7c949b8b584edf9f69cb5b27a99089.txt","valid"
"test","00000_00005_00006_png.rf.e0e8528eeaa165b24b84628e0c221754.jpg","00000_00005_00006_png.rf.e0e8528eeaa165b24b84628e0c221754.txt","train"
"test","00005_00013_00015_png.rf.44838e5d41851a3013ea27cdf02a9e16.jpg","00005_00013_00015_png.rf.44838e5d41851a3013ea27cdf02a9e16.txt","valid"
"test","001050_jpg.rf.56f239fb297974c3b5dccc62e9f55c5c.jpg","001050_jpg.rf.56f239fb297974c3b5dccc62e9f55c5c.txt","train"
"test","001046_jpg.rf.701674200bc78e25f98c91cd6f960a34.jpg","001046_jpg.rf.701674200bc78e25f98c91cd6f960a34.txt","train"
"test","road332_png.rf.cf82bdde18f370ca27b9e6ae22842607.jpg","road332_png.rf.cf82bdde18f370ca27b9e6ae22842607.txt","train"
"test","000647_jpg.rf.25338f0505d7ce2597e23dd022716703.jpg","000647_jpg.rf.25338f0505d7ce2597e23dd022716703.txt","train"
"test","road733_png.rf.1a6c866494b53f50f7ae93334a27f50f.jpg","road733_png.rf.1a6c866494b53f50f7ae93334a27f50f.txt","train"
"test","000785_jpg.rf.720a02cbeaa010ea0438575082629fcd.jpg","000785_jpg.rf.720a02cbeaa010ea0438575082629fcd.txt","train"
"test","00001_00008_00023_png.rf.e054d2769ebf15a21959c5c945a01c7b.jpg","00001_00008_00023_png.rf.e054d2769ebf15a21959c5c945a01c7b.txt","train"
"test","00003_00044_00018_png.rf.8a928886c42dde68c2a2277e04e071d2.jpg","00003_00044_00018_png.rf.8a928886c42dde68c2a2277e04e071d2.txt","train"
"test","FisheyeCamera_1_00174_png.rf.78922c775d0a698ac3bd03434b28d744.jpg","FisheyeCamera_1_00174_png.rf.78922c775d0a698ac3bd03434b28d744.txt","train"
"test","00003_00035_00009_png.rf.be8c9a1c2cce4b28f6895dee4be3ed50.jpg","00003_00035_00009_png.rf.be8c9a1c2cce4b28f6895dee4be3ed50.txt","train"
"test","000173_jpg.rf.eba56d5a2f672129e04c28b28fea97a1.jpg","000173_jpg.rf.eba56d5a2f672129e04c28b28fea97a1.txt","train"
"test","00007_00041_00019_png.rf.b294d43fef3603052bec203fe1296acb.jpg","00007_00041_00019_png.rf.b294d43fef3603052bec203fe1296acb.txt","train"
"test","000725_jpg.rf.0554453c3980e8f8f489415b4e52736c.jpg","000725_jpg.rf.0554453c3980e8f8f489415b4e52736c.txt","train"
"test","00014_00013_00003_png.rf.b62e5014ecc46cb4acd31ad3038e519a.jpg","00014_00013_00003_png.rf.b62e5014ecc46cb4acd31ad3038e519a.txt","test"
"test","00001_00065_00002_png.rf.11b2e55bdf45ab7d68deac427a8b1a68.jpg","00001_00065_00002_png.rf.11b2e55bdf45ab7d68deac427a8b1a68.txt","train"
"test","000466_jpg.rf.fd751127034e72b0a832db832d65bc9a.jpg","000466_jpg.rf.fd751127034e72b0a832db832d65bc9a.txt","test"
"test","001083_jpg.rf.1d375cb199669518219d88e5412a9998.jpg","001083_jpg.rf.1d375cb199669518219d88e5412a9998.txt","train"
"test","001835_JPG_jpg.rf.e39069b7281ed53cfdbabcbb518ce805.jpg","001835_JPG_jpg.rf.e39069b7281ed53cfdbabcbb518ce805.txt","valid"
"test","road809_png.rf.cc29543b647d96f4513e37daee194e79.jpg","road809_png.rf.cc29543b647d96f4513e37daee194e79.txt","train"
"test","00004_00033_00001_png.rf.2782463cdf296e6fa263c6d2993e5433.jpg","00004_00033_00001_png.rf.2782463cdf296e6fa263c6d2993e5433.txt","train"
"test","FisheyeCamera_1_00602_png.rf.65686c89d5111b25a8d63ce0624457ef.jpg","FisheyeCamera_1_00602_png.rf.65686c89d5111b25a8d63ce0624457ef.txt","train"
"test","00001_00042_00016_png.rf.a953a8d73c6029a3f9e89f106ee556ef.jpg","00001_00042_00016_png.rf.a953a8d73c6029a3f9e89f106ee556ef.txt","train"
"test","000177_jpg.rf.ba67c88d29c05124f72774175bb4b71d.jpg","000177_jpg.rf.ba67c88d29c05124f72774175bb4b71d.txt","train"
"test","00005_00029_00017_png.rf.d5b26ac37f6ed35d2c5ed973c22531c9.jpg","00005_00029_00017_png.rf.d5b26ac37f6ed35d2c5ed973c22531c9.txt","train"
"test","00000_00005_00011_png.rf.cc275fa0f709f8278308347c27d96a49.jpg","00000_00005_00011_png.rf.cc275fa0f709f8278308347c27d96a49.txt","train"
"test","00001_00021_00021_png.rf.dadf74f48680b0e583802fdfc0964b01.jpg","00001_00021_00021_png.rf.dadf74f48680b0e583802fdfc0964b01.txt","train"
"test","000227_jpg.rf.09d8de2bf6878e929dcc612088394aa0.jpg","000227_jpg.rf.09d8de2bf6878e929dcc612088394aa0.txt","train"
"test","road833_png.rf.0434a461af266a04ca2ebbe5c93872dd.jpg","road833_png.rf.0434a461af266a04ca2ebbe5c93872dd.txt","train"
"test","road811_png.rf.f6dfa08499dc670d7fd6adede1f25d1f.jpg","road811_png.rf.f6dfa08499dc670d7fd6adede1f25d1f.txt","test"
"test","000367_jpg.rf.4128633a6f1a57219d0bc3977479c808.jpg","000367_jpg.rf.4128633a6f1a57219d0bc3977479c808.txt","train"
"test","000972_jpg.rf.5df5859d273d15bd9492cc4d43fbd333.jpg","000972_jpg.rf.5df5859d273d15bd9492cc4d43fbd333.txt","train"
"test","00000_00001_00009_png.rf.ee8e615fb3e7718a9ec705faaa2fb285.jpg","00000_00001_00009_png.rf.ee8e615fb3e7718a9ec705faaa2fb285.txt","valid"
"test","00000_00005_00017_png.rf.c9ac0cf74e84fb0272078dddaf55db3f.jpg","00000_00005_00017_png.rf.c9ac0cf74e84fb0272078dddaf55db3f.txt","train"
"test","033c6ce1-fa33-49fc-9308-76c6e69e0c31_jpg.rf.c67de45aa16480713def09d60dce7d37.jpg","033c6ce1-fa33-49fc-9308-76c6e69e0c31_jpg.rf.c67de45aa16480713def09d60dce7d37.txt","train"
"test","00001_00011_00008_png.rf.9ec965996ef4daf3fa2b01eb8cff5897.jpg","00001_00011_00008_png.rf.9ec965996ef4daf3fa2b01eb8cff5897.txt","train"
"test","00003_00039_00018_png.rf.1ffb72d6a9ef99ae8e7607f066470102.jpg","00003_00039_00018_png.rf.1ffb72d6a9ef99ae8e7607f066470102.txt","train"
"test","000323_jpg.rf.46eaee402e303c55c7c843fb615ba680.jpg","000323_jpg.rf.46eaee402e303c55c7c843fb615ba680.txt","train"
"test","000379_jpg.rf.7f37fead2f6ccda932973191000fb905.jpg","000379_jpg.rf.7f37fead2f6ccda932973191000fb905.txt","train"
"test","000548_jpg.rf.7b19c68b5869b7041fef692d1d1ca924.jpg","000548_jpg.rf.7b19c68b5869b7041fef692d1d1ca924.txt","train"
"test","000107_jpg.rf.e1a04e05fb98ed200486525fb00f4e12.jpg","000107_jpg.rf.e1a04e05fb98ed200486525fb00f4e12.txt","train"
"test","9c98e136-f7aa-479c-8578-a800a57c2d47_jpg.rf.7e5130b56cac7947c1b35e045eb5dec5.jpg","9c98e136-f7aa-479c-8578-a800a57c2d47_jpg.rf.7e5130b56cac7947c1b35e045eb5dec5.txt","train"
"test","00014_00005_00002_png.rf.a0ca074fc601e680f05f2d3a0d9a14be.jpg","00014_00005_00002_png.rf.a0ca074fc601e680f05f2d3a0d9a14be.txt","train"
"test","00004_00039_00014_png.rf.19ae9feebc941c50e2ed832cf1fe7473.jpg","00004_00039_00014_png.rf.19ae9feebc941c50e2ed832cf1fe7473.txt","train"
"test","00008_00030_00021_png.rf.ecf69c4649466a9d5332a9c6a9db92e5.jpg","00008_00030_00021_png.rf.ecf69c4649466a9d5332a9c6a9db92e5.txt","train"
"test","FisheyeCamera_1_00049_png.rf.7f40a61acb763b9d256f1d0796ad6252.jpg","FisheyeCamera_1_00049_png.rf.7f40a61acb763b9d256f1d0796ad6252.txt","valid"
"test","000737_jpg.rf.e69c0c163b83ff07e0ce34988c74547b.jpg","000737_jpg.rf.e69c0c163b83ff07e0ce34988c74547b.txt","train"
"test","00003_00044_00020_png.rf.19c3f7dc2ff22fe0222489b86aa07e70.jpg","00003_00044_00020_png.rf.19c3f7dc2ff22fe0222489b86aa07e70.txt","test"
"test","000929_jpg.rf.3bba3504b4887294043814895f92ff0e.jpg","000929_jpg.rf.3bba3504b4887294043814895f92ff0e.txt","train"
"test","road286_png.rf.286f426e7ded688e1366adadd7c3599e.jpg","road286_png.rf.286f426e7ded688e1366adadd7c3599e.txt","test"
"test","000947_jpg.rf.0f4dc86806627e5ee03326d28d087835.jpg","000947_jpg.rf.0f4dc86806627e5ee03326d28d087835.txt","valid"
"test","00004_00032_00011_png.rf.f8373e16527c8fb987eddbd913c381c8.jpg","00004_00032_00011_png.rf.f8373e16527c8fb987eddbd913c381c8.txt","train"
"test","00003_00044_00017_png.rf.10313fa7e46d5f21e89a22b2f3a0cd49.jpg","00003_00044_00017_png.rf.10313fa7e46d5f21e89a22b2f3a0cd49.txt","train"
"test","road79_png.rf.7a67294edeb3b07a04e3ac38af47cd52.jpg","road79_png.rf.7a67294edeb3b07a04e3ac38af47cd52.txt","train"
"test","00001_00064_00008_png.rf.627badec48d970f8f6b011c8f04db4bb.jpg","00001_00064_00008_png.rf.627badec48d970f8f6b011c8f04db4bb.txt","train"
"test","000976_JPG_jpg.rf.f2a3a066b78759be5d96ff0e31a79a11.jpg","000976_JPG_jpg.rf.f2a3a066b78759be5d96ff0e31a79a11.txt","train"
"test","09da0aaa-c734-4e05-a4cc-2433eb779495_jpg.rf.bc5c617c8a45b83b2c0aeb148c43082e.jpg","09da0aaa-c734-4e05-a4cc-2433eb779495_jpg.rf.bc5c617c8a45b83b2c0aeb148c43082e.txt","train"
"test","FisheyeCamera_1_00367_png.rf.7723018bb2554f34b7d4e40c72358422.jpg","FisheyeCamera_1_00367_png.rf.7723018bb2554f34b7d4e40c72358422.txt","train"
"test","00003_00012_00018_png.rf.122649e87568e8a0b00856c6ac02d4e9.jpg","00003_00012_00018_png.rf.122649e87568e8a0b00856c6ac02d4e9.txt","train"
"test","00007_00027_00020_png.rf.ae6a79b2b0237eb36f9617a0c466e8a8.jpg","00007_00027_00020_png.rf.ae6a79b2b0237eb36f9617a0c466e8a8.txt","test"
"test","00007_00007_00027_png.rf.c908432fca2d51e42124dc40154aee47.jpg","00007_00007_00027_png.rf.c908432fca2d51e42124dc40154aee47.txt","train"
"test","road346_png.rf.5cc033f6c0e06bbbdb5225526188dccb.jpg","road346_png.rf.5cc033f6c0e06bbbdb5225526188dccb.txt","train"
"test","FisheyeCamera_1_00275_png.rf.aec542a0d4904d0898b2ac6a92688ae0.jpg","FisheyeCamera_1_00275_png.rf.aec542a0d4904d0898b2ac6a92688ae0.txt","train"
"test","000851_jpg.rf.49a96ae20a94da3d7d3c4a34661631bb.jpg","000851_jpg.rf.49a96ae20a94da3d7d3c4a34661631bb.txt","train"
"test","00000_00003_00016_png.rf.ddd410d7bc003afd45c2db63522345cf.jpg","00000_00003_00016_png.rf.ddd410d7bc003afd45c2db63522345cf.txt","valid"
"test","000621_jpg.rf.8a7564c59d79fdf1d5596b7212e7ef8e.jpg","000621_jpg.rf.8a7564c59d79fdf1d5596b7212e7ef8e.txt","train"
"test","000188_jpg.rf.2b29e829c7faeae3d7de7782578df9e8.jpg","000188_jpg.rf.2b29e829c7faeae3d7de7782578df9e8.txt","train"
"test","FisheyeCamera_1_00601_png.rf.161a4b50110490e8ab2eb5cde185c52d.jpg","FisheyeCamera_1_00601_png.rf.161a4b50110490e8ab2eb5cde185c52d.txt","train"
"test","00004_00044_00016_png.rf.ae6e8382b3e80324a60ad7623e273853.jpg","00004_00044_00016_png.rf.ae6e8382b3e80324a60ad7623e273853.txt","test"
"test","FisheyeCamera_1_00614_png.rf.c78827f3fe07caa59e7c1dc2c170cb47.jpg","FisheyeCamera_1_00614_png.rf.c78827f3fe07caa59e7c1dc2c170cb47.txt","train"
"test","FisheyeCamera_1_00045_png.rf.a75ade1f794a5a8a9b4dc174cd9b24f1.jpg","FisheyeCamera_1_00045_png.rf.a75ade1f794a5a8a9b4dc174cd9b24f1.txt","train"
"test","FisheyeCamera_1_00277_png.rf.1e44fb38fc199b5899618793fd661eec.jpg","FisheyeCamera_1_00277_png.rf.1e44fb38fc199b5899618793fd661eec.txt","train"
"test","FisheyeCamera_1_01083_png.rf.6ab0eed0e6f6a295f845d62354f59c2f.jpg","FisheyeCamera_1_01083_png.rf.6ab0eed0e6f6a295f845d62354f59c2f.txt","train"
"test","00003_00042_00028_png.rf.6494b93d27e502068168cd24920982e4.jpg","00003_00042_00028_png.rf.6494b93d27e502068168cd24920982e4.txt","train"
"test","FisheyeCamera_1_00301_png.rf.5cfb5e089246d534f131c4c1a400447e.jpg","FisheyeCamera_1_00301_png.rf.5cfb5e089246d534f131c4c1a400447e.txt","train"
"test","00008_00032_00017_png.rf.3bcdee82a21587c023b09b54e58c0b10.jpg","00008_00032_00017_png.rf.3bcdee82a21587c023b09b54e58c0b10.txt","train"
"test","FisheyeCamera_1_00195_png.rf.ef21858455af3429c8a57e130129f3f0.jpg","FisheyeCamera_1_00195_png.rf.ef21858455af3429c8a57e130129f3f0.txt","test"
"test","FisheyeCamera_1_00358_png.rf.d5de85ba79268455980fdc21d197e0cc.jpg","FisheyeCamera_1_00358_png.rf.d5de85ba79268455980fdc21d197e0cc.txt","train"
"test","road24_png.rf.bd5443a3dd5633fb679e8551da8ce059.jpg","road24_png.rf.bd5443a3dd5633fb679e8551da8ce059.txt","valid"
"test","000276_jpg.rf.58a89bae42273090ba16c5f72bf10367.jpg","000276_jpg.rf.58a89bae42273090ba16c5f72bf10367.txt","train"
"test","00002_00031_00028_png.rf.d36f3b94265dce0ffcad3249f0fcfde8.jpg","00002_00031_00028_png.rf.d36f3b94265dce0ffcad3249f0fcfde8.txt","valid"
"test","00014_00005_00015_png.rf.f322e4ecd4e998e922d3abc952cb6aae.jpg","00014_00005_00015_png.rf.f322e4ecd4e998e922d3abc952cb6aae.txt","train"
"test","00002_00027_00008_png.rf.0680c61371c4c53d59c7414b9691f830.jpg","00002_00027_00008_png.rf.0680c61371c4c53d59c7414b9691f830.txt","train"
"test","000596_jpg.rf.8bff95f50609e0b6e146d4bb918b7fe9.jpg","000596_jpg.rf.8bff95f50609e0b6e146d4bb918b7fe9.txt","test"
"test","000216_jpg.rf.f4581ef1734661dec2d4585385529c6e.jpg","000216_jpg.rf.f4581ef1734661dec2d4585385529c6e.txt","test"
"test","00007_00000_00019_png.rf.2d449d2227f1f399a75d10bed8f80969.jpg","00007_00000_00019_png.rf.2d449d2227f1f399a75d10bed8f80969.txt","train"
"test","08724eba-901b-4e19-883d-1cc236532391_jpg.rf.fe65bcc189b22d5904de72d175d7db61.jpg","08724eba-901b-4e19-883d-1cc236532391_jpg.rf.fe65bcc189b22d5904de72d175d7db61.txt","test"
"test","00004_00050_00019_png.rf.c7cdc9e1358a73e909ffcaf70812d6be.jpg","00004_00050_00019_png.rf.c7cdc9e1358a73e909ffcaf70812d6be.txt","train"
"test","road349_png.rf.e9706c3b83e565f16709d9906ee901b3.jpg","road349_png.rf.e9706c3b83e565f16709d9906ee901b3.txt","train"
"test","FisheyeCamera_1_01021_png.rf.bd08424f46a128e64aeb216a4abe17b6.jpg","FisheyeCamera_1_01021_png.rf.bd08424f46a128e64aeb216a4abe17b6.txt","train"
"test","road476_png.rf.1a3e9b3600f71a9d7a2d336910c1ce95.jpg","road476_png.rf.1a3e9b3600f71a9d7a2d336910c1ce95.txt","train"
"test","road511_png.rf.b20d474f61ea7ce5d54e9858b4b43a99.jpg","road511_png.rf.b20d474f61ea7ce5d54e9858b4b43a99.txt","train"
"test","road803_png.rf.ca307b786080e9c38ef269dfef6982e3.jpg","road803_png.rf.ca307b786080e9c38ef269dfef6982e3.txt","test"
"test","000629_jpg.rf.c341e360bcf878be3908ae8b380193b6.jpg","000629_jpg.rf.c341e360bcf878be3908ae8b380193b6.txt","test"
"test","001678_JPG_jpg.rf.ec90a06c57424be169cb5fc154cc9baf.jpg","001678_JPG_jpg.rf.ec90a06c57424be169cb5fc154cc9baf.txt","train"
"test","000959_JPG_jpg.rf.e87b399b52efaccf143e9b8f7df7d244.jpg","000959_JPG_jpg.rf.e87b399b52efaccf143e9b8f7df7d244.txt","valid"
"test","00004_00009_00006_png.rf.14f59132bb7ff448d4229637a6099b79.jpg","00004_00009_00006_png.rf.14f59132bb7ff448d4229637a6099b79.txt","valid"
"test","001084_jpg.rf.3f677cd3b2cedabc731221add3989f45.jpg","001084_jpg.rf.3f677cd3b2cedabc731221add3989f45.txt","train"
"test","00003_00035_00024_png.rf.d420de5e215a8a661a842c3cca2d069f.jpg","00003_00035_00024_png.rf.d420de5e215a8a661a842c3cca2d069f.txt","valid"
"test","FisheyeCamera_1_00202_png.rf.5154ae58fcfa88b3d52784922a301cbc.jpg","FisheyeCamera_1_00202_png.rf.5154ae58fcfa88b3d52784922a301cbc.txt","test"
"test","000274_jpg.rf.0fad7d8e08b01caefe7ad2b71773aa44.jpg","000274_jpg.rf.0fad7d8e08b01caefe7ad2b71773aa44.txt","train"
"test","00014_00006_00007_png.rf.6425bad17ed33e16228958a34c5491d5.jpg","00014_00006_00007_png.rf.6425bad17ed33e16228958a34c5491d5.txt","train"
"test","cff0a517-3079-4070-9dbe-bba60c243275_jpg.rf.dbffbaac02c58b8b3acc708f65e4067d.jpg","cff0a517-3079-4070-9dbe-bba60c243275_jpg.rf.dbffbaac02c58b8b3acc708f65e4067d.txt","valid"
"test","FisheyeCamera_1_00027_png.rf.f0d917e62027e3c90ed985c8227d6bd2.jpg","FisheyeCamera_1_00027_png.rf.f0d917e62027e3c90ed985c8227d6bd2.txt","train"
"test","00000_00004_00011_png.rf.dc0b132da826c63374c59b356888aceb.jpg","00000_00004_00011_png.rf.dc0b132da826c63374c59b356888aceb.txt","train"
"test","road748_png.rf.d30fb10548e023315d92ddda8420642d.jpg","road748_png.rf.d30fb10548e023315d92ddda8420642d.txt","valid"
"test","000613_jpg.rf.740c664b159af8bf7822ea73daf7a367.jpg","000613_jpg.rf.740c664b159af8bf7822ea73daf7a367.txt","train"
"test","001833_JPG_jpg.rf.bf4228977873ea5124715c501efabc73.jpg","001833_JPG_jpg.rf.bf4228977873ea5124715c501efabc73.txt","test"
"test","00000_00004_00005_png.rf.2babb6dc0b671c2da84134c8d209b0b7.jpg","00000_00004_00005_png.rf.2babb6dc0b671c2da84134c8d209b0b7.txt","train"
"test","00000_00000_00016_png.rf.f1f040be05da0045f5b50f988d1dfe86.jpg","00000_00000_00016_png.rf.f1f040be05da0045f5b50f988d1dfe86.txt","valid"
"test","00005_00010_00018_png.rf.5e94e7dc80075678001b36c73b5e4e16.jpg","00005_00010_00018_png.rf.5e94e7dc80075678001b36c73b5e4e16.txt","train"
"test","000259_jpg.rf.7f5a2ee206958b7de2ef12be455731d6.jpg","000259_jpg.rf.7f5a2ee206958b7de2ef12be455731d6.txt","train"
"test","000809_jpg.rf.d34fad65294782c401930fb98d0881a9.jpg","000809_jpg.rf.d34fad65294782c401930fb98d0881a9.txt","train"
"test","00004_00021_00007_png.rf.aa4122177e62f2bc08839ffb8a0fc72b.jpg","00004_00021_00007_png.rf.aa4122177e62f2bc08839ffb8a0fc72b.txt","train"
"test","000203_jpg.rf.b229fe403f46022f7bb87645c0b9eea8.jpg","000203_jpg.rf.b229fe403f46022f7bb87645c0b9eea8.txt","valid"
"test","road746_png.rf.7b1959e4d71578b5528fc6e3cf9b889c.jpg","road746_png.rf.7b1959e4d71578b5528fc6e3cf9b889c.txt","train"
"test","001624_JPG_jpg.rf.e403091189512f70c19d298e76340b17.jpg","001624_JPG_jpg.rf.e403091189512f70c19d298e76340b17.txt","test"
"test","000566_jpg.rf.a28938c274c5e15fcd5978a0cf51a5e3.jpg","000566_jpg.rf.a28938c274c5e15fcd5978a0cf51a5e3.txt","test"
"test","road195_png.rf.6ba15e76f41bc8beaa1c66cbf9f44f23.jpg","road195_png.rf.6ba15e76f41bc8beaa1c66cbf9f44f23.txt","valid"
"test","road245_png.rf.b4f280f4ae06bb1231a61a54c5c3310a.jpg","road245_png.rf.b4f280f4ae06bb1231a61a54c5c3310a.txt","train"
"test","road329_png.rf.4321656b1bd8c7975d82c1a2f9037d9f.jpg","road329_png.rf.4321656b1bd8c7975d82c1a2f9037d9f.txt","train"
"test","road101_png.rf.caf416041822c5750cba229d4b3c5bc9.jpg","road101_png.rf.caf416041822c5750cba229d4b3c5bc9.txt","train"
"test","00000_00001_00007_png.rf.810e77e6c05661adf7faf4b9791afda0.jpg","00000_00001_00007_png.rf.810e77e6c05661adf7faf4b9791afda0.txt","train"
"test","00002_00004_00009_png.rf.1352f4be017b3dddc93f19cca72acb5d.jpg","00002_00004_00009_png.rf.1352f4be017b3dddc93f19cca72acb5d.txt","train"
"test","00014_00006_00009_png.rf.00d2013b875e6b6863eb5d0c5d8e18ac.jpg","00014_00006_00009_png.rf.00d2013b875e6b6863eb5d0c5d8e18ac.txt","train"
"test","FisheyeCamera_1_00264_png.rf.8c3709eefbd6565ff6422bbc1e5634e6.jpg","FisheyeCamera_1_00264_png.rf.8c3709eefbd6565ff6422bbc1e5634e6.txt","train"
"test","000611_jpg.rf.c66d205841629b50c9ea12350060db20.jpg","000611_jpg.rf.c66d205841629b50c9ea12350060db20.txt","train"
"test","FisheyeCamera_1_00150_png.rf.2035cf08ceeef40d162368d675306171.jpg","FisheyeCamera_1_00150_png.rf.2035cf08ceeef40d162368d675306171.txt","test"
"test","00007_00042_00004_png.rf.ef9ce5b5433d4e99c6df00efe1c4f203.jpg","00007_00042_00004_png.rf.ef9ce5b5433d4e99c6df00efe1c4f203.txt","train"
"test","FisheyeCamera_1_00988_png.rf.549c46efbaf592d53611cb635fd1c0d7.jpg","FisheyeCamera_1_00988_png.rf.549c46efbaf592d53611cb635fd1c0d7.txt","train"
"test","00002_00027_00012_png.rf.4dd694f47a9238a8c274ecfe2532b784.jpg","00002_00027_00012_png.rf.4dd694f47a9238a8c274ecfe2532b784.txt","train"
"test","road627_png.rf.2fa225f5c556c03951c130a838079eb4.jpg","road627_png.rf.2fa225f5c556c03951c130a838079eb4.txt","valid"
"test","00003_00014_00015_png.rf.dcff22d6649041a788e0166a99484ffd.jpg","00003_00014_00015_png.rf.dcff22d6649041a788e0166a99484ffd.txt","test"
"test","000943_jpg.rf.11bf418c8d48a2181089210a811b674a.jpg","000943_jpg.rf.11bf418c8d48a2181089210a811b674a.txt","train"
"test","001440_jpg.rf.86fa71d85b972339ebc7d1090e976e47.jpg","001440_jpg.rf.86fa71d85b972339ebc7d1090e976e47.txt","train"
"test","road676_png.rf.4474bbbf3f481ecc1ff7e2eac4b39adb.jpg","road676_png.rf.4474bbbf3f481ecc1ff7e2eac4b39adb.txt","train"
"test","00002_00057_00022_png.rf.a495023f967fe723c820dc77bdbe3bc4.jpg","00002_00057_00022_png.rf.a495023f967fe723c820dc77bdbe3bc4.txt","train"
"test","road831_png.rf.e1ef71c96c250742dbcd80410042f99f.jpg","road831_png.rf.e1ef71c96c250742dbcd80410042f99f.txt","train"
"test","00000_00006_00016_png.rf.10ad7d874805bb69d3d4261b59ba3e69.jpg","00000_00006_00016_png.rf.10ad7d874805bb69d3d4261b59ba3e69.txt","train"
"test","road6_png.rf.de12918bd777f112cc687dc0e6739f54.jpg","road6_png.rf.de12918bd777f112cc687dc0e6739f54.txt","train"
"test","001071_jpg.rf.3bc3b41fc66f0dfe1c1464d47bef8176.jpg","001071_jpg.rf.3bc3b41fc66f0dfe1c1464d47bef8176.txt","valid"
"test","FisheyeCamera_1_00366_png.rf.72ec86ac04c964f6561d0b5522f70a8e.jpg","FisheyeCamera_1_00366_png.rf.72ec86ac04c964f6561d0b5522f70a8e.txt","train"
"test","000159_jpg.rf.bf152cd8e361e9d919f9617a307685b4.jpg","000159_jpg.rf.bf152cd8e361e9d919f9617a307685b4.txt","valid"
"test","road473_png.rf.bb4bbda6457305c944991511a313f757.jpg","road473_png.rf.bb4bbda6457305c944991511a313f757.txt","train"
"test","road775_png.rf.7b2a7d850e1584e9d53d576d2ea687c9.jpg","road775_png.rf.7b2a7d850e1584e9d53d576d2ea687c9.txt","train"
"test","00001_00033_00012_png.rf.9a198a85795eaf2c78a9b3b309d43257.jpg","00001_00033_00012_png.rf.9a198a85795eaf2c78a9b3b309d43257.txt","train"
"test","000672_jpg.rf.319629f914dadae7ad1623cd68b0ecb4.jpg","000672_jpg.rf.319629f914dadae7ad1623cd68b0ecb4.txt","train"
"test","000832_jpg.rf.e446b820360092c57f2973a0ffaac6fd.jpg","000832_jpg.rf.e446b820360092c57f2973a0ffaac6fd.txt","train"
"test","00007_00029_00025_png.rf.e1501b94a6f9442c1ea2df83b69b797b.jpg","00007_00029_00025_png.rf.e1501b94a6f9442c1ea2df83b69b797b.txt","train"
"test","road814_png.rf.2542348d1d3dec327b427b40bc5a9309.jpg","road814_png.rf.2542348d1d3dec327b427b40bc5a9309.txt","train"
"test","000944_JPG_jpg.rf.6ccee2344eae7f71c67fc926890b80ba.jpg","000944_JPG_jpg.rf.6ccee2344eae7f71c67fc926890b80ba.txt","test"
"test","road256_png.rf.5c72e36fcab0ade451c2ab572d0277ca.jpg","road256_png.rf.5c72e36fcab0ade451c2ab572d0277ca.txt","valid"
"test","001248_jpg.rf.738e7e1887178d2fdc49deec8050f13b.jpg","001248_jpg.rf.738e7e1887178d2fdc49deec8050f13b.txt","valid"
"test","00001_00063_00003_png.rf.397fca16b05a149be5ee4fba0467e0ea.jpg","00001_00063_00003_png.rf.397fca16b05a149be5ee4fba0467e0ea.txt","test"
"test","road749_png.rf.9c27ed6362b7c5d416db9e7dd9659f6a.jpg","road749_png.rf.9c27ed6362b7c5d416db9e7dd9659f6a.txt","train"
"test","00014_00004_00012_png.rf.b38dcf0488912f23334080f2cd384dbf.jpg","00014_00004_00012_png.rf.b38dcf0488912f23334080f2cd384dbf.txt","valid"
"test","00002_00016_00004_png.rf.f0a1f9ceed228e0766d720d9f04ca553.jpg","00002_00016_00004_png.rf.f0a1f9ceed228e0766d720d9f04ca553.txt","train"
"test","00002_00012_00007_png.rf.ce0651813e34052238f4b590065ef3a7.jpg","00002_00012_00007_png.rf.ce0651813e34052238f4b590065ef3a7.txt","train"
"test","000701_jpg.rf.7adf3eeedda070b9cfa906b627676217.jpg","000701_jpg.rf.7adf3eeedda070b9cfa906b627676217.txt","train"
"test","00001_00065_00014_png.rf.607d6c74e32d2e4dc24ad828948d6589.jpg","00001_00065_00014_png.rf.607d6c74e32d2e4dc24ad828948d6589.txt","train"
"test","001270_jpg.rf.344ebfb11d2165eae5b7f230eab8ed9f.jpg","001270_jpg.rf.344ebfb11d2165eae5b7f230eab8ed9f.txt","train"
"test","000382_jpg.rf.77c1102f9af9929208ed6e97add0380e.jpg","000382_jpg.rf.77c1102f9af9929208ed6e97add0380e.txt","train"
"test","road112_png.rf.9745ae555a24e39c67fb33305ab6d830.jpg","road112_png.rf.9745ae555a24e39c67fb33305ab6d830.txt","test"
"test","001079_jpg.rf.b9a6a7d31ca53261d1aba107bdf76f2f.jpg","001079_jpg.rf.b9a6a7d31ca53261d1aba107bdf76f2f.txt","valid"
"test","road576_png.rf.6076c59d97d0eebf97933f380afa98c5.jpg","road576_png.rf.6076c59d97d0eebf97933f380afa98c5.txt","test"
"test","00000_00003_00008_png.rf.d86416d5dec15bac8cc18cb80cd710e1.jpg","00000_00003_00008_png.rf.d86416d5dec15bac8cc18cb80cd710e1.txt","train"
"test","000761_jpg.rf.b817809731f69423038875326a5247e1.jpg","000761_jpg.rf.b817809731f69423038875326a5247e1.txt","train"
"test","00005_00044_00003_png.rf.3e55a830101a58e5cb4360655118a1f4.jpg","00005_00044_00003_png.rf.3e55a830101a58e5cb4360655118a1f4.txt","valid"
"test","FisheyeCamera_1_00193_png.rf.94b97e1be59faa2bcbf5a92dbd55aa35.jpg","FisheyeCamera_1_00193_png.rf.94b97e1be59faa2bcbf5a92dbd55aa35.txt","train"
"test","road260_png.rf.2393d7df3d0773c122142f37ac25b1ab.jpg","road260_png.rf.2393d7df3d0773c122142f37ac25b1ab.txt","test"
"test","FisheyeCamera_1_00154_png.rf.8b1d383156b15c79d76406acbd22a4a5.jpg","FisheyeCamera_1_00154_png.rf.8b1d383156b15c79d76406acbd22a4a5.txt","train"
"test","000376_jpg.rf.d699b1d1aaa7c61521568bfc67090999.jpg","000376_jpg.rf.d699b1d1aaa7c61521568bfc67090999.txt","train"
"test","001420_jpg.rf.b4bb3a73a8e6ca8c9a9c7d23757c6ef1.jpg","001420_jpg.rf.b4bb3a73a8e6ca8c9a9c7d23757c6ef1.txt","train"
"test","001274_jpg.rf.fa747b1d098a2937d9d4587f09759398.jpg","001274_jpg.rf.fa747b1d098a2937d9d4587f09759398.txt","valid"
"test","FisheyeCamera_1_00190_png.rf.ad537c388e404a356a78d9c72e236f63.jpg","FisheyeCamera_1_00190_png.rf.ad537c388e404a356a78d9c72e236f63.txt","train"
"test","001453_jpg.rf.a363e12332aaabac4317dbca9fad360f.jpg","001453_jpg.rf.a363e12332aaabac4317dbca9fad360f.txt","train"
"test","FisheyeCamera_1_00124_png.rf.8f65580dab8322036e9524643f0b4f79.jpg","FisheyeCamera_1_00124_png.rf.8f65580dab8322036e9524643f0b4f79.txt","train"
"test","00005_00044_00001_png.rf.9ad4b4888d9498e4e94f6bc31117ac9c.jpg","00005_00044_00001_png.rf.9ad4b4888d9498e4e94f6bc31117ac9c.txt","test"
"test","00004_00049_00005_png.rf.a25788980228efef7db3859ece319fdc.jpg","00004_00049_00005_png.rf.a25788980228efef7db3859ece319fdc.txt","train"
"test","road401_png.rf.498d721d1577b809229daad525dc1394.jpg","road401_png.rf.498d721d1577b809229daad525dc1394.txt","train"
"test","road411_png.rf.0f483b5c8b0006ab51096d72e23564d8.jpg","road411_png.rf.0f483b5c8b0006ab51096d72e23564d8.txt","train"
"test","001054_jpg.rf.dbda6ba11d73af3e779c6bb7d25b8126.jpg","001054_jpg.rf.dbda6ba11d73af3e779c6bb7d25b8126.txt","valid"
"test","001077_jpg.rf.6f066416bacf2239baff44413dceea1f.jpg","001077_jpg.rf.6f066416bacf2239baff44413dceea1f.txt","train"
"test","00000_00001_00000_png.rf.32bb5674dc0aa29ce65a33f78e2cbeee.jpg","00000_00001_00000_png.rf.32bb5674dc0aa29ce65a33f78e2cbeee.txt","train"
"test","FisheyeCamera_1_00312_png.rf.1eac7d0401c5db9fc663a1528cd68691.jpg","FisheyeCamera_1_00312_png.rf.1eac7d0401c5db9fc663a1528cd68691.txt","train"
"test","FisheyeCamera_1_01092_png.rf.f9834f9939772642de2899f894880cfb.jpg","FisheyeCamera_1_01092_png.rf.f9834f9939772642de2899f894880cfb.txt","train"
"test","000848_jpg.rf.ea7c344a55567fb49c4d842b08fa100b.jpg","000848_jpg.rf.ea7c344a55567fb49c4d842b08fa100b.txt","train"
"test","000896_jpg.rf.4b911bf9a711fd3358cd15a22f46ab24.jpg","000896_jpg.rf.4b911bf9a711fd3358cd15a22f46ab24.txt","train"
"test","000365_jpg.rf.f546ec143d40246e159978a1b6246759.jpg","000365_jpg.rf.f546ec143d40246e159978a1b6246759.txt","train"
"test","00004_00022_00005_png.rf.4f7add9b1c1e7209409975bdd185ab6e.jpg","00004_00022_00005_png.rf.4f7add9b1c1e7209409975bdd185ab6e.txt","train"
"test","a2e2e0d7-707f-41bf-b1bf-6660b78b6557_jpg.rf.ee359a7e8c1dbc95eb6a256a664d2c0d.jpg","a2e2e0d7-707f-41bf-b1bf-6660b78b6557_jpg.rf.ee359a7e8c1dbc95eb6a256a664d2c0d.txt","valid"
"test","00004_00004_00006_png.rf.987d2f0d641f8c7804d6dee8440494f5.jpg","00004_00004_00006_png.rf.987d2f0d641f8c7804d6dee8440494f5.txt","test"
"test","00004_00044_00026_png.rf.bf8cb60a85b8b426c63459243087dd51.jpg","00004_00044_00026_png.rf.bf8cb60a85b8b426c63459243087dd51.txt","train"
"test","FisheyeCamera_1_00009_png.rf.8a1eb41c0ba48f86524dd2c9301dc407.jpg","FisheyeCamera_1_00009_png.rf.8a1eb41c0ba48f86524dd2c9301dc407.txt","train"
"test","road37_png.rf.ae386a83ddcbd88e324fd696a65dd051.jpg","road37_png.rf.ae386a83ddcbd88e324fd696a65dd051.txt","train"
"test","FisheyeCamera_1_00013_png.rf.53387cad7c110a26dfbc142c361aec9b.jpg","FisheyeCamera_1_00013_png.rf.53387cad7c110a26dfbc142c361aec9b.txt","train"
"test","000046_jpg.rf.d2448ce3fd2056594cc9c37822480a47.jpg","000046_jpg.rf.d2448ce3fd2056594cc9c37822480a47.txt","train"
"test","001464_jpg.rf.5d5573599846f4c2dff817fa3a5e81f5.jpg","001464_jpg.rf.5d5573599846f4c2dff817fa3a5e81f5.txt","train"
"test","00005_00008_00014_png.rf.36ee628bcea092f1c0f738909195c3a7.jpg","00005_00008_00014_png.rf.36ee628bcea092f1c0f738909195c3a7.txt","valid"
"test","00000_00000_00021_png.rf.31270dc316d74e414ad19a2e00261982.jpg","00000_00000_00021_png.rf.31270dc316d74e414ad19a2e00261982.txt","train"
"test","road99_png.rf.83cba2ef98a001f56443ebc09d7a61fc.jpg","road99_png.rf.83cba2ef98a001f56443ebc09d7a61fc.txt","train"
"test","00004_00004_00018_png.rf.8d9ee10dc48827080f666fea6e5667cf.jpg","00004_00004_00018_png.rf.8d9ee10dc48827080f666fea6e5667cf.txt","train"
"test","000582_jpg.rf.918db88e2c5d4c5c2a17f11d0728cc4c.jpg","000582_jpg.rf.918db88e2c5d4c5c2a17f11d0728cc4c.txt","train"
"test","road524_png.rf.e5dd8922f43ec5c1fa3086b2c23655e6.jpg","road524_png.rf.e5dd8922f43ec5c1fa3086b2c23655e6.txt","train"
"test","00000_00005_00006_png.rf.407d5e33256684103ce98fafade3306a.jpg","00000_00005_00006_png.rf.407d5e33256684103ce98fafade3306a.txt","valid"
"test","00014_00009_00023_png.rf.7846142aac1afc4d708e3a9e8d389227.jpg","00014_00009_00023_png.rf.7846142aac1afc4d708e3a9e8d389227.txt","train"
"test","000841_jpg.rf.7978ed97750b55b8f8db791de992986d.jpg","000841_jpg.rf.7978ed97750b55b8f8db791de992986d.txt","test"
"test","road506_png.rf.c3f40a8c143dff35083fea66bf464e3f.jpg","road506_png.rf.c3f40a8c143dff35083fea66bf464e3f.txt","test"
"test","000831_jpg.rf.6df5ac4f57d4728abd79292b98f9fe4a.jpg","000831_jpg.rf.6df5ac4f57d4728abd79292b98f9fe4a.txt","test"
"test","00004_00020_00014_png.rf.284981027a1cff7a9f3bd30747328d9c.jpg","00004_00020_00014_png.rf.284981027a1cff7a9f3bd30747328d9c.txt","train"
"test","00001_00040_00003_png.rf.dce28751dcea0d7ed64148bd3ba4541c.jpg","00001_00040_00003_png.rf.dce28751dcea0d7ed64148bd3ba4541c.txt","train"
"test","00001_00017_00013_png.rf.b6abcdc00d9a1e2e77a2d208a1d326bd.jpg","00001_00017_00013_png.rf.b6abcdc00d9a1e2e77a2d208a1d326bd.txt","train"
"test","00003_00006_00004_png.rf.c7f9b1fe18c7bae107ecc6a794617511.jpg","00003_00006_00004_png.rf.c7f9b1fe18c7bae107ecc6a794617511.txt","valid"
"test","FisheyeCamera_1_00172_png.rf.60fbc0ee06562c55fe82cb9e2ecbb784.jpg","FisheyeCamera_1_00172_png.rf.60fbc0ee06562c55fe82cb9e2ecbb784.txt","train"
"test","FisheyeCamera_1_00598_png.rf.46aabe5b1d5e50f494fcef2768bee7ca.jpg","FisheyeCamera_1_00598_png.rf.46aabe5b1d5e50f494fcef2768bee7ca.txt","train"
"test","00008_00015_00019_png.rf.519a8bbdc4405761a431a2bfbf0213d6.jpg","00008_00015_00019_png.rf.519a8bbdc4405761a431a2bfbf0213d6.txt","train"
"test","FisheyeCamera_1_00270_png.rf.06ae3922f7bca5fed23cec03f647eafa.jpg","FisheyeCamera_1_00270_png.rf.06ae3922f7bca5fed23cec03f647eafa.txt","valid"
"test","FisheyeCamera_1_00577_png.rf.fc98d6b872907a1db47016fbc3a22bda.jpg","FisheyeCamera_1_00577_png.rf.fc98d6b872907a1db47016fbc3a22bda.txt","valid"
"test","00003_00046_00010_png.rf.f44dd79e1e18468dc271562d02f9d37f.jpg","00003_00046_00010_png.rf.f44dd79e1e18468dc271562d02f9d37f.txt","test"
"test","000870_jpg.rf.adb7b192e16f4806bf355490efaa8a7e.jpg","000870_jpg.rf.adb7b192e16f4806bf355490efaa8a7e.txt","train"
"test","00000_00004_00008_png.rf.d310658a8640f7ad39e2ac270c50c334.jpg","00000_00004_00008_png.rf.d310658a8640f7ad39e2ac270c50c334.txt","train"
"test","00002_00000_00008_png.rf.6f44975bfd7f3d2381fce80ecd29a1da.jpg","00002_00000_00008_png.rf.6f44975bfd7f3d2381fce80ecd29a1da.txt","test"
"test","00008_00020_00007_png.rf.e58d0dbf6fa8475a6ebb8781abf182e4.jpg","00008_00020_00007_png.rf.e58d0dbf6fa8475a6ebb8781abf182e4.txt","test"
"test","00000_00004_00025_png.rf.b505839aed567205d2aa1747fb41a690.jpg","00000_00004_00025_png.rf.b505839aed567205d2aa1747fb41a690.txt","train"
"test","000828_jpg.rf.9b301d07168211aa5c9a3c5e345557e7.jpg","000828_jpg.rf.9b301d07168211aa5c9a3c5e345557e7.txt","valid"
"test","000829_jpg.rf.cb2e94ab8af373dd40416e5b84f35114.jpg","000829_jpg.rf.cb2e94ab8af373dd40416e5b84f35114.txt","train"
"test","FisheyeCamera_1_01045_png.rf.bfba8d5f52e670f016090c2c6e30639b.jpg","FisheyeCamera_1_01045_png.rf.bfba8d5f52e670f016090c2c6e30639b.txt","train"
"test","000066_jpg.rf.0dc6a8e7bce59f360b2d50bd155c9934.jpg","000066_jpg.rf.0dc6a8e7bce59f360b2d50bd155c9934.txt","train"
"test","000356_jpg.rf.b998dd54a8a00ff4f82a7e4aab9f82d1.jpg","000356_jpg.rf.b998dd54a8a00ff4f82a7e4aab9f82d1.txt","train"
"test","00000_00001_00028_png.rf.28c60f3db5f0a3cc6f2d0a04a44aa989.jpg","00000_00001_00028_png.rf.28c60f3db5f0a3cc6f2d0a04a44aa989.txt","train"
"test","road276_png.rf.142920a3f3584789df19b8b199b2c5e8.jpg","road276_png.rf.142920a3f3584789df19b8b199b2c5e8.txt","train"
"test","000836_jpg.rf.a3530eaa8c7defb368460922b59eeb01.jpg","000836_jpg.rf.a3530eaa8c7defb368460922b59eeb01.txt","test"
"test","00001_00021_00007_png.rf.37ea767b4d375dea9ba17716d6b13a63.jpg","00001_00021_00007_png.rf.37ea767b4d375dea9ba17716d6b13a63.txt","test"
"test","00000_00005_00007_png.rf.b0ac6252faa2ea0d975f79bd0554c524.jpg","00000_00005_00007_png.rf.b0ac6252faa2ea0d975f79bd0554c524.txt","train"
"test","000332_jpg.rf.140cfb54972c567b9c5ae367486be6c6.jpg","000332_jpg.rf.140cfb54972c567b9c5ae367486be6c6.txt","train"
"test","000667_jpg.rf.560ad33472bd6925c8259b6ecc978bd1.jpg","000667_jpg.rf.560ad33472bd6925c8259b6ecc978bd1.txt","train"
"test","001996_jpg.rf.70d6683ea71c73e7c6adc1acb2d028d5.jpg","001996_jpg.rf.70d6683ea71c73e7c6adc1acb2d028d5.txt","test"
"test","000932_JPG_jpg.rf.cad0895a029156f0d5dc12afca19e7c3.jpg","000932_JPG_jpg.rf.cad0895a029156f0d5dc12afca19e7c3.txt","train"
"test","road483_png.rf.c71fc6cfbb20f83ff1e066b4de514d47.jpg","road483_png.rf.c71fc6cfbb20f83ff1e066b4de514d47.txt","valid"
"test","road872_png.rf.0ced944998323a1e2d968e08135fe2a6.jpg","road872_png.rf.0ced944998323a1e2d968e08135fe2a6.txt","test"
"test","00004_00000_00021_png.rf.e927c5fdda8a4bf5d4c8e367b3414043.jpg","00004_00000_00021_png.rf.e927c5fdda8a4bf5d4c8e367b3414043.txt","train"
"test","001002_jpg.rf.bf1126fade0efab7c74d9c04e5f35267.jpg","001002_jpg.rf.bf1126fade0efab7c74d9c04e5f35267.txt","train"
"test","road385_png.rf.236bc1ca2de4435e7ba0eca7b777e3d7.jpg","road385_png.rf.236bc1ca2de4435e7ba0eca7b777e3d7.txt","train"
"test","000671_jpg.rf.a81120565e37a49c62a6be4bee14e362.jpg","000671_jpg.rf.a81120565e37a49c62a6be4bee14e362.txt","train"
"test","00005_00013_00022_png.rf.6982fdd745f8f9a73e1c9a83c984c7bf.jpg","00005_00013_00022_png.rf.6982fdd745f8f9a73e1c9a83c984c7bf.txt","train"
"test","00014_00002_00016_png.rf.39661c455e22feab0075d8f9e7a09cf4.jpg","00014_00002_00016_png.rf.39661c455e22feab0075d8f9e7a09cf4.txt","valid"
"test","00004_00046_00014_png.rf.5d19fe5dc6c78fed3c050a1fddabfc44.jpg","00004_00046_00014_png.rf.5d19fe5dc6c78fed3c050a1fddabfc44.txt","train"
"test","00014_00004_00001_png.rf.04af0097a8c7fc72d0ea4b69291fa951.jpg","00014_00004_00001_png.rf.04af0097a8c7fc72d0ea4b69291fa951.txt","valid"
"test","00000_00002_00014_png.rf.aa7f270994d778c52f09c512577e7725.jpg","00000_00002_00014_png.rf.aa7f270994d778c52f09c512577e7725.txt","valid"
"test","00002_00004_00028_png.rf.700b4903b78e043454fe175751978f7a.jpg","00002_00004_00028_png.rf.700b4903b78e043454fe175751978f7a.txt","train"
"test","FisheyeCamera_1_00098_png.rf.35d5bea4c66e8c083a1e8355e988f07d.jpg","FisheyeCamera_1_00098_png.rf.35d5bea4c66e8c083a1e8355e988f07d.txt","train"
"test","000816_jpg.rf.4f0c030010109826edbfae11997a5db0.jpg","000816_jpg.rf.4f0c030010109826edbfae11997a5db0.txt","valid"
"test","00007_00023_00027_png.rf.a5896bb2a46e82856cb4153bbf164833.jpg","00007_00023_00027_png.rf.a5896bb2a46e82856cb4153bbf164833.txt","train"
"test","00000_00006_00002_png.rf.3b6aac72f667ac35a7f605042b754162.jpg","00000_00006_00002_png.rf.3b6aac72f667ac35a7f605042b754162.txt","train"
"test","00000_00006_00001_png.rf.885aeace0712a1db964a1c0b715fe6d5.jpg","00000_00006_00001_png.rf.885aeace0712a1db964a1c0b715fe6d5.txt","train"
"test","00004_00033_00003_png.rf.b6b6265b5ec4945cb74dc62acc1df862.jpg","00004_00033_00003_png.rf.b6b6265b5ec4945cb74dc62acc1df862.txt","train"
"test","FisheyeCamera_1_00015_png.rf.ef2d57ba0e3f3a87a3d21c78fc7087ae.jpg","FisheyeCamera_1_00015_png.rf.ef2d57ba0e3f3a87a3d21c78fc7087ae.txt","train"
"test","road108_png.rf.5e8959e8d82ad87d4b9928c478b79bb7.jpg","road108_png.rf.5e8959e8d82ad87d4b9928c478b79bb7.txt","test"
"test","001449_jpg.rf.b02504132d28363b7f9244d4459fa9de.jpg","001449_jpg.rf.b02504132d28363b7f9244d4459fa9de.txt","test"
"test","road847_png.rf.df58ec88e5dbbec7742463669d3bce23.jpg","road847_png.rf.df58ec88e5dbbec7742463669d3bce23.txt","train"
"test","000880_jpg.rf.c9c2a21530d4f8094e1a278eefd2db20.jpg","000880_jpg.rf.c9c2a21530d4f8094e1a278eefd2db20.txt","train"
"test","00008_00005_00014_png.rf.8a7cd4a0df4511c0e232e76d4b9da243.jpg","00008_00005_00014_png.rf.8a7cd4a0df4511c0e232e76d4b9da243.txt","test"
"test","000471_jpg.rf.83aa919db4d8ee8b319bdd78813bf6b9.jpg","000471_jpg.rf.83aa919db4d8ee8b319bdd78813bf6b9.txt","valid"
"test","00002_00029_00003_png.rf.5d5bea237fc8b59b4f3772401534e812.jpg","00002_00029_00003_png.rf.5d5bea237fc8b59b4f3772401534e812.txt","train"
"test","FisheyeCamera_1_00030_png.rf.f19e8d1164c2dd935070598831fc7cfb.jpg","FisheyeCamera_1_00030_png.rf.f19e8d1164c2dd935070598831fc7cfb.txt","train"
"test","001409_jpg.rf.3ad0ce8f63d27dbbe42ceb8b6db16bdb.jpg","001409_jpg.rf.3ad0ce8f63d27dbbe42ceb8b6db16bdb.txt","test"
"test","FisheyeCamera_1_00040_png.rf.7f155753464e2525d8c3cef932fa46b5.jpg","FisheyeCamera_1_00040_png.rf.7f155753464e2525d8c3cef932fa46b5.txt","valid"
"test","00000_00004_00018_png.rf.1842f9ffd86c60cfe3a511ad4857a926.jpg","00000_00004_00018_png.rf.1842f9ffd86c60cfe3a511ad4857a926.txt","train"
"test","001099_jpg.rf.80ab167348af892e9100939149284d5e.jpg","001099_jpg.rf.80ab167348af892e9100939149284d5e.txt","train"
"test","001001_jpg.rf.c8ef0fadf22cae5544aa3112d425f53d.jpg","001001_jpg.rf.c8ef0fadf22cae5544aa3112d425f53d.txt","train"
"test","000321_jpg.rf.a13ddf909f83334ef9a8b7ddaeca80bd.jpg","000321_jpg.rf.a13ddf909f83334ef9a8b7ddaeca80bd.txt","train"
"test","000267_jpg.rf.a9e8afef202e4a2fd31ac11270ec14c7.jpg","000267_jpg.rf.a9e8afef202e4a2fd31ac11270ec14c7.txt","test"
"test","00014_00008_00026_png.rf.4eb41c1293126551659de4b8b57ef03d.jpg","00014_00008_00026_png.rf.4eb41c1293126551659de4b8b57ef03d.txt","valid"
"test","road404_png.rf.bcc851379ab8d34d52a93cdf0ab9e031.jpg","road404_png.rf.bcc851379ab8d34d52a93cdf0ab9e031.txt","train"
"test","001217_jpg.rf.f88b2e2498068fbb16b35927ecfcddae.jpg","001217_jpg.rf.f88b2e2498068fbb16b35927ecfcddae.txt","train"
"test","00001_00056_00014_png.rf.f87816de517854a8e3108324cc53ed6e.jpg","00001_00056_00014_png.rf.f87816de517854a8e3108324cc53ed6e.txt","train"
"test","road822_png.rf.31f40e186772e4a0214c05505e587e67.jpg","road822_png.rf.31f40e186772e4a0214c05505e587e67.txt","test"
"test","FisheyeCamera_1_00234_png.rf.8fc1e4b8dab7a242842d6a942a9f9228.jpg","FisheyeCamera_1_00234_png.rf.8fc1e4b8dab7a242842d6a942a9f9228.txt","train"
"test","FisheyeCamera_1_00372_png.rf.1d5394be6665eb33a2f37737bb30c858.jpg","FisheyeCamera_1_00372_png.rf.1d5394be6665eb33a2f37737bb30c858.txt","train"
"test","road339_png.rf.41d380f4e67e370b88fc1e1db81a94b9.jpg","road339_png.rf.41d380f4e67e370b88fc1e1db81a94b9.txt","test"
"test","00008_00009_00011_png.rf.53dd958250b9a6bc0f63f1c884d2fa15.jpg","00008_00009_00011_png.rf.53dd958250b9a6bc0f63f1c884d2fa15.txt","train"
"test","00003_00044_00016_png.rf.d1142fa88826be89050b995305be9047.jpg","00003_00044_00016_png.rf.d1142fa88826be89050b995305be9047.txt","train"
"test","00001_00042_00002_png.rf.758ffd25ffe59f9fb57401ab22d7623f.jpg","00001_00042_00002_png.rf.758ffd25ffe59f9fb57401ab22d7623f.txt","train"
"test","00008_00044_00016_png.rf.3c9883b26f3457b0c3d2d627ae9c8618.jpg","00008_00044_00016_png.rf.3c9883b26f3457b0c3d2d627ae9c8618.txt","train"
"test","00003_00005_00002_png.rf.43d3a7acddff8865065692f872253cd6.jpg","00003_00005_00002_png.rf.43d3a7acddff8865065692f872253cd6.txt","train"
"test","00014_00005_00027_png.rf.b41fd9e4bb0b19a74653a47495cbadbd.jpg","00014_00005_00027_png.rf.b41fd9e4bb0b19a74653a47495cbadbd.txt","train"
"test","00000_00006_00022_png.rf.2f9069671276f585ed913990ded9d07c.jpg","00000_00006_00022_png.rf.2f9069671276f585ed913990ded9d07c.txt","test"
"test","00003_00007_00012_png.rf.df315c94bec01d9db4bd8b9890d08819.jpg","00003_00007_00012_png.rf.df315c94bec01d9db4bd8b9890d08819.txt","train"
"test","00001_00038_00024_png.rf.defd09329f4eff70f214e935984f3f27.jpg","00001_00038_00024_png.rf.defd09329f4eff70f214e935984f3f27.txt","train"
"test","00008_00015_00022_png.rf.89661014d9c6610301f502bb5acf0218.jpg","00008_00015_00022_png.rf.89661014d9c6610301f502bb5acf0218.txt","valid"
"test","000697_jpg.rf.6e6a116c17ba11f0e2c7a7358c3096ad.jpg","000697_jpg.rf.6e6a116c17ba11f0e2c7a7358c3096ad.txt","valid"
"test","12eb9258-c632-449d-b1ed-d6de10a958d8_jpg.rf.adb9b244afcba7be6e588f31bd5f7f6a.jpg","12eb9258-c632-449d-b1ed-d6de10a958d8_jpg.rf.adb9b244afcba7be6e588f31bd5f7f6a.txt","train"
"test","00000_00005_00018_png.rf.86049923eab231471432d2db8f17c346.jpg","00000_00005_00018_png.rf.86049923eab231471432d2db8f17c346.txt","train"
"test","00007_00041_00016_png.rf.d4f271ffeea6e4d3b9dd804fff7ca35e.jpg","00007_00041_00016_png.rf.d4f271ffeea6e4d3b9dd804fff7ca35e.txt","valid"
"test","00008_00013_00010_png.rf.40126ae874c8494b4043c654c1917ba9.jpg","00008_00013_00010_png.rf.40126ae874c8494b4043c654c1917ba9.txt","valid"
"test","FisheyeCamera_1_00637_png.rf.b38d4a16b8071680e2339c993c3b283e.jpg","FisheyeCamera_1_00637_png.rf.b38d4a16b8071680e2339c993c3b283e.txt","train"
"test","fd36bb6c-88cd-46f9-a5fd-377ae96e4301_jpg.rf.b2d717032b3f8d68e5219f2a6ba4502a.jpg","fd36bb6c-88cd-46f9-a5fd-377ae96e4301_jpg.rf.b2d717032b3f8d68e5219f2a6ba4502a.txt","train"
"test","00003_00045_00020_png.rf.31b4f2e5cc62c6d144121155ce379193.jpg","00003_00045_00020_png.rf.31b4f2e5cc62c6d144121155ce379193.txt","train"
"test","00000_00005_00013_png.rf.2c3a0afbea089b99cbe276e21c8d8431.jpg","00000_00005_00013_png.rf.2c3a0afbea089b99cbe276e21c8d8431.txt","train"
"test","00007_00045_00029_png.rf.7db33c854289b22586ae5824225ba8eb.jpg","00007_00045_00029_png.rf.7db33c854289b22586ae5824225ba8eb.txt","valid"
"test","00000_00004_00029_png.rf.a6641c7710e6fc0bd89fbe8b3630f640.jpg","00000_00004_00029_png.rf.a6641c7710e6fc0bd89fbe8b3630f640.txt","train"
"test","road353_png.rf.9ac54099299fad91e2dac9c940485f0b.jpg","road353_png.rf.9ac54099299fad91e2dac9c940485f0b.txt","test"
"test","00000_00004_00017_png.rf.8b23c2ddc0739319d4307569cb860cb6.jpg","00000_00004_00017_png.rf.8b23c2ddc0739319d4307569cb860cb6.txt","train"
"test","000352_jpg.rf.c61c9e3b5f8e3d279cb9439d442a12d2.jpg","000352_jpg.rf.c61c9e3b5f8e3d279cb9439d442a12d2.txt","valid"
"test","000397_jpg.rf.b3063c3a077274144059da7c52d4ae65.jpg","000397_jpg.rf.b3063c3a077274144059da7c52d4ae65.txt","train"
"test","road465_png.rf.b6140a74806d9dd6d03c1fb3f62043ec.jpg","road465_png.rf.b6140a74806d9dd6d03c1fb3f62043ec.txt","train"
"test","00005_00019_00024_png.rf.c7aa893423836d26b9b22ebd1d85680a.jpg","00005_00019_00024_png.rf.c7aa893423836d26b9b22ebd1d85680a.txt","train"
"test","00007_00003_00018_png.rf.0d37446741cc61975ef920420e49d19b.jpg","00007_00003_00018_png.rf.0d37446741cc61975ef920420e49d19b.txt","train"
"test","00004_00030_00001_png.rf.61b357237413f63d99ebba4ff3ce81cf.jpg","00004_00030_00001_png.rf.61b357237413f63d99ebba4ff3ce81cf.txt","train"
"test","00003_00006_00008_png.rf.dc64d3c70f7c6a30096289b1feb67b0a.jpg","00003_00006_00008_png.rf.dc64d3c70f7c6a30096289b1feb67b0a.txt","train"
"test","00000_00005_00021_png.rf.3e63019251541227a337883c62ba642f.jpg","00000_00005_00021_png.rf.3e63019251541227a337883c62ba642f.txt","train"
"test","001009_jpg.rf.aa1b5b11b3410597ab5b9e5163f6b148.jpg","001009_jpg.rf.aa1b5b11b3410597ab5b9e5163f6b148.txt","train"
"test","00004_00033_00005_png.rf.3c02255b0a7b0d8c8d432ca02b406569.jpg","00004_00033_00005_png.rf.3c02255b0a7b0d8c8d432ca02b406569.txt","train"
"test","000124_jpg.rf.b839850779b591a7a34c40aa1543189c.jpg","000124_jpg.rf.b839850779b591a7a34c40aa1543189c.txt","train"
"test","FisheyeCamera_1_00606_png.rf.a254f4acd61676f766c0286fca1cac0c.jpg","FisheyeCamera_1_00606_png.rf.a254f4acd61676f766c0286fca1cac0c.txt","train"
"test","000151_jpg.rf.4b07de98670c00fc556879f86a27aaa5.jpg","000151_jpg.rf.4b07de98670c00fc556879f86a27aaa5.txt","train"
"test","001476_jpg.rf.ef407c4509bdffc75b88e2a0292333e6.jpg","001476_jpg.rf.ef407c4509bdffc75b88e2a0292333e6.txt","train"
"test","000971_JPG_jpg.rf.6d18d52b024b5a38c466e6a257c043d5.jpg","000971_JPG_jpg.rf.6d18d52b024b5a38c466e6a257c043d5.txt","train"
"test","00008_00036_00008_png.rf.5919be2fa274880401f39e0daae31b02.jpg","00008_00036_00008_png.rf.5919be2fa274880401f39e0daae31b02.txt","train"
"test","FisheyeCamera_1_00287_png.rf.dd64cb539301bb2f82e38bead9f9a28d.jpg","FisheyeCamera_1_00287_png.rf.dd64cb539301bb2f82e38bead9f9a28d.txt","train"
"test","00003_00045_00016_png.rf.5bee4688a2e4d6fd2609bc058584a455.jpg","00003_00045_00016_png.rf.5bee4688a2e4d6fd2609bc058584a455.txt","train"
"test","00001_00023_00007_png.rf.ca49f063198c241c63e12083f0e3bfd0.jpg","00001_00023_00007_png.rf.ca49f063198c241c63e12083f0e3bfd0.txt","test"
"test","000980_JPG_jpg.rf.1ff7cc0617c01bc17d6f697543caa4c0.jpg","000980_JPG_jpg.rf.1ff7cc0617c01bc17d6f697543caa4c0.txt","train"
"test","001691_JPG_jpg.rf.755ee481ee3b0db8f91c9b482477c220.jpg","001691_JPG_jpg.rf.755ee481ee3b0db8f91c9b482477c220.txt","train"
"test","000497_jpg.rf.4f63ef8004a2ccc49379bad292e5cb1f.jpg","000497_jpg.rf.4f63ef8004a2ccc49379bad292e5cb1f.txt","train"
"test","road443_png.rf.a60a24526274f233a2d84a2c6bf9a0a0.jpg","road443_png.rf.a60a24526274f233a2d84a2c6bf9a0a0.txt","train"
"test","road491_png.rf.35b3ef0ecd6c8ad8f6d3b6046c663a84.jpg","road491_png.rf.35b3ef0ecd6c8ad8f6d3b6046c663a84.txt","test"
"test","00002_00016_00001_png.rf.03cecacff543b33060ff8c57707d8dd7.jpg","00002_00016_00001_png.rf.03cecacff543b33060ff8c57707d8dd7.txt","train"
"test","road118_png.rf.bf0aa0d2a3354807178b64396b2cb1f6.jpg","road118_png.rf.bf0aa0d2a3354807178b64396b2cb1f6.txt","valid"
"test","road105_png.rf.293028dfa3df7cdbbe07ebb42bb18052.jpg","road105_png.rf.293028dfa3df7cdbbe07ebb42bb18052.txt","train"
"test","000811_jpg.rf.6190dc72782782648d0320503dd94d65.jpg","000811_jpg.rf.6190dc72782782648d0320503dd94d65.txt","test"
"test","000967_JPG_jpg.rf.12b2e31b8d73665396d1ead1116d4945.jpg","000967_JPG_jpg.rf.12b2e31b8d73665396d1ead1116d4945.txt","train"
"test","00002_00050_00023_png.rf.28a8841c9caae661ae05a6b7c97db09d.jpg","00002_00050_00023_png.rf.28a8841c9caae661ae05a6b7c97db09d.txt","train"
"test","00003_00021_00005_png.rf.7b46f67c75812951eee5a75246ea8e75.jpg","00003_00021_00005_png.rf.7b46f67c75812951eee5a75246ea8e75.txt","valid"
"test","000801_jpg.rf.8e5985e7b302a476cc757226fb6fdd5b.jpg","000801_jpg.rf.8e5985e7b302a476cc757226fb6fdd5b.txt","train"
"test","000974_jpg.rf.8a0b8850fe2aa1520ff4c8ce1a36fcad.jpg","000974_jpg.rf.8a0b8850fe2aa1520ff4c8ce1a36fcad.txt","valid"
"test","road367_png.rf.be908a9720edf8214972ad8b96e5effb.jpg","road367_png.rf.be908a9720edf8214972ad8b96e5effb.txt","test"
"test","FisheyeCamera_1_00164_png.rf.859da7dd80d9378b854a81dc97684743.jpg","FisheyeCamera_1_00164_png.rf.859da7dd80d9378b854a81dc97684743.txt","train"
"test","road601_png.rf.4e6195f34deeca8d3b65ccbd68479f7b.jpg","road601_png.rf.4e6195f34deeca8d3b65ccbd68479f7b.txt","train"
"test","000552_jpg.rf.344dbab8bf70d5e1e3ad2037c6afcd84.jpg","000552_jpg.rf.344dbab8bf70d5e1e3ad2037c6afcd84.txt","train"
"test","026e3566-6f8a-41be-9f41-dd877d8dce46_jpg.rf.0a9c2a33633e2136e64a7cc9863a5795.jpg","026e3566-6f8a-41be-9f41-dd877d8dce46_jpg.rf.0a9c2a33633e2136e64a7cc9863a5795.txt","valid"
"test","00003_00038_00004_png.rf.015628602fe71433aeb5fea34fcd8078.jpg","00003_00038_00004_png.rf.015628602fe71433aeb5fea34fcd8078.txt","train"
"test","00002_00049_00025_png.rf.bb51a74f6f61ef39f82ff15f364ddf88.jpg","00002_00049_00025_png.rf.bb51a74f6f61ef39f82ff15f364ddf88.txt","train"
"test","08972445-6520-4e7d-b00e-16337027cfe4_jpg.rf.09d3ee4af5de5629187040332756bda2.jpg","08972445-6520-4e7d-b00e-16337027cfe4_jpg.rf.09d3ee4af5de5629187040332756bda2.txt","train"
"test","000289_jpg.rf.64854b3c05a5ff4c0cb3f269124dea76.jpg","000289_jpg.rf.64854b3c05a5ff4c0cb3f269124dea76.txt","test"
"test","00014_00002_00001_png.rf.3e0366781d5b4ab6e9f7df3a4742728b.jpg","00014_00002_00001_png.rf.3e0366781d5b4ab6e9f7df3a4742728b.txt","train"
"val","00014_00003_00014_png.rf.f0843d7411444d690067894328096ae8.jpg","00014_00003_00014_png.rf.f0843d7411444d690067894328096ae8.txt","train"
"val","000246_jpg.rf.12ff6bc6b5a2752b2b240fb374ae3664.jpg","000246_jpg.rf.12ff6bc6b5a2752b2b240fb374ae3664.txt","train"
"val","road70_png.rf.124902f4b2707184a52524fa4ff102ae.jpg","road70_png.rf.124902f4b2707184a52524fa4ff102ae.txt","valid"
"val","00002_00048_00009_png.rf.7accb74f2dd7f1e8a1745131e6405104.jpg","00002_00048_00009_png.rf.7accb74f2dd7f1e8a1745131e6405104.txt","valid"
"val","000342_jpg.rf.94219929a8474f5e5da3f6d647a96d58.jpg","000342_jpg.rf.94219929a8474f5e5da3f6d647a96d58.txt","train"
"val","road554_png.rf.aba1e1e85495eea56b6c47ae6ee412e5.jpg","road554_png.rf.aba1e1e85495eea56b6c47ae6ee412e5.txt","test"
"val","FisheyeCamera_1_00297_png.rf.e94755b6b017218e4aba00bb4ec3188d.jpg","FisheyeCamera_1_00297_png.rf.e94755b6b017218e4aba00bb4ec3188d.txt","train"
"val","00003_00046_00018_png.rf.392cab1541ab7421ee91419035a774aa.jpg","00003_00046_00018_png.rf.392cab1541ab7421ee91419035a774aa.txt","train"
"val","road249_png.rf.795e1d6902c9ebb0f6c1e65a01ac3beb.jpg","road249_png.rf.795e1d6902c9ebb0f6c1e65a01ac3beb.txt","train"
"val","000957_JPG_jpg.rf.62e4eca53f98dc60d3d9248d5e1a5ea5.jpg","000957_JPG_jpg.rf.62e4eca53f98dc60d3d9248d5e1a5ea5.txt","train"
"val","000334_jpg.rf.8e20a3748d3038347032a93cdb436ebb.jpg","000334_jpg.rf.8e20a3748d3038347032a93cdb436ebb.txt","train"
"val","001428_jpg.rf.c3b936b3b6bb6fc7126a4d379cb7c822.jpg","001428_jpg.rf.c3b936b3b6bb6fc7126a4d379cb7c822.txt","train"
"val","001086_jpg.rf.8cdd6659bd87b9edd489e08aabee37a7.jpg","001086_jpg.rf.8cdd6659bd87b9edd489e08aabee37a7.txt","train"
"val","00002_00034_00015_png.rf.e86aa167ee3880c93506c9493fe8dd31.jpg","00002_00034_00015_png.rf.e86aa167ee3880c93506c9493fe8dd31.txt","train"
"val","00002_00062_00006_png.rf.7f02910d4f0857b1cfb043b49bc8bc7e.jpg","00002_00062_00006_png.rf.7f02910d4f0857b1cfb043b49bc8bc7e.txt","train"
"val","00003_00036_00016_png.rf.2389f9390407ffa13811a7e2c105fab1.jpg","00003_00036_00016_png.rf.2389f9390407ffa13811a7e2c105fab1.txt","train"
"val","000440_jpg.rf.ac2e70a8d860c4145e64b127397503c3.jpg","000440_jpg.rf.ac2e70a8d860c4145e64b127397503c3.txt","train"
"val","00014_00003_00003_png.rf.7a16593f7582453a4e9dcccb013b127d.jpg","00014_00003_00003_png.rf.7a16593f7582453a4e9dcccb013b127d.txt","train"
"val","road115_png.rf.6df52c7e9babe9d28bcc6d610ed5778c.jpg","road115_png.rf.6df52c7e9babe9d28bcc6d610ed5778c.txt","train"
"val","000893_JPG_jpg.rf.ef2d47b8740aad79059ca7d58ab658c0.jpg","000893_JPG_jpg.rf.ef2d47b8740aad79059ca7d58ab658c0.txt","train"
"val","road755_png.rf.deca36405369a67e3a9c61af6bae5e61.jpg","road755_png.rf.deca36405369a67e3a9c61af6bae5e61.txt","train"
"val","000920_JPG_jpg.rf.5e298518dcdda990d9191dd306e3cd24.jpg","000920_JPG_jpg.rf.5e298518dcdda990d9191dd306e3cd24.txt","train"
"val","FisheyeCamera_1_00233_png.rf.529ae874e47c5783b12f9e0eadcaa4b9.jpg","FisheyeCamera_1_00233_png.rf.529ae874e47c5783b12f9e0eadcaa4b9.txt","train"
"val","FisheyeCamera_1_00280_png.rf.3c4e597bb5f2a9136f7478143f78e1f8.jpg","FisheyeCamera_1_00280_png.rf.3c4e597bb5f2a9136f7478143f78e1f8.txt","train"
"val","000935_jpg.rf.1ffbd291b9443bd7f0efe0d3c1cc05d4.jpg","000935_jpg.rf.1ffbd291b9443bd7f0efe0d3c1cc05d4.txt","test"
"val","000363_jpg.rf.219d28f41ad815ff8500dcf64e6edf42.jpg","000363_jpg.rf.219d28f41ad815ff8500dcf64e6edf42.txt","valid"
"val","00008_00012_00020_png.rf.aa9eaf05f0433a6a019d2e2508c1c141.jpg","00008_00012_00020_png.rf.aa9eaf05f0433a6a019d2e2508c1c141.txt","train"
"val","000787_jpg.rf.18f5c684ef58807d96ab3dad98b9b4ee.jpg","000787_jpg.rf.18f5c684ef58807d96ab3dad98b9b4ee.txt","valid"
"val","road93_png.rf.3b61002bfcaacc8c6b324668b6cc893c.jpg","road93_png.rf.3b61002bfcaacc8c6b324668b6cc893c.txt","train"
"val","00005_00019_00009_png.rf.781a51b95638921f93beea65d5ec3332.jpg","00005_00019_00009_png.rf.781a51b95638921f93beea65d5ec3332.txt","valid"
"val","000900_JPG_jpg.rf.9dd37b30804445b436268f706c958d28.jpg","000900_JPG_jpg.rf.9dd37b30804445b436268f706c958d28.txt","train"
"val","00004_00037_00010_png.rf.d03cc7a2c55c4fabe4bae11a468579f2.jpg","00004_00037_00010_png.rf.d03cc7a2c55c4fabe4bae11a468579f2.txt","valid"
"val","00001_00004_00014_png.rf.bc7ecb0173a3f96bdf924cb43c5e0b1c.jpg","00001_00004_00014_png.rf.bc7ecb0173a3f96bdf924cb43c5e0b1c.txt","train"
"val","000221_jpg.rf.124c9899e948dd04ba70b150b87fa01a.jpg","000221_jpg.rf.124c9899e948dd04ba70b150b87fa01a.txt","valid"
"val","00004_00043_00028_png.rf.537cc1b3533c097c86aee4ff1aadc19a.jpg","00004_00043_00028_png.rf.537cc1b3533c097c86aee4ff1aadc19a.txt","valid"
"val","000706_jpg.rf.df2979f6a1ed89cbb3cb6665862889f1.jpg","000706_jpg.rf.df2979f6a1ed89cbb3cb6665862889f1.txt","train"
"val","00008_00001_00017_png.rf.e5d8e3f847bb8c189fc28f8fc0212f8d.jpg","00008_00001_00017_png.rf.e5d8e3f847bb8c189fc28f8fc0212f8d.txt","train"
"val","00014_00021_00021_png.rf.933d97581d1bd19f06a5443fb15e2f7c.jpg","00014_00021_00021_png.rf.933d97581d1bd19f06a5443fb15e2f7c.txt","train"
"val","00000_00003_00011_png.rf.d6423f7be72c020de7c14a8380e877e7.jpg","00000_00003_00011_png.rf.d6423f7be72c020de7c14a8380e877e7.txt","test"
"val","000567_jpg.rf.d4993611d18570e85c95a7f08e28853e.jpg","000567_jpg.rf.d4993611d18570e85c95a7f08e28853e.txt","valid"
"val","FisheyeCamera_1_00241_png.rf.7fa53358912055a1a7c64f3705766415.jpg","FisheyeCamera_1_00241_png.rf.7fa53358912055a1a7c64f3705766415.txt","valid"
"val","000420_jpg.rf.7c418990d9d5777a6271bb357279cb05.jpg","000420_jpg.rf.7c418990d9d5777a6271bb357279cb05.txt","valid"
"val","00014_00003_00023_png.rf.504ad0a0c08596bc08476c8ef03fb217.jpg","00014_00003_00023_png.rf.504ad0a0c08596bc08476c8ef03fb217.txt","train"
"val","00000_00005_00023_png.rf.55c01fd7a0375f7d0de1a804472ea723.jpg","00000_00005_00023_png.rf.55c01fd7a0375f7d0de1a804472ea723.txt","train"
"val","001680_JPG_jpg.rf.ecbf31fa2c0679ae3b189de74eda3a33.jpg","001680_JPG_jpg.rf.ecbf31fa2c0679ae3b189de74eda3a33.txt","train"
"val","FisheyeCamera_1_00282_png.rf.0061dfd9a52d9c50a8016bfe8b405b1d.jpg","FisheyeCamera_1_00282_png.rf.0061dfd9a52d9c50a8016bfe8b405b1d.txt","train"
"val","001044_jpg.rf.edd67ecb794eb414d36b739ad4991f7d.jpg","001044_jpg.rf.edd67ecb794eb414d36b739ad4991f7d.txt","train"
"val","00007_00029_00014_png.rf.6d31434f46093078c3a00f5c0d0311d2.jpg","00007_00029_00014_png.rf.6d31434f46093078c3a00f5c0d0311d2.txt","test"
"val","00014_00001_00017_png.rf.94fca25cad1af597e1ec63d368e4f3c8.jpg","00014_00001_00017_png.rf.94fca25cad1af597e1ec63d368e4f3c8.txt","train"
"val","road441_png.rf.1e43c9c9bbcdbbbe90ce43984396adc4.jpg","road441_png.rf.1e43c9c9bbcdbbbe90ce43984396adc4.txt","train"
"val","00003_00035_00028_png.rf.d30d7843bf1aecc694a547806d6e56fd.jpg","00003_00035_00028_png.rf.d30d7843bf1aecc694a547806d6e56fd.txt","test"
"val","FisheyeCamera_1_00016_png.rf.346cbdc42a84156c968dfdc7511b9a26.jpg","FisheyeCamera_1_00016_png.rf.346cbdc42a84156c968dfdc7511b9a26.txt","train"
"val","000557_jpg.rf.e674a4f65c1277ff02ba49f8c0a38d6c.jpg","000557_jpg.rf.e674a4f65c1277ff02ba49f8c0a38d6c.txt","train"
"val","000958_JPG_jpg.rf.48038ffbd127bec3fc41d458d461fc51.jpg","000958_JPG_jpg.rf.48038ffbd127bec3fc41d458d461fc51.txt","train"
"val","00003_00046_00024_png.rf.0095570f73b1005e9ddc3998b9c89c1e.jpg","00003_00046_00024_png.rf.0095570f73b1005e9ddc3998b9c89c1e.txt","train"
"val","000027_jpg.rf.29d4fa2258f3b93faec1c00dc8e3b8f6.jpg","000027_jpg.rf.29d4fa2258f3b93faec1c00dc8e3b8f6.txt","train"
"val","road684_png.rf.6b80372ae5062eadbf31bea5aed4a413.jpg","road684_png.rf.6b80372ae5062eadbf31bea5aed4a413.txt","train"
"val","00005_00001_00018_png.rf.7a1df000d5849035122b92178dd0efce.jpg","00005_00001_00018_png.rf.7a1df000d5849035122b92178dd0efce.txt","train"
"val","FisheyeCamera_1_00604_png.rf.b2688515f7fc0ac1c2007c6c3ef36c72.jpg","FisheyeCamera_1_00604_png.rf.b2688515f7fc0ac1c2007c6c3ef36c72.txt","test"
"val","00014_00025_00016_png.rf.ce6259ff4036d8b50cae82834893dd9f.jpg","00014_00025_00016_png.rf.ce6259ff4036d8b50cae82834893dd9f.txt","train"
"val","FisheyeCamera_1_00807_png.rf.56bee3a46428be095fd652e7e2a5a5cc.jpg","FisheyeCamera_1_00807_png.rf.56bee3a46428be095fd652e7e2a5a5cc.txt","train"
"val","63b34629-4237-41b2-9557-50f3ad094712_jpg.rf.cb7109d6392cbc9421a4474476e09905.jpg","63b34629-4237-41b2-9557-50f3ad094712_jpg.rf.cb7109d6392cbc9421a4474476e09905.txt","train"
"val","00000_00004_00003_png.rf.7256c203faf95de6d5d0beeaf83da82c.jpg","00000_00004_00003_png.rf.7256c203faf95de6d5d0beeaf83da82c.txt","train"
"val","00001_00035_00012_png.rf.1604e6ad8d739fc1360364c1609ff98f.jpg","00001_00035_00012_png.rf.1604e6ad8d739fc1360364c1609ff98f.txt","test"
"val","001467_jpg.rf.46dfce28570db98edb9382947e3cf376.jpg","001467_jpg.rf.46dfce28570db98edb9382947e3cf376.txt","train"
"val","000794_jpg.rf.ba95e341ee3ffac9290492cc19bf5306.jpg","000794_jpg.rf.ba95e341ee3ffac9290492cc19bf5306.txt","valid"
"val","643854b9-b9d9-4b74-99fb-830fde4a0b74_jpg.rf.a0c2cfc486845e352f927bf36d418653.jpg","643854b9-b9d9-4b74-99fb-830fde4a0b74_jpg.rf.a0c2cfc486845e352f927bf36d418653.txt","test"
"val","00003_00019_00004_png.rf.d9e97c6d9498ea7ed6d17d67bba2ec1e.jpg","00003_00019_00004_png.rf.d9e97c6d9498ea7ed6d17d67bba2ec1e.txt","test"
"val","00002_00027_00021_png.rf.e0ecd861d2876c04ec0304357adec2bd.jpg","00002_00027_00021_png.rf.e0ecd861d2876c04ec0304357adec2bd.txt","train"
"val","000610_jpg.rf.eadfd58eb6f05c33eafbc0301cf73e49.jpg","000610_jpg.rf.eadfd58eb6f05c33eafbc0301cf73e49.txt","train"
"val","00014_00002_00015_png.rf.d351962b45c9fdcb2058f7bd6c288926.jpg","00014_00002_00015_png.rf.d351962b45c9fdcb2058f7bd6c288926.txt","valid"
"val","000340_jpg.rf.c8c4bfc1e7022c331102b1155d6323fa.jpg","000340_jpg.rf.c8c4bfc1e7022c331102b1155d6323fa.txt","train"
"val","road629_png.rf.a09ba81c27f37fad9034021a69f3f0ce.jpg","road629_png.rf.a09ba81c27f37fad9034021a69f3f0ce.txt","test"
"val","00001_00014_00014_png.rf.eedab77adba58e4b3b2489ce79286c30.jpg","00001_00014_00014_png.rf.eedab77adba58e4b3b2489ce79286c30.txt","train"
"val","FisheyeCamera_1_00188_png.rf.bb930aa606e730827a5e6e4dcf569158.jpg","FisheyeCamera_1_00188_png.rf.bb930aa606e730827a5e6e4dcf569158.txt","valid"
"val","FisheyeCamera_1_00211_png.rf.bd931901a4ed9a3d75bd36d4f048ed07.jpg","FisheyeCamera_1_00211_png.rf.bd931901a4ed9a3d75bd36d4f048ed07.txt","valid"
"val","FisheyeCamera_1_00075_png.rf.55f8479043ae2010fc6d9ada1fd59f54.jpg","FisheyeCamera_1_00075_png.rf.55f8479043ae2010fc6d9ada1fd59f54.txt","train"
"val","000898_JPG_jpg.rf.3c755d5d169a921a089183283820cc35.jpg","000898_JPG_jpg.rf.3c755d5d169a921a089183283820cc35.txt","test"
"val","00004_00038_00009_png.rf.1dee544d7c4c18dbdb1132eed010371d.jpg","00004_00038_00009_png.rf.1dee544d7c4c18dbdb1132eed010371d.txt","valid"
"val","00014_00000_00000_png.rf.3453d7f36295b6833d922f9035f3bb91.jpg","00014_00000_00000_png.rf.3453d7f36295b6833d922f9035f3bb91.txt","train"
"val","000040_jpg.rf.9645edac6b2b79fe93123bd4c81b2ce2.jpg","000040_jpg.rf.9645edac6b2b79fe93123bd4c81b2ce2.txt","train"
"val","001837_JPG_jpg.rf.3af9509ad3fb681c944a5cb56388e4f1.jpg","001837_JPG_jpg.rf.3af9509ad3fb681c944a5cb56388e4f1.txt","valid"
"val","000881_JPG_jpg.rf.e87fa14e4b26b85c9180f6672f2c0418.jpg","000881_JPG_jpg.rf.e87fa14e4b26b85c9180f6672f2c0418.txt","train"
"val","00004_00003_00027_png.rf.6e1b98b76d72776d3cec0432bf46a688.jpg","00004_00003_00027_png.rf.6e1b98b76d72776d3cec0432bf46a688.txt","valid"
"val","00003_00021_00016_png.rf.1643c5936dbf9343f3baff7950ea29a1.jpg","00003_00021_00016_png.rf.1643c5936dbf9343f3baff7950ea29a1.txt","valid"
"val","000015_jpg.rf.2a7cccda24339d0f93a3eaf893b2ba2a.jpg","000015_jpg.rf.2a7cccda24339d0f93a3eaf893b2ba2a.txt","test"
"val","road497_png.rf.552c7c78b00dc119a2cb3bb56e597b35.jpg","road497_png.rf.552c7c78b00dc119a2cb3bb56e597b35.txt","train"
"val","00004_00049_00016_png.rf.b98b806f151cc77aa45851876f98d797.jpg","00004_00049_00016_png.rf.b98b806f151cc77aa45851876f98d797.txt","train"
"val","00014_00003_00018_png.rf.49b36957f18261f2dfb8ce084570cf53.jpg","00014_00003_00018_png.rf.49b36957f18261f2dfb8ce084570cf53.txt","valid"
"val","road495_png.rf.c55afb3e0d313318865570703df08a69.jpg","road495_png.rf.c55afb3e0d313318865570703df08a69.txt","valid"
"val","00002_00029_00021_png.rf.384c50f116b3e44c42acc32375a15c67.jpg","00002_00029_00021_png.rf.384c50f116b3e44c42acc32375a15c67.txt","valid"
"val","00002_00002_00008_png.rf.b2538dcae6b5c45db7b1b4d4eda23bed.jpg","00002_00002_00008_png.rf.b2538dcae6b5c45db7b1b4d4eda23bed.txt","train"
"val","FisheyeCamera_1_01095_png.rf.3444b47ac0a5103ab2befd4f5755cdc2.jpg","FisheyeCamera_1_01095_png.rf.3444b47ac0a5103ab2befd4f5755cdc2.txt","train"
"val","00003_00046_00019_png.rf.9c2a92d50ba299713995287ea94867f1.jpg","00003_00046_00019_png.rf.9c2a92d50ba299713995287ea94867f1.txt","valid"
"val","road713_png.rf.b09cda841343ab8b854c1f6523659118.jpg","road713_png.rf.b09cda841343ab8b854c1f6523659118.txt","valid"
"val","00014_00001_00012_png.rf.82e5b4c2cee73cfa41ed3aab6ee2cd2f.jpg","00014_00001_00012_png.rf.82e5b4c2cee73cfa41ed3aab6ee2cd2f.txt","valid"
"val","000286_jpg.rf.781a3426fd2761753371f382ef8db316.jpg","000286_jpg.rf.781a3426fd2761753371f382ef8db316.txt","test"
"val","000176_jpg.rf.d35fb5b31fa6aaf6ea1209c29127bc4e.jpg","000176_jpg.rf.d35fb5b31fa6aaf6ea1209c29127bc4e.txt","valid"
"val","000719_jpg.rf.3fc61cefd1aa61e1d4be44488ff108ba.jpg","000719_jpg.rf.3fc61cefd1aa61e1d4be44488ff108ba.txt","train"
"val","000388_jpg.rf.49acdb77b070ab87a393f1432deab351.jpg","000388_jpg.rf.49acdb77b070ab87a393f1432deab351.txt","train"
"val","001012_jpg.rf.7465520e8a0308eeda739d5e10e55d98.jpg","001012_jpg.rf.7465520e8a0308eeda739d5e10e55d98.txt","valid"
"val","road282_png.rf.c1f28c1c69ae42b5c1c6cfe7ce5221ab.jpg","road282_png.rf.c1f28c1c69ae42b5c1c6cfe7ce5221ab.txt","train"
"val","001804_JPG_jpg.rf.e0a5a26a8ad31e587fd879ee3e6056b0.jpg","001804_JPG_jpg.rf.e0a5a26a8ad31e587fd879ee3e6056b0.txt","valid"
"val","road55_png.rf.2dab9d32581dbf1b891264dcfcec5d6b.jpg","road55_png.rf.2dab9d32581dbf1b891264dcfcec5d6b.txt","train"
"val","001676_JPG_jpg.rf.b526f9307eeaca7a07135b55fdfbda63.jpg","001676_JPG_jpg.rf.b526f9307eeaca7a07135b55fdfbda63.txt","train"
"val","00001_00037_00009_png.rf.686f4e8387c4eeaaca61b15b61d9da4a.jpg","00001_00037_00009_png.rf.686f4e8387c4eeaaca61b15b61d9da4a.txt","valid"
"val","001827_JPG_jpg.rf.6d01a5d4f0759638492f31b15617b5fe.jpg","001827_JPG_jpg.rf.6d01a5d4f0759638492f31b15617b5fe.txt","train"
"val","00002_00013_00022_png.rf.997f9900305af7f12206460d28b4e781.jpg","00002_00013_00022_png.rf.997f9900305af7f12206460d28b4e781.txt","train"
"val","FisheyeCamera_1_00965_png.rf.b0c220b34661859842392543cfeb89cb.jpg","FisheyeCamera_1_00965_png.rf.b0c220b34661859842392543cfeb89cb.txt","train"
"val","00000_00000_00002_png.rf.b598abde453d5715b74b74b8262ac7bd.jpg","00000_00000_00002_png.rf.b598abde453d5715b74b74b8262ac7bd.txt","train"
"val","00000_00006_00019_png.rf.ab930577d2aef675d1866043bbe4e436.jpg","00000_00006_00019_png.rf.ab930577d2aef675d1866043bbe4e436.txt","train"
"val","15e7c51c-cd58-4b54-bd6f-2fe16d2a0986_jpg.rf.735a809d71196deec1fc17ed9254fd72.jpg","15e7c51c-cd58-4b54-bd6f-2fe16d2a0986_jpg.rf.735a809d71196deec1fc17ed9254fd72.txt","train"
"val","00014_00006_00013_png.rf.4c9bba110da770ac605e6a92019f5790.jpg","00014_00006_00013_png.rf.4c9bba110da770ac605e6a92019f5790.txt","train"
"val","00002_00017_00021_png.rf.6f98662058920e29521d76b97ed56de5.jpg","00002_00017_00021_png.rf.6f98662058920e29521d76b97ed56de5.txt","valid"
"val","00003_00029_00017_png.rf.5c16b862b1be5b5d5ccfd6606915d5c7.jpg","00003_00029_00017_png.rf.5c16b862b1be5b5d5ccfd6606915d5c7.txt","train"
"val","FisheyeCamera_1_00220_png.rf.5f68f6a9b7fe9fb5dd19b71b8d8c5519.jpg","FisheyeCamera_1_00220_png.rf.5f68f6a9b7fe9fb5dd19b71b8d8c5519.txt","train"
"val","000691_jpg.rf.4da0ab16004b6ac0ae45b618233eb400.jpg","000691_jpg.rf.4da0ab16004b6ac0ae45b618233eb400.txt","train"
"val","00007_00002_00009_png.rf.b39ac73b4b6ea311253d7a0963fe1047.jpg","00007_00002_00009_png.rf.b39ac73b4b6ea311253d7a0963fe1047.txt","valid"
"val","00007_00012_00026_png.rf.d5e605817bf5e84a009570573662b4b2.jpg","00007_00012_00026_png.rf.d5e605817bf5e84a009570573662b4b2.txt","valid"
"val","FisheyeCamera_1_00955_png.rf.a49978c274401e758b1a465862aec24f.jpg","FisheyeCamera_1_00955_png.rf.a49978c274401e758b1a465862aec24f.txt","valid"
"val","00008_00003_00011_png.rf.799f9ec935c1bc59f7dc593cfa43d23e.jpg","00008_00003_00011_png.rf.799f9ec935c1bc59f7dc593cfa43d23e.txt","train"
"val","00000_00002_00024_png.rf.102fbd799d76bc74fe3b6d46ca629d58.jpg","00000_00002_00024_png.rf.102fbd799d76bc74fe3b6d46ca629d58.txt","train"
"val","FisheyeCamera_1_01029_png.rf.a129b3eaba67d93169def485d104d014.jpg","FisheyeCamera_1_01029_png.rf.a129b3eaba67d93169def485d104d014.txt","train"
"val","00000_00000_00018_png.rf.7fb0d0e59e484448a205b3a1f6f264c4.jpg","00000_00000_00018_png.rf.7fb0d0e59e484448a205b3a1f6f264c4.txt","train"
"val","00002_00054_00026_png.rf.540a56a564f49b01deb3b7e26d0e79ff.jpg","00002_00054_00026_png.rf.540a56a564f49b01deb3b7e26d0e79ff.txt","train"
"val","000547_jpg.rf.8b7d378ea2238dbb3f3e0f853bb65312.jpg","000547_jpg.rf.8b7d378ea2238dbb3f3e0f853bb65312.txt","train"
"val","00003_00035_00029_png.rf.0b8e0f85f3b05b467283daa028c1bd8c.jpg","00003_00035_00029_png.rf.0b8e0f85f3b05b467283daa028c1bd8c.txt","train"
"val","000564_jpg.rf.5993f670902a3be381a957b65a8a0a2e.jpg","000564_jpg.rf.5993f670902a3be381a957b65a8a0a2e.txt","train"
"val","00004_00000_00019_png.rf.051769dd6008fbefd752ac097c6fe8a3.jpg","00004_00000_00019_png.rf.051769dd6008fbefd752ac097c6fe8a3.txt","train"
"val","FisheyeCamera_1_00075_png.rf.c7748740ae964171d15ba1fb81797888.jpg","FisheyeCamera_1_00075_png.rf.c7748740ae964171d15ba1fb81797888.txt","train"
"val","road247_png.rf.7e7fd577ccd51939406d4cd7f9d5c65e.jpg","road247_png.rf.7e7fd577ccd51939406d4cd7f9d5c65e.txt","valid"
"val","FisheyeCamera_1_00448_png.rf.4b29e4f329640939df7cd7083c838366.jpg","FisheyeCamera_1_00448_png.rf.4b29e4f329640939df7cd7083c838366.txt","train"
"val","FisheyeCamera_1_00090_png.rf.607befc9773ebda31d2f3a6e39dd115d.jpg","FisheyeCamera_1_00090_png.rf.607befc9773ebda31d2f3a6e39dd115d.txt","valid"
"val","00002_00054_00025_png.rf.5d3766020357aacac626ecfced798d5d.jpg","00002_00054_00025_png.rf.5d3766020357aacac626ecfced798d5d.txt","train"
"val","00001_00022_00004_png.rf.de0e3626637801a1d97c63aa63dad7da.jpg","00001_00022_00004_png.rf.de0e3626637801a1d97c63aa63dad7da.txt","train"
"val","000222_jpg.rf.d16dc5b6a37e7d94b08db925bbd9e65f.jpg","000222_jpg.rf.d16dc5b6a37e7d94b08db925bbd9e65f.txt","train"
"val","001470_jpg.rf.168b432d38bb25941ff70160a07af518.jpg","001470_jpg.rf.168b432d38bb25941ff70160a07af518.txt","train"
"val","00014_00007_00018_png.rf.608774177b86260dea03670f753f399a.jpg","00014_00007_00018_png.rf.608774177b86260dea03670f753f399a.txt","valid"
"val","FisheyeCamera_1_00617_png.rf.3c15f9f547734b5b9ca4293832d80a71.jpg","FisheyeCamera_1_00617_png.rf.3c15f9f547734b5b9ca4293832d80a71.txt","train"
"val","FisheyeCamera_1_00576_png.rf.80f288318befb34611e248ecec889ffb.jpg","FisheyeCamera_1_00576_png.rf.80f288318befb34611e248ecec889ffb.txt","train"
"val","001037_jpg.rf.9b1adbde1cdd3d22172fd0348fdb5b35.jpg","001037_jpg.rf.9b1adbde1cdd3d22172fd0348fdb5b35.txt","valid"
"val","000006_jpg.rf.0e6be444cb5a5f656ad6f77f2e889ffc.jpg","000006_jpg.rf.0e6be444cb5a5f656ad6f77f2e889ffc.txt","test"
"val","00005_00043_00028_png.rf.28d6491e1c8d54974244db5c7bb76325.jpg","00005_00043_00028_png.rf.28d6491e1c8d54974244db5c7bb76325.txt","train"
"val","001445_jpg.rf.158314091104d2e00168b4b3bad4d1e7.jpg","001445_jpg.rf.158314091104d2e00168b4b3bad4d1e7.txt","train"
"val","00000_00000_00024_png.rf.1aa7fce76d7285d55b7afef2d29497a5.jpg","00000_00000_00024_png.rf.1aa7fce76d7285d55b7afef2d29497a5.txt","test"
"val","001813_JPG_jpg.rf.03f93d3475fbf82694b9bdf575b2d105.jpg","001813_JPG_jpg.rf.03f93d3475fbf82694b9bdf575b2d105.txt","test"
"val","000998_JPG_jpg.rf.52f56a89f6303e946c9629f21ac51190.jpg","000998_JPG_jpg.rf.52f56a89f6303e946c9629f21ac51190.txt","train"
"val","00003_00030_00021_png.rf.4d5890cc48b1e012cb4bff8429d10367.jpg","00003_00030_00021_png.rf.4d5890cc48b1e012cb4bff8429d10367.txt","valid"
"val","00004_00053_00027_png.rf.475f7e49fcfbc534fc4bc077b6195076.jpg","00004_00053_00027_png.rf.475f7e49fcfbc534fc4bc077b6195076.txt","train"
"val","00002_00016_00003_png.rf.428357a134a564cd54e7d2cc9a28e432.jpg","00002_00016_00003_png.rf.428357a134a564cd54e7d2cc9a28e432.txt","train"
"val","b413caec-028d-48e6-922b-fc63db1b7ebb_jpg.rf.757cfe17d4c95328fadb16389133ca06.jpg","b413caec-028d-48e6-922b-fc63db1b7ebb_jpg.rf.757cfe17d4c95328fadb16389133ca06.txt","test"
"val","road562_png.rf.30f2c5e72c94544eb1ec5e4e924a0a5a.jpg","road562_png.rf.30f2c5e72c94544eb1ec5e4e924a0a5a.txt","train"
"val","001216_jpg.rf.c2a3a609d4a02e2fd9244069181416c8.jpg","001216_jpg.rf.c2a3a609d4a02e2fd9244069181416c8.txt","train"
"val","00014_00022_00000_png.rf.7e68dc3ea7e045b82ff2f5f8dc53a4cf.jpg","00014_00022_00000_png.rf.7e68dc3ea7e045b82ff2f5f8dc53a4cf.txt","train"
"val","000994_JPG_jpg.rf.6bc785e58421523a564467882e7ae332.jpg","000994_JPG_jpg.rf.6bc785e58421523a564467882e7ae332.txt","train"
"val","00002_00007_00012_png.rf.6fe943c395247500ea1f7dcd99f6561f.jpg","00002_00007_00012_png.rf.6fe943c395247500ea1f7dcd99f6561f.txt","test"
"val","00000_00000_00006_png.rf.57e5e5e4916ba63ec4a0b4c91555f14d.jpg","00000_00000_00006_png.rf.57e5e5e4916ba63ec4a0b4c91555f14d.txt","train"
"val","000772_jpg.rf.39349fa3d9c12186bd62d903fa2b3ca0.jpg","000772_jpg.rf.39349fa3d9c12186bd62d903fa2b3ca0.txt","train"
"val","FisheyeCamera_1_00041_png.rf.578b245a09c525ff870fef23de2803b4.jpg","FisheyeCamera_1_00041_png.rf.578b245a09c525ff870fef23de2803b4.txt","test"
"val","00004_00022_00017_png.rf.87cb78c42088e2b12e79b58d160e8782.jpg","00004_00022_00017_png.rf.87cb78c42088e2b12e79b58d160e8782.txt","train"
"val","000824_jpg.rf.e0d3e1fd87ba412316248d53d2cd854f.jpg","000824_jpg.rf.e0d3e1fd87ba412316248d53d2cd854f.txt","train"
"val","000800_jpg.rf.d3e904d194b49852d838d2387ac51820.jpg","000800_jpg.rf.d3e904d194b49852d838d2387ac51820.txt","train"
"val","00000_00005_00015_png.rf.c60a5e06dfeaad831c1bd1d71b8a8391.jpg","00000_00005_00015_png.rf.c60a5e06dfeaad831c1bd1d71b8a8391.txt","train"
"val","000630_jpg.rf.97f23bf95ee6fea8e15ce323cab9a35c.jpg","000630_jpg.rf.97f23bf95ee6fea8e15ce323cab9a35c.txt","valid"
"val","001469_jpg.rf.97886ef1a9b133f547f57e46f3b4c81e.jpg","001469_jpg.rf.97886ef1a9b133f547f57e46f3b4c81e.txt","train"
"val","000300_jpg.rf.54cfd98c060b75c659863139d37734c7.jpg","000300_jpg.rf.54cfd98c060b75c659863139d37734c7.txt","test"
"val","000951_jpg.rf.322b474bb3b788635cb22e48b0c9a907.jpg","000951_jpg.rf.322b474bb3b788635cb22e48b0c9a907.txt","train"
"val","road747_png.rf.c0eb8930e25de01e10a79d8877cf7f33.jpg","road747_png.rf.c0eb8930e25de01e10a79d8877cf7f33.txt","test"
"val","FisheyeCamera_1_00209_png.rf.05b423ba4bd265ab4c57324e5c0915fd.jpg","FisheyeCamera_1_00209_png.rf.05b423ba4bd265ab4c57324e5c0915fd.txt","train"
"val","000186_jpg.rf.e8730010ee7e347830b3e356cee31a85.jpg","000186_jpg.rf.e8730010ee7e347830b3e356cee31a85.txt","train"
"val","road462_png.rf.8639b3c226aaaff52145c0494bc86e60.jpg","road462_png.rf.8639b3c226aaaff52145c0494bc86e60.txt","train"
"val","road277_png.rf.985a534482bf8915ed68365168eed7c5.jpg","road277_png.rf.985a534482bf8915ed68365168eed7c5.txt","test"
"val","35704df2-8ce6-4738-b619-2737dcbb9cf3_jpg.rf.7809053d056a8fb5f2a339b62c4b782b.jpg","35704df2-8ce6-4738-b619-2737dcbb9cf3_jpg.rf.7809053d056a8fb5f2a339b62c4b782b.txt","train"
"val","000143_jpg.rf.9e253acca9b4905bd80eb8c344abcc37.jpg","000143_jpg.rf.9e253acca9b4905bd80eb8c344abcc37.txt","train"
"val","road243_png.rf.f00e4bb58d8479a62ff123be664b9bd7.jpg","road243_png.rf.f00e4bb58d8479a62ff123be664b9bd7.txt","test"
"val","road486_png.rf.d9454d7b8688183facdf4fc5d2dc3bea.jpg","road486_png.rf.d9454d7b8688183facdf4fc5d2dc3bea.txt","train"
"val","00014_00001_00006_png.rf.3d679f8857597059da39061f59ddd8e5.jpg","00014_00001_00006_png.rf.3d679f8857597059da39061f59ddd8e5.txt","test"
"val","road119_png.rf.557c820d9815c2e617c534f21f514db9.jpg","road119_png.rf.557c820d9815c2e617c534f21f514db9.txt","train"
"val","000799_jpg.rf.5ee6e7f277e40c167d810c6696b28eed.jpg","000799_jpg.rf.5ee6e7f277e40c167d810c6696b28eed.txt","train"
"val","road328_png.rf.279bac9fdbf17ecb9bc8501eb9719dc5.jpg","road328_png.rf.279bac9fdbf17ecb9bc8501eb9719dc5.txt","train"
"val","21569b8b-8879-4c75-b620-2e348c01ec98_jpg.rf.d43b06818d1d856699a67f841ddca1cb.jpg","21569b8b-8879-4c75-b620-2e348c01ec98_jpg.rf.d43b06818d1d856699a67f841ddca1cb.txt","train"
"val","FisheyeCamera_1_00035_png.rf.2f32c7844fd95cd1e7b9a4542ece8593.jpg","FisheyeCamera_1_00035_png.rf.2f32c7844fd95cd1e7b9a4542ece8593.txt","train"
"val","00003_00028_00008_png.rf.f77890a2c3eabb9ef0092587c10d1d69.jpg","00003_00028_00008_png.rf.f77890a2c3eabb9ef0092587c10d1d69.txt","valid"
"val","00005_00004_00008_png.rf.caa660db9c1806c737a2632613ca2c86.jpg","00005_00004_00008_png.rf.caa660db9c1806c737a2632613ca2c86.txt","train"
"val","000862_JPG_jpg.rf.cbabb47534884d2a33f32937264c65b6.jpg","000862_JPG_jpg.rf.cbabb47534884d2a33f32937264c65b6.txt","train"
"val","000839_jpg.rf.22664b25e0ddf23a5ef505e6274da9f7.jpg","000839_jpg.rf.22664b25e0ddf23a5ef505e6274da9f7.txt","train"
"val","FisheyeCamera_1_00381_png.rf.6f2f3d1de900a254e60e131e6c7a3806.jpg","FisheyeCamera_1_00381_png.rf.6f2f3d1de900a254e60e131e6c7a3806.txt","train"
"val","000457_jpg.rf.d68657fe8f034da9fbd6309592a6dbad.jpg","000457_jpg.rf.d68657fe8f034da9fbd6309592a6dbad.txt","train"
"val","000806_jpg.rf.177e8bd53374cac0eed073db9ab60d7b.jpg","000806_jpg.rf.177e8bd53374cac0eed073db9ab60d7b.txt","valid"
"val","road114_png.rf.6494e9d55ae4dd6d9e366f5a8a7603f4.jpg","road114_png.rf.6494e9d55ae4dd6d9e366f5a8a7603f4.txt","train"
"val","FisheyeCamera_1_00988_png.rf.aea12942bcf44d6532bb3fffd2b2f122.jpg","FisheyeCamera_1_00988_png.rf.aea12942bcf44d6532bb3fffd2b2f122.txt","train"
"val","FisheyeCamera_1_00285_png.rf.a80e10b8cddc375ed93bacdbc7e15450.jpg","FisheyeCamera_1_00285_png.rf.a80e10b8cddc375ed93bacdbc7e15450.txt","test"
"val","road201_png.rf.1799619f8ad2030077c1197d592636a6.jpg","road201_png.rf.1799619f8ad2030077c1197d592636a6.txt","train"
"val","00004_00046_00012_png.rf.72c9d8ed06bf61712e82e404a9e5adf3.jpg","00004_00046_00012_png.rf.72c9d8ed06bf61712e82e404a9e5adf3.txt","train"
"val","00002_00006_00028_png.rf.9e96c117d556cfe075f2d64210e88fe2.jpg","00002_00006_00028_png.rf.9e96c117d556cfe075f2d64210e88fe2.txt","test"
"val","00002_00056_00028_png.rf.2111e0231da0ae7b94493286c97b838c.jpg","00002_00056_00028_png.rf.2111e0231da0ae7b94493286c97b838c.txt","train"
"val","FisheyeCamera_1_01052_png.rf.8e61dafd3556863f07361349fdd70fc5.jpg","FisheyeCamera_1_01052_png.rf.8e61dafd3556863f07361349fdd70fc5.txt","train"
"val","00004_00050_00009_png.rf.c3e7f46dc1ec5dfc62226e4ad677e78e.jpg","00004_00050_00009_png.rf.c3e7f46dc1ec5dfc62226e4ad677e78e.txt","train"
"val","00004_00011_00019_png.rf.82f2de5b2e5ab5da8b49c50d404a2fd4.jpg","00004_00011_00019_png.rf.82f2de5b2e5ab5da8b49c50d404a2fd4.txt","train"
"val","000427_jpg.rf.75ebbfaf90611a2c84c7b1bc1300716c.jpg","000427_jpg.rf.75ebbfaf90611a2c84c7b1bc1300716c.txt","train"
"val","FisheyeCamera_1_00175_png.rf.b4a696491e618232193a9f9a1281c6ce.jpg","FisheyeCamera_1_00175_png.rf.b4a696491e618232193a9f9a1281c6ce.txt","train"
"val","00000_00000_00001_png.rf.e7a4c21f0fe77c939031b00de40c043e.jpg","00000_00000_00001_png.rf.e7a4c21f0fe77c939031b00de40c043e.txt","train"
"val","000430_jpg.rf.bdf11fe55023be946df37fd8c4f131d3.jpg","000430_jpg.rf.bdf11fe55023be946df37fd8c4f131d3.txt","train"
"val","000223_jpg.rf.f2d6f86097c35556310fa4fd8bd583f7.jpg","000223_jpg.rf.f2d6f86097c35556310fa4fd8bd583f7.txt","test"
"val","00014_00008_00016_png.rf.f24658849dfb749dd4cfd6afe81442f4.jpg","00014_00008_00016_png.rf.f24658849dfb749dd4cfd6afe81442f4.txt","train"
"val","000319_jpg.rf.1e2b7d561793bf81f717da8b177677f4.jpg","000319_jpg.rf.1e2b7d561793bf81f717da8b177677f4.txt","valid"
"val","00003_00037_00024_png.rf.30355bb28d8617a5ba0306de13ac0247.jpg","00003_00037_00024_png.rf.30355bb28d8617a5ba0306de13ac0247.txt","train"
"val","00002_00026_00000_png.rf.531a68a1b3ddfc5beee091d2807ffb5d.jpg","00002_00026_00000_png.rf.531a68a1b3ddfc5beee091d2807ffb5d.txt","train"
"val","road303_png.rf.911f92ed994e3a1f244f8cad0f759f7d.jpg","road303_png.rf.911f92ed994e3a1f244f8cad0f759f7d.txt","train"
"val","000236_jpg.rf.7dbcbd117bac61bef79da671588c1961.jpg","000236_jpg.rf.7dbcbd117bac61bef79da671588c1961.txt","train"
"val","000946_jpg.rf.0ac7fb4a31e53932d9503a88d7565a29.jpg","000946_jpg.rf.0ac7fb4a31e53932d9503a88d7565a29.txt","test"
"val","FisheyeCamera_1_01074_png.rf.0321885e20df3e569c8d5a93a50811d2.jpg","FisheyeCamera_1_01074_png.rf.0321885e20df3e569c8d5a93a50811d2.txt","train"
"val","FisheyeCamera_1_00335_png.rf.7750bcb918198b98235882eef0cade33.jpg","FisheyeCamera_1_00335_png.rf.7750bcb918198b98235882eef0cade33.txt","train"
"val","00007_00018_00023_png.rf.e4463ed4e1be2177cb8bd3a5a090d480.jpg","00007_00018_00023_png.rf.e4463ed4e1be2177cb8bd3a5a090d480.txt","train"
"val","000389_jpg.rf.b63635d39e3cb82e321d242961cfc6e9.jpg","000389_jpg.rf.b63635d39e3cb82e321d242961cfc6e9.txt","train"
"val","000536_jpg.rf.aec42e009d571870310e5d917a1583b9.jpg","000536_jpg.rf.aec42e009d571870310e5d917a1583b9.txt","train"
"val","001975_jpg.rf.20e9919791f0b44c7ea28cd8d48a64f0.jpg","001975_jpg.rf.20e9919791f0b44c7ea28cd8d48a64f0.txt","train"
"val","road448_png.rf.77172db4bf6df66591e7ed8722d10f56.jpg","road448_png.rf.77172db4bf6df66591e7ed8722d10f56.txt","train"
"val","00000_00005_00023_png.rf.8171cfd986f2ccb6f5608ff43e9be832.jpg","00000_00005_00023_png.rf.8171cfd986f2ccb6f5608ff43e9be832.txt","train"
"val","road265_png.rf.554eb9db481843f2d26bcfbc71617f7e.jpg","road265_png.rf.554eb9db481843f2d26bcfbc71617f7e.txt","train"
"val","000370_jpg.rf.e3f1261cacff956e8438f061d3b8145c.jpg","000370_jpg.rf.e3f1261cacff956e8438f061d3b8145c.txt","train"
"val","00000_00004_00009_png.rf.348f82b16d5906a0ab21580789fd4e61.jpg","00000_00004_00009_png.rf.348f82b16d5906a0ab21580789fd4e61.txt","train"
"val","00000_00000_00003_png.rf.85c1bff8cf42c6a38cddebe863f021a2.jpg","00000_00000_00003_png.rf.85c1bff8cf42c6a38cddebe863f021a2.txt","valid"
"val","00002_00017_00026_png.rf.26ea658f9558f6908eaa361c89964914.jpg","00002_00017_00026_png.rf.26ea658f9558f6908eaa361c89964914.txt","test"
"val","00014_00011_00014_png.rf.fcb30f19842d68e273ba0ed75b2cc7b9.jpg","00014_00011_00014_png.rf.fcb30f19842d68e273ba0ed75b2cc7b9.txt","train"
"val","000652_jpg.rf.90d627ebd1fee8b2964bca0eec038c42.jpg","000652_jpg.rf.90d627ebd1fee8b2964bca0eec038c42.txt","test"
"val","road262_png.rf.45395080156e7fe7f4cf46b0e734ec9c.jpg","road262_png.rf.45395080156e7fe7f4cf46b0e734ec9c.txt","train"
"val","road396_png.rf.b1d8180cf4eb07aff5632c3e0952ce69.jpg","road396_png.rf.b1d8180cf4eb07aff5632c3e0952ce69.txt","train"
"val","000813_jpg.rf.20542984d00933c99f48f63717cc7390.jpg","000813_jpg.rf.20542984d00933c99f48f63717cc7390.txt","train"
"val","FisheyeCamera_1_00290_png.rf.a205b1296e0ee122ecf23e6b605d775b.jpg","FisheyeCamera_1_00290_png.rf.a205b1296e0ee122ecf23e6b605d775b.txt","valid"
"val","00000_00002_00012_png.rf.c01c58e9e03f92856d7e064327d22e8d.jpg","00000_00002_00012_png.rf.c01c58e9e03f92856d7e064327d22e8d.txt","train"
"val","FisheyeCamera_1_00203_png.rf.e7de9ec3eb5c723bb09bfbff5f6faa36.jpg","FisheyeCamera_1_00203_png.rf.e7de9ec3eb5c723bb09bfbff5f6faa36.txt","train"
"val","00014_00013_00009_png.rf.44202a7960a06be1e244d165e7710915.jpg","00014_00013_00009_png.rf.44202a7960a06be1e244d165e7710915.txt","train"
"val","00000_00002_00004_png.rf.64d15ab05892fada92bcd9948173cbac.jpg","00000_00002_00004_png.rf.64d15ab05892fada92bcd9948173cbac.txt","train"
"val","FisheyeCamera_1_00352_png.rf.8081211f3bb4efcaee0c73154d67d610.jpg","FisheyeCamera_1_00352_png.rf.8081211f3bb4efcaee0c73154d67d610.txt","valid"
"val","FisheyeCamera_1_00002_png.rf.09c950755c63afa02c136ab827ea6ba4.jpg","FisheyeCamera_1_00002_png.rf.09c950755c63afa02c136ab827ea6ba4.txt","valid"
"val","road95_png.rf.7b5269b4c754de9ef8df21775b8a31c8.jpg","road95_png.rf.7b5269b4c754de9ef8df21775b8a31c8.txt","valid"
"val","000185_jpg.rf.818bd762eea43c524bdf555d07437495.jpg","000185_jpg.rf.818bd762eea43c524bdf555d07437495.txt","train"
"val","FisheyeCamera_1_00001_png.rf.e32cee12e16409cbde0f2a39fc675858.jpg","FisheyeCamera_1_00001_png.rf.e32cee12e16409cbde0f2a39fc675858.txt","valid"
"val","001660_JPG_jpg.rf.6a7282c7411c92ace3263d34592bf30c.jpg","001660_JPG_jpg.rf.6a7282c7411c92ace3263d34592bf30c.txt","test"
"val","00001_00063_00013_png.rf.c96b2f8062f9d80185e79e3e233ab97a.jpg","00001_00063_00013_png.rf.c96b2f8062f9d80185e79e3e233ab97a.txt","train"
"val","00008_00006_00026_png.rf.b3d33701a4b40f07c000b3a19440b226.jpg","00008_00006_00026_png.rf.b3d33701a4b40f07c000b3a19440b226.txt","test"
"val","000685_jpg.rf.bed4402ddd13bf9629da6e2201064c13.jpg","000685_jpg.rf.bed4402ddd13bf9629da6e2201064c13.txt","train"
"val","FisheyeCamera_1_00462_png.rf.6571db787b7a156d9d263bb934fd2108.jpg","FisheyeCamera_1_00462_png.rf.6571db787b7a156d9d263bb934fd2108.txt","train"
"val","FisheyeCamera_1_00286_png.rf.c2af378aadc25e0d49e4a87fc3163023.jpg","FisheyeCamera_1_00286_png.rf.c2af378aadc25e0d49e4a87fc3163023.txt","train"
"val","00003_00002_00016_png.rf.1dcec02b5e419b10bd38ba2365cc75d3.jpg","00003_00002_00016_png.rf.1dcec02b5e419b10bd38ba2365cc75d3.txt","test"
"val","00004_00052_00007_png.rf.51710ed71783c822d82ad0c7c92ef52f.jpg","00004_00052_00007_png.rf.51710ed71783c822d82ad0c7c92ef52f.txt","train"
"val","000183_jpg.rf.d6b7905ac776f4cd65cfabf65fa2603e.jpg","000183_jpg.rf.d6b7905ac776f4cd65cfabf65fa2603e.txt","train"
"val","000931_jpg.rf.d2f98111fefae47ca2c4fc403a99fdfb.jpg","000931_jpg.rf.d2f98111fefae47ca2c4fc403a99fdfb.txt","valid"
"val","000493_jpg.rf.4d1c380e8fc0d832c24452ee978448a3.jpg","000493_jpg.rf.4d1c380e8fc0d832c24452ee978448a3.txt","train"
"val","001256_jpg.rf.9a5dd6875898a5b717fa4f1f42d18c4d.jpg","001256_jpg.rf.9a5dd6875898a5b717fa4f1f42d18c4d.txt","test"
"val","road331_png.rf.e22c01c49cfd304f7e4f66777ffef4a9.jpg","road331_png.rf.e22c01c49cfd304f7e4f66777ffef4a9.txt","train"
"val","00001_00059_00001_png.rf.b30ea073ed3323d3a5f03c5efcc3dd9e.jpg","00001_00059_00001_png.rf.b30ea073ed3323d3a5f03c5efcc3dd9e.txt","valid"
"val","001003_jpg.rf.7304bf206b21de998b26511795868a80.jpg","001003_jpg.rf.7304bf206b21de998b26511795868a80.txt","train"
"val","000568_jpg.rf.6e49a900b82ef900618f80d326ccd402.jpg","000568_jpg.rf.6e49a900b82ef900618f80d326ccd402.txt","train"
"val","001093_jpg.rf.1ed658c179de58d4d15dbb7b4cbb429a.jpg","001093_jpg.rf.1ed658c179de58d4d15dbb7b4cbb429a.txt","train"
"val","FisheyeCamera_1_00153_png.rf.ee6082a1ee1917cc5db167e25261ef7f.jpg","FisheyeCamera_1_00153_png.rf.ee6082a1ee1917cc5db167e25261ef7f.txt","valid"
"val","00014_00004_00000_png.rf.10082a97489950786587ba1ad908de94.jpg","00014_00004_00000_png.rf.10082a97489950786587ba1ad908de94.txt","train"
"val","00014_00009_00026_png.rf.742726f07a7c5a893c3ef05f0cea03e8.jpg","00014_00009_00026_png.rf.742726f07a7c5a893c3ef05f0cea03e8.txt","train"
"val","00004_00038_00024_png.rf.bb82283c2fecf6b9313ea89c567a0743.jpg","00004_00038_00024_png.rf.bb82283c2fecf6b9313ea89c567a0743.txt","train"
"val","000206_jpg.rf.2c57e583b68bc594fed77f765377f6ce.jpg","000206_jpg.rf.2c57e583b68bc594fed77f765377f6ce.txt","train"
"val","00007_00013_00020_png.rf.bcb292fc6e5a43f381df0242b641ecce.jpg","00007_00013_00020_png.rf.bcb292fc6e5a43f381df0242b641ecce.txt","train"
"val","00001_00010_00008_png.rf.072f1b1ad436bd87be9561db353d4c7f.jpg","00001_00010_00008_png.rf.072f1b1ad436bd87be9561db353d4c7f.txt","train"
"val","00001_00004_00026_png.rf.0a8211b8f5d32da1c901b00bce882a03.jpg","00001_00004_00026_png.rf.0a8211b8f5d32da1c901b00bce882a03.txt","train"
"val","00003_00010_00012_png.rf.1dbba1806b14f8bdadfc5f2bac1e575b.jpg","00003_00010_00012_png.rf.1dbba1806b14f8bdadfc5f2bac1e575b.txt","test"
"val","00005_00017_00005_png.rf.0b336033aaac0259214f1dc149d8b94a.jpg","00005_00017_00005_png.rf.0b336033aaac0259214f1dc149d8b94a.txt","train"
"val","FisheyeCamera_1_00232_png.rf.0d789287a91bcfb8ad8a3484c646efe5.jpg","FisheyeCamera_1_00232_png.rf.0d789287a91bcfb8ad8a3484c646efe5.txt","train"
"val","00004_00040_00017_png.rf.8a8ce04fe5399cda35f9fe695754aa74.jpg","00004_00040_00017_png.rf.8a8ce04fe5399cda35f9fe695754aa74.txt","valid"
"val","4238d745-8156-44e1-9758-1344860db228_jpg.rf.237819688719e44c1eb6c2ae6915f39c.jpg","4238d745-8156-44e1-9758-1344860db228_jpg.rf.237819688719e44c1eb6c2ae6915f39c.txt","train"
"val","00005_00021_00010_png.rf.753762ed4731e3eac4819b708754987c.jpg","00005_00021_00010_png.rf.753762ed4731e3eac4819b708754987c.txt","train"
"val","road732_png.rf.330f8dd1d912af52978a4e501e4371bb.jpg","road732_png.rf.330f8dd1d912af52978a4e501e4371bb.txt","train"
"val","071a0640-def2-4c10-b393-82036dc09483_jpg.rf.c23daca6fc522c7d76b4470e082172d4.jpg","071a0640-def2-4c10-b393-82036dc09483_jpg.rf.c23daca6fc522c7d76b4470e082172d4.txt","train"
"val","000444_jpg.rf.9301833317e27f0df8623795ea7cec35.jpg","000444_jpg.rf.9301833317e27f0df8623795ea7cec35.txt","train"
"val","00008_00011_00026_png.rf.9748347670598caa33c88e6b05167be6.jpg","00008_00011_00026_png.rf.9748347670598caa33c88e6b05167be6.txt","valid"
"val","00003_00001_00019_png.rf.7fbfb272691cf34b71458ca8ba1947c4.jpg","00003_00001_00019_png.rf.7fbfb272691cf34b71458ca8ba1947c4.txt","train"
"val","road660_png.rf.f3346a9981de71d55a80ba891525d782.jpg","road660_png.rf.f3346a9981de71d55a80ba891525d782.txt","train"
"val","001649_JPG_jpg.rf.84e2446afdc3d366a3a16b946b27b2d8.jpg","001649_JPG_jpg.rf.84e2446afdc3d366a3a16b946b27b2d8.txt","train"
"val","road397_png.rf.9050a4a2fac067913103148b60205f60.jpg","road397_png.rf.9050a4a2fac067913103148b60205f60.txt","test"
"val","00007_00007_00013_png.rf.f1f8856ebd66d3c309444f1d4ee21fb6.jpg","00007_00007_00013_png.rf.f1f8856ebd66d3c309444f1d4ee21fb6.txt","train"
"val","FisheyeCamera_1_00279_png.rf.5faabd43215bbd5b8db677a0de07c4a9.jpg","FisheyeCamera_1_00279_png.rf.5faabd43215bbd5b8db677a0de07c4a9.txt","train"
"val","00004_00019_00001_png.rf.45c040808d95f2a3a68d27e4b330572a.jpg","00004_00019_00001_png.rf.45c040808d95f2a3a68d27e4b330572a.txt","train"
"val","000488_jpg.rf.d88d24488e0b151571292adc2039b80a.jpg","000488_jpg.rf.d88d24488e0b151571292adc2039b80a.txt","test"
"val","0023f366-a173-4ba7-952c-63f5698c022d_jpg.rf.ec48b6cb4af877f53d5aacd4894eed08.jpg","0023f366-a173-4ba7-952c-63f5698c022d_jpg.rf.ec48b6cb4af877f53d5aacd4894eed08.txt","test"
"val","001090_jpg.rf.4ccd5976dc12f72d0d7c86164d479daa.jpg","001090_jpg.rf.4ccd5976dc12f72d0d7c86164d479daa.txt","train"
"val","00005_00056_00008_png.rf.51de1ccafc449cd145b462804d407de2.jpg","00005_00056_00008_png.rf.51de1ccafc449cd145b462804d407de2.txt","test"
"val","00014_00003_00001_png.rf.2f9c8ec7e092e7f42ff3493b3e682ff4.jpg","00014_00003_00001_png.rf.2f9c8ec7e092e7f42ff3493b3e682ff4.txt","test"
"val","00004_00002_00011_png.rf.0d6eb1de9fb7e606ff290d73182b5963.jpg","00004_00002_00011_png.rf.0d6eb1de9fb7e606ff290d73182b5963.txt","valid"
"val","FisheyeCamera_1_00291_png.rf.1df3cd392cf0c3c033a3216f4822c779.jpg","FisheyeCamera_1_00291_png.rf.1df3cd392cf0c3c033a3216f4822c779.txt","valid"
"val","00008_00017_00021_png.rf.054a4cc250c27f8c16af3f250d7029e5.jpg","00008_00017_00021_png.rf.054a4cc250c27f8c16af3f250d7029e5.txt","valid"
"val","000869_jpg.rf.81559b84a72c3dad2e62b8bae4e3566c.jpg","000869_jpg.rf.81559b84a72c3dad2e62b8bae4e3566c.txt","train"
"val","000017_jpg.rf.4ab7f841689af741e52d1e6b78c9bbed.jpg","000017_jpg.rf.4ab7f841689af741e52d1e6b78c9bbed.txt","train"
"val","road13_png.rf.6031acd3532f63ae90d5b3d189f8f664.jpg","road13_png.rf.6031acd3532f63ae90d5b3d189f8f664.txt","train"
"val","000492_jpg.rf.fcaa1506fc018d17078951100d101f78.jpg","000492_jpg.rf.fcaa1506fc018d17078951100d101f78.txt","valid"
"val","00008_00006_00016_png.rf.d737436974eb5cb1ac561631012195dc.jpg","00008_00006_00016_png.rf.d737436974eb5cb1ac561631012195dc.txt","train"
"val","00014_00006_00012_png.rf.ff454a7a6afcfb7863b8dc5e47be0ad5.jpg","00014_00006_00012_png.rf.ff454a7a6afcfb7863b8dc5e47be0ad5.txt","train"
"val","00005_00002_00011_png.rf.078084e572ff470f0d4f40b5b0827592.jpg","00005_00002_00011_png.rf.078084e572ff470f0d4f40b5b0827592.txt","train"
"val","road383_png.rf.92f114e3cfb143bd1584f85644f97463.jpg","road383_png.rf.92f114e3cfb143bd1584f85644f97463.txt","train"
"val","road266_png.rf.3bea256cbd3bc8695f8e884b4f201053.jpg","road266_png.rf.3bea256cbd3bc8695f8e884b4f201053.txt","valid"
"val","00008_00039_00012_png.rf.8dd0db76ea56db1d95cf43a23aeefbfb.jpg","00008_00039_00012_png.rf.8dd0db76ea56db1d95cf43a23aeefbfb.txt","train"
"val","00008_00038_00008_png.rf.b249621475ce2f33cf0f068a50f67259.jpg","00008_00038_00008_png.rf.b249621475ce2f33cf0f068a50f67259.txt","valid"
"val","33991e43-090d-4b63-b9ed-52e79abb6644_jpg.rf.0aa88301f03b281450e59dc8e9ef9ee6.jpg","33991e43-090d-4b63-b9ed-52e79abb6644_jpg.rf.0aa88301f03b281450e59dc8e9ef9ee6.txt","train"
"val","road28_png.rf.7ccd0864b4144dc24c7f076060996d39.jpg","road28_png.rf.7ccd0864b4144dc24c7f076060996d39.txt","test"
"val","00014_00007_00005_png.rf.a0b2614956a973039d349ba356ee184c.jpg","00014_00007_00005_png.rf.a0b2614956a973039d349ba356ee184c.txt","train"
"val","00000_00005_00007_png.rf.3620970dc2d5613f9c3e74a854b7f7b9.jpg","00000_00005_00007_png.rf.3620970dc2d5613f9c3e74a854b7f7b9.txt","valid"
"val","000208_jpg.rf.e6f37bd2e8d809d89bbc18803162da2b.jpg","000208_jpg.rf.e6f37bd2e8d809d89bbc18803162da2b.txt","valid"
"val","000076_jpg.rf.0d02ba5c10ea2e4557888b780df0c07d.jpg","000076_jpg.rf.0d02ba5c10ea2e4557888b780df0c07d.txt","test"
"val","FisheyeCamera_1_00610_png.rf.79b38c60dc186d632923ad533f1ca7a2.jpg","FisheyeCamera_1_00610_png.rf.79b38c60dc186d632923ad533f1ca7a2.txt","train"
"val","FisheyeCamera_1_00044_png.rf.d7602640b3edfd9e725e120b417ec046.jpg","FisheyeCamera_1_00044_png.rf.d7602640b3edfd9e725e120b417ec046.txt","train"
"val","000366_jpg.rf.8f1fe7b82ee85124d8430ab70cea244f.jpg","000366_jpg.rf.8f1fe7b82ee85124d8430ab70cea244f.txt","train"
"val","00004_00042_00023_png.rf.d48a821a4102912b855be91940d15973.jpg","00004_00042_00023_png.rf.d48a821a4102912b855be91940d15973.txt","train"
"val","road463_png.rf.3f3a06e400395e28061826881136f873.jpg","road463_png.rf.3f3a06e400395e28061826881136f873.txt","valid"
"val","000512_jpg.rf.842cb07beca84845c32c550f9b729cf4.jpg","000512_jpg.rf.842cb07beca84845c32c550f9b729cf4.txt","test"
"val","00000_00005_00009_png.rf.1f55a4cfda45eb7bec7d6ee443e06b34.jpg","00000_00005_00009_png.rf.1f55a4cfda45eb7bec7d6ee443e06b34.txt","test"
"val","00003_00032_00015_png.rf.ebc459222a6d4593c8a43da81767b7d8.jpg","00003_00032_00015_png.rf.ebc459222a6d4593c8a43da81767b7d8.txt","train"
"val","000799_jpg.rf.8c7fb210d73592507f6ad828cfa5d1a7.jpg","000799_jpg.rf.8c7fb210d73592507f6ad828cfa5d1a7.txt","train"
"val","FisheyeCamera_1_00319_png.rf.6bae8182c8e2c36306c4fa150753bd32.jpg","FisheyeCamera_1_00319_png.rf.6bae8182c8e2c36306c4fa150753bd32.txt","train"
"val","000814_jpg.rf.ae07b4ffe9748133b321385ba4ec8c67.jpg","000814_jpg.rf.ae07b4ffe9748133b321385ba4ec8c67.txt","train"
"val","road767_png.rf.6cbbd4d8740f42d26effbc775d926cde.jpg","road767_png.rf.6cbbd4d8740f42d26effbc775d926cde.txt","train"
"val","FisheyeCamera_1_01098_png.rf.135bd082f2c30db3c65d5a6221fd6134.jpg","FisheyeCamera_1_01098_png.rf.135bd082f2c30db3c65d5a6221fd6134.txt","test"
"val","00004_00055_00000_png.rf.70466159157643d088987377ff1d7771.jpg","00004_00055_00000_png.rf.70466159157643d088987377ff1d7771.txt","train"
"val","00000_00000_00010_png.rf.ad5fe60ca785852c8f745ccf5dcc45f4.jpg","00000_00000_00010_png.rf.ad5fe60ca785852c8f745ccf5dcc45f4.txt","train"
"val","00002_00064_00023_png.rf.f7fabc02e3fbf0806f9faeefa3ca85a9.jpg","00002_00064_00023_png.rf.f7fabc02e3fbf0806f9faeefa3ca85a9.txt","train"
"val","00003_00035_00026_png.rf.4ef3425bc61c6f242876f0dacc1088de.jpg","00003_00035_00026_png.rf.4ef3425bc61c6f242876f0dacc1088de.txt","train"
"val","00014_00008_00006_png.rf.2a10babac31d64836139444aac054be6.jpg","00014_00008_00006_png.rf.2a10babac31d64836139444aac054be6.txt","valid"
"val","00014_00007_00013_png.rf.154af5b6dfbf3d47bf279eea8f1a40b6.jpg","00014_00007_00013_png.rf.154af5b6dfbf3d47bf279eea8f1a40b6.txt","test"
"val","FisheyeCamera_1_00063_png.rf.a3fba44b9df452c88649d9913a0a6fa0.jpg","FisheyeCamera_1_00063_png.rf.a3fba44b9df452c88649d9913a0a6fa0.txt","train"
"val","001096_jpg.rf.a7cd0c3f8d554a6981827664cc0fc3d8.jpg","001096_jpg.rf.a7cd0c3f8d554a6981827664cc0fc3d8.txt","train"
"val","000654_jpg.rf.8cb8362c295ff44a42eecbdb4f4f8068.jpg","000654_jpg.rf.8cb8362c295ff44a42eecbdb4f4f8068.txt","test"
"val","000480_jpg.rf.db91a73a13059bc52d0d86b286ccc5d3.jpg","000480_jpg.rf.db91a73a13059bc52d0d86b286ccc5d3.txt","train"
"val","000995_JPG_jpg.rf.5339b1cf1766e4c301172849b52212e9.jpg","000995_JPG_jpg.rf.5339b1cf1766e4c301172849b52212e9.txt","train"
"val","road246_png.rf.c420c6d7fa2b34e010dc4ed333447e04.jpg","road246_png.rf.c420c6d7fa2b34e010dc4ed333447e04.txt","valid"
"val","000771_jpg.rf.cb54c5a04ad411d48872168c7ac52919.jpg","000771_jpg.rf.cb54c5a04ad411d48872168c7ac52919.txt","train"
"val","FisheyeCamera_1_00438_png.rf.2c7fb8a676a87ec1d4e46f7f9a23c6b5.jpg","FisheyeCamera_1_00438_png.rf.2c7fb8a676a87ec1d4e46f7f9a23c6b5.txt","train"
"val","00003_00027_00015_png.rf.20c59af44d3685b42e28dea5a4f8bf60.jpg","00003_00027_00015_png.rf.20c59af44d3685b42e28dea5a4f8bf60.txt","train"
"val","road738_png.rf.b52dbf0551cc5c40df43a8f3e87e9766.jpg","road738_png.rf.b52dbf0551cc5c40df43a8f3e87e9766.txt","train"
"val","FisheyeCamera_1_00146_png.rf.f3deb2d88b82d14634e71faea829c301.jpg","FisheyeCamera_1_00146_png.rf.f3deb2d88b82d14634e71faea829c301.txt","train"
"val","FisheyeCamera_1_00163_png.rf.11e666f80e4dfbc20505a372b56b1fd1.jpg","FisheyeCamera_1_00163_png.rf.11e666f80e4dfbc20505a372b56b1fd1.txt","train"
"val","00014_00021_00015_png.rf.7e4baaea3b981e94a618f8e7467b2862.jpg","00014_00021_00015_png.rf.7e4baaea3b981e94a618f8e7467b2862.txt","train"
"val","00005_00000_00008_png.rf.f7ff8e8e89e0477a8a90a08693067135.jpg","00005_00000_00008_png.rf.f7ff8e8e89e0477a8a90a08693067135.txt","train"
"val","road390_png.rf.87dc05d15eff801907e4560e22c76b6d.jpg","road390_png.rf.87dc05d15eff801907e4560e22c76b6d.txt","valid"
"val","00003_00040_00019_png.rf.2447688366a1e269d797b0c2bc24bed7.jpg","00003_00040_00019_png.rf.2447688366a1e269d797b0c2bc24bed7.txt","train"
"val","00005_00004_00017_png.rf.8a3b57d9538d4611f7f40c2b65ab0fb1.jpg","00005_00004_00017_png.rf.8a3b57d9538d4611f7f40c2b65ab0fb1.txt","valid"
"val","001656_JPG_jpg.rf.3dcd00436baeeb30e26caccc41ccd5b5.jpg","001656_JPG_jpg.rf.3dcd00436baeeb30e26caccc41ccd5b5.txt","test"
"val","00007_00033_00014_png.rf.f42d3c8f9b0260bc6b5fedf87132e6ad.jpg","00007_00033_00014_png.rf.f42d3c8f9b0260bc6b5fedf87132e6ad.txt","test"
"val","00008_00011_00017_png.rf.769490352a78488a1f03ee1554afda59.jpg","00008_00011_00017_png.rf.769490352a78488a1f03ee1554afda59.txt","train"
"val","00000_00004_00007_png.rf.73d57c3e2acda8200231aead0b57dd19.jpg","00000_00004_00007_png.rf.73d57c3e2acda8200231aead0b57dd19.txt","train"
"val","00004_00059_00019_png.rf.33f7152169ab860524df60784f152606.jpg","00004_00059_00019_png.rf.33f7152169ab860524df60784f152606.txt","train"
"val","00014_00023_00008_png.rf.84d2a2e88eb9150118e32593820f6800.jpg","00014_00023_00008_png.rf.84d2a2e88eb9150118e32593820f6800.txt","train"
"val","00005_00013_00020_png.rf.2baba361601e912711997706c3e51df0.jpg","00005_00013_00020_png.rf.2baba361601e912711997706c3e51df0.txt","train"
"val","FisheyeCamera_1_01075_png.rf.2c836b58bb11f1bd627d00735ddb0d7e.jpg","FisheyeCamera_1_01075_png.rf.2c836b58bb11f1bd627d00735ddb0d7e.txt","train"
"val","road202_png.rf.06f2709c6ab92208df3f7958b4c56e97.jpg","road202_png.rf.06f2709c6ab92208df3f7958b4c56e97.txt","train"
"val","FisheyeCamera_1_00086_png.rf.07e44ed0f18789608a0381011a2aa518.jpg","FisheyeCamera_1_00086_png.rf.07e44ed0f18789608a0381011a2aa518.txt","train"
"val","00014_00007_00023_png.rf.d7b50a91c86d2f6a12270af054776aa7.jpg","00014_00007_00023_png.rf.d7b50a91c86d2f6a12270af054776aa7.txt","train"
"val","001067_jpg.rf.ad0b846f12de1a05bbdea684127b71fb.jpg","001067_jpg.rf.ad0b846f12de1a05bbdea684127b71fb.txt","valid"
"val","00004_00049_00008_png.rf.8ddc82ce0a6a322cc5d3d906e1f2c5f0.jpg","00004_00049_00008_png.rf.8ddc82ce0a6a322cc5d3d906e1f2c5f0.txt","test"
"val","00008_00024_00018_png.rf.6455b566cef6624447c3e9545a237348.jpg","00008_00024_00018_png.rf.6455b566cef6624447c3e9545a237348.txt","train"
"val","road874_png.rf.a8f6de13566c9fb60e545a31f90518ea.jpg","road874_png.rf.a8f6de13566c9fb60e545a31f90518ea.txt","valid"
"val","000969_JPG_jpg.rf.54bca25084e23dada868a0398922333b.jpg","000969_JPG_jpg.rf.54bca25084e23dada868a0398922333b.txt","valid"
"val","00000_00005_00028_png.rf.2be18e06a28f60e35a75ca4b2ab3592c.jpg","00000_00005_00028_png.rf.2be18e06a28f60e35a75ca4b2ab3592c.txt","train"
"val","road45_png.rf.9457acffab897b2ef0e0d97edc74304b.jpg","road45_png.rf.9457acffab897b2ef0e0d97edc74304b.txt","test"
"val","000708_jpg.rf.243ba93d28e30404e7c248ef71d131cd.jpg","000708_jpg.rf.243ba93d28e30404e7c248ef71d131cd.txt","valid"
"val","00002_00016_00027_png.rf.d1d0d912e11e98c728ab6ba0cde97b47.jpg","00002_00016_00027_png.rf.d1d0d912e11e98c728ab6ba0cde97b47.txt","valid"
"val","000318_jpg.rf.1b0181dae1a847f3f30de1ecf509d551.jpg","000318_jpg.rf.1b0181dae1a847f3f30de1ecf509d551.txt","train"
"val","000304_jpg.rf.a3fa119a329a09f49fdaf5c6c492d3ab.jpg","000304_jpg.rf.a3fa119a329a09f49fdaf5c6c492d3ab.txt","train"
"val","00002_00064_00021_png.rf.293fe9c744275c79f203d4122cc5c0c5.jpg","00002_00064_00021_png.rf.293fe9c744275c79f203d4122cc5c0c5.txt","train"
"val","00003_00028_00011_png.rf.19fdfd37040daae6f7138019e1d91455.jpg","00003_00028_00011_png.rf.19fdfd37040daae6f7138019e1d91455.txt","train"
"val","FisheyeCamera_1_00153_png.rf.b064fdc19e7290a7fafbfe8116096af7.jpg","FisheyeCamera_1_00153_png.rf.b064fdc19e7290a7fafbfe8116096af7.txt","test"
"val","00002_00017_00025_png.rf.b8a3cb26b639d0a403e62214fdf934d4.jpg","00002_00017_00025_png.rf.b8a3cb26b639d0a403e62214fdf934d4.txt","train"
"val","000899_jpg.rf.d3d5475fa4a9adaa4044374f4fa569ca.jpg","000899_jpg.rf.d3d5475fa4a9adaa4044374f4fa569ca.txt","train"
"val","FisheyeCamera_1_00429_png.rf.53f299a1e5dabd18554f9f6b30c7605e.jpg","FisheyeCamera_1_00429_png.rf.53f299a1e5dabd18554f9f6b30c7605e.txt","train"
"val","00007_00041_00009_png.rf.49f08fe03f5630b882ce385ae221872f.jpg","00007_00041_00009_png.rf.49f08fe03f5630b882ce385ae221872f.txt","train"
"val","00000_00005_00012_png.rf.f11ffca1c25e5e9bd5c005bb37ffcefd.jpg","00000_00005_00012_png.rf.f11ffca1c25e5e9bd5c005bb37ffcefd.txt","train"
"val","00014_00004_00011_png.rf.96373b427c0ce0b1ae2e5ddf3781fa10.jpg","00014_00004_00011_png.rf.96373b427c0ce0b1ae2e5ddf3781fa10.txt","train"
"val","00007_00043_00023_png.rf.cbb9f60ff285ff9fbe882adac016c948.jpg","00007_00043_00023_png.rf.cbb9f60ff285ff9fbe882adac016c948.txt","train"
"val","00000_00003_00026_png.rf.f5f37597a05354de7bb2d269fc73d4c9.jpg","00000_00003_00026_png.rf.f5f37597a05354de7bb2d269fc73d4c9.txt","train"
"val","00008_00003_00002_png.rf.8735d4f3bb4bcb3e1d9f5f355de3066e.jpg","00008_00003_00002_png.rf.8735d4f3bb4bcb3e1d9f5f355de3066e.txt","test"
"val","000483_jpg.rf.ddbcb7e8acd85969bd6b19e59aaa410b.jpg","000483_jpg.rf.ddbcb7e8acd85969bd6b19e59aaa410b.txt","train"
"val","00000_00003_00013_png.rf.4389838578df7a5bf3e405fffb8471cf.jpg","00000_00003_00013_png.rf.4389838578df7a5bf3e405fffb8471cf.txt","train"
"val","road370_png.rf.051dc1eeed4d5b96c85f7f66a369e35b.jpg","road370_png.rf.051dc1eeed4d5b96c85f7f66a369e35b.txt","train"
"val","FisheyeCamera_1_00100_png.rf.9dc0a9714741c11c066ab76ece29243a.jpg","FisheyeCamera_1_00100_png.rf.9dc0a9714741c11c066ab76ece29243a.txt","test"
"val","FisheyeCamera_1_00151_png.rf.7556c7efe7ca82aa5143b2e884706fa9.jpg","FisheyeCamera_1_00151_png.rf.7556c7efe7ca82aa5143b2e884706fa9.txt","train"
"val","00014_00015_00001_png.rf.06431b2d5a5a0fad608853cc4b689727.jpg","00014_00015_00001_png.rf.06431b2d5a5a0fad608853cc4b689727.txt","train"
"val","road793_png.rf.0b319875e19b58c4c9893cebd65caca8.jpg","road793_png.rf.0b319875e19b58c4c9893cebd65caca8.txt","train"
"val","road517_png.rf.831c29713a911c45e41f9e4c85a63051.jpg","road517_png.rf.831c29713a911c45e41f9e4c85a63051.txt","train"
"val","00004_00022_00001_png.rf.54475bf2a517a27aeb8914980ba7feb1.jpg","00004_00022_00001_png.rf.54475bf2a517a27aeb8914980ba7feb1.txt","valid"
"val","FisheyeCamera_1_00027_png.rf.561a87f074945e24277a5ac584719252.jpg","FisheyeCamera_1_00027_png.rf.561a87f074945e24277a5ac584719252.txt","test"
"val","138060c1-f9be-4398-9ba6-a3a092b109a4_jpg.rf.7522b61c14dda3b566c030e8a901f3c1.jpg","138060c1-f9be-4398-9ba6-a3a092b109a4_jpg.rf.7522b61c14dda3b566c030e8a901f3c1.txt","train"
"val","FisheyeCamera_1_00439_png.rf.ca272c4bc3bbf53d38092b78b670972d.jpg","FisheyeCamera_1_00439_png.rf.ca272c4bc3bbf53d38092b78b670972d.txt","train"
"val","00007_00041_00017_png.rf.50c4961741ba61502c645935def5f49b.jpg","00007_00041_00017_png.rf.50c4961741ba61502c645935def5f49b.txt","train"
"val","00003_00043_00010_png.rf.b2d6818cb338b8e6ed27f2c9bb3374c6.jpg","00003_00043_00010_png.rf.b2d6818cb338b8e6ed27f2c9bb3374c6.txt","train"
"val","00004_00007_00008_png.rf.8c3e5933cf40f79ab57fd3ccf4e6bf1e.jpg","00004_00007_00008_png.rf.8c3e5933cf40f79ab57fd3ccf4e6bf1e.txt","train"
"val","road85_png.rf.c7366b10572b41a70620de30267646b0.jpg","road85_png.rf.c7366b10572b41a70620de30267646b0.txt","test"
"val","000403_png_jpg.rf.8c5a43c41154f18358723d4c9ef37934.jpg","000403_png_jpg.rf.8c5a43c41154f18358723d4c9ef37934.txt","train"
"val","001070_jpg.rf.5568cb8f15a1ea3e0f5de37c3da48ae9.jpg","001070_jpg.rf.5568cb8f15a1ea3e0f5de37c3da48ae9.txt","train"
"val","00002_00053_00026_png.rf.54b2129f50fd95c647c6ca1827657ab8.jpg","00002_00053_00026_png.rf.54b2129f50fd95c647c6ca1827657ab8.txt","train"
"val","00004_00036_00003_png.rf.aaeb8b4aa9932f74d9e4c8769df1b8e9.jpg","00004_00036_00003_png.rf.aaeb8b4aa9932f74d9e4c8769df1b8e9.txt","train"
"val","road781_png.rf.61b184b0e6b22c9b29833e52945c9351.jpg","road781_png.rf.61b184b0e6b22c9b29833e52945c9351.txt","train"
"val","000402_jpg.rf.55e1807053bcad6676acab62598b0130.jpg","000402_jpg.rf.55e1807053bcad6676acab62598b0130.txt","train"
"val","000860_jpg.rf.52b56a8bbedb16fdd50a200f39c11f8f.jpg","000860_jpg.rf.52b56a8bbedb16fdd50a200f39c11f8f.txt","test"
"val","road695_png.rf.04868140baf097d67556dc41ea3feda1.jpg","road695_png.rf.04868140baf097d67556dc41ea3feda1.txt","valid"
"val","00000_00002_00019_png.rf.006f3ccca3e557c523fbd6fb6ffa5f81.jpg","00000_00002_00019_png.rf.006f3ccca3e557c523fbd6fb6ffa5f81.txt","train"
"val","000004_jpg.rf.0a0ae8df291b759a7a302c65e9003cf0.jpg","000004_jpg.rf.0a0ae8df291b759a7a302c65e9003cf0.txt","valid"
"val","FisheyeCamera_1_00375_png.rf.c8b5e68a1a928bc547e2b3f8ee03d991.jpg","FisheyeCamera_1_00375_png.rf.c8b5e68a1a928bc547e2b3f8ee03d991.txt","train"
"val","00002_00065_00005_png.rf.6f55fd35fa99a3c00b03989c81046090.jpg","00002_00065_00005_png.rf.6f55fd35fa99a3c00b03989c81046090.txt","test"
"val","000150_jpg.rf.256564e60e49b87f9304be0a632ace25.jpg","000150_jpg.rf.256564e60e49b87f9304be0a632ace25.txt","train"
"val","000831_jpg.rf.d34512e298ad7f335a23a0568fae6b7d.jpg","000831_jpg.rf.d34512e298ad7f335a23a0568fae6b7d.txt","train"
"val","FisheyeCamera_1_00050_png.rf.babcdb775df38aca9dfff3a43b022d63.jpg","FisheyeCamera_1_00050_png.rf.babcdb775df38aca9dfff3a43b022d63.txt","train"
"val","00014_00003_00008_png.rf.e93477b36986b106e5dd7a951342a5b6.jpg","00014_00003_00008_png.rf.e93477b36986b106e5dd7a951342a5b6.txt","valid"
"val","000992_JPG_jpg.rf.47ddf6b9103a64e04a08cb0094b1f1bf.jpg","000992_JPG_jpg.rf.47ddf6b9103a64e04a08cb0094b1f1bf.txt","train"
"val","00003_00046_00023_png.rf.61e82ffecdfb8d4e7d08406f644feb6a.jpg","00003_00046_00023_png.rf.61e82ffecdfb8d4e7d08406f644feb6a.txt","train"
"val","000677_jpg.rf.ea7ed7eec80013b4d089509e5a79ca40.jpg","000677_jpg.rf.ea7ed7eec80013b4d089509e5a79ca40.txt","train"
"val","00000_00006_00011_png.rf.403bb8f8bf13f7c3fe154e286e099018.jpg","00000_00006_00011_png.rf.403bb8f8bf13f7c3fe154e286e099018.txt","train"
"val","FisheyeCamera_1_01060_png.rf.feaa16ca69e9b4733c3732cb3fe6a25c.jpg","FisheyeCamera_1_01060_png.rf.feaa16ca69e9b4733c3732cb3fe6a25c.txt","train"
"val","000694_jpg.rf.23249e2366aaf9eca3433d41557d1fc5.jpg","000694_jpg.rf.23249e2366aaf9eca3433d41557d1fc5.txt","train"
"val","001234_jpg.rf.1db98dc4909ca369cf3a9c44d58f1914.jpg","001234_jpg.rf.1db98dc4909ca369cf3a9c44d58f1914.txt","train"
"val","00014_00004_00020_png.rf.5c74a2427b0b132a462d1ef85a2746a4.jpg","00014_00004_00020_png.rf.5c74a2427b0b132a462d1ef85a2746a4.txt","test"
"val","00004_00038_00023_png.rf.d59ab871d7b33e7e1dbe25248c23ecca.jpg","00004_00038_00023_png.rf.d59ab871d7b33e7e1dbe25248c23ecca.txt","test"
"val","00000_00004_00029_png.rf.4e2b4992f6e79bfac50d64b0a2bad27d.jpg","00000_00004_00029_png.rf.4e2b4992f6e79bfac50d64b0a2bad27d.txt","train"
"val","road425_png.rf.9197b8f32a6ce1252bb5e3e0ff40d21c.jpg","road425_png.rf.9197b8f32a6ce1252bb5e3e0ff40d21c.txt","train"
"val","00001_00028_00007_png.rf.08464ce0417c48df7943f2c1b33b7e3d.jpg","00001_00028_00007_png.rf.08464ce0417c48df7943f2c1b33b7e3d.txt","train"
"val","00000_00000_00012_png.rf.8801e8413d5e6fa051e1538e6e06f891.jpg","00000_00000_00012_png.rf.8801e8413d5e6fa051e1538e6e06f891.txt","train"
"val","00000_00001_00025_png.rf.af472f15f2e9255bddb0c1c650499f1e.jpg","00000_00001_00025_png.rf.af472f15f2e9255bddb0c1c650499f1e.txt","train"
"val","000965_JPG_jpg.rf.3bc2a848e3c767669c3e74f16151f3bb.jpg","000965_JPG_jpg.rf.3bc2a848e3c767669c3e74f16151f3bb.txt","valid"
"val","00000_00001_00006_png.rf.34433a21296dbbb022ba2c5a23f561cb.jpg","00000_00001_00006_png.rf.34433a21296dbbb022ba2c5a23f561cb.txt","train"
"val","001955_jpg.rf.b4c9a77ffb0e781455100f9af8f0773e.jpg","001955_jpg.rf.b4c9a77ffb0e781455100f9af8f0773e.txt","train"
"val","9a865fec-cf90-4eee-928f-887ec8c2175b_jpg.rf.229bf72228c06f3d9af2f08925a4143b.jpg","9a865fec-cf90-4eee-928f-887ec8c2175b_jpg.rf.229bf72228c06f3d9af2f08925a4143b.txt","train"
"val","001011_jpg.rf.1e44010e565d4dc9890afda65a623a2f.jpg","001011_jpg.rf.1e44010e565d4dc9890afda65a623a2f.txt","train"
"val","00014_00018_00009_png.rf.0f756b5da7b7fdfb780bd6451ef8c67d.jpg","00014_00018_00009_png.rf.0f756b5da7b7fdfb780bd6451ef8c67d.txt","valid"
"val","00000_00001_00018_png.rf.b569408e710658f7f9216fc0de95785e.jpg","00000_00001_00018_png.rf.b569408e710658f7f9216fc0de95785e.txt","train"
"val","001271_jpg.rf.27beacb1ddb51597aa9d99fb72e70e25.jpg","001271_jpg.rf.27beacb1ddb51597aa9d99fb72e70e25.txt","train"
"val","00001_00042_00005_png.rf.b504d1d60eaa62d04cde554d58f4461d.jpg","00001_00042_00005_png.rf.b504d1d60eaa62d04cde554d58f4461d.txt","train"
"val","road873_png.rf.69a1bb811532e0c66fc75cd579d92ac5.jpg","road873_png.rf.69a1bb811532e0c66fc75cd579d92ac5.txt","train"
"val","00001_00038_00014_png.rf.65c3d7e884dc87c68cd3b6418af8c2ef.jpg","00001_00038_00014_png.rf.65c3d7e884dc87c68cd3b6418af8c2ef.txt","train"
"val","00014_00006_00003_png.rf.e28d2b2d95b1969736b6daea3e3ee083.jpg","00014_00006_00003_png.rf.e28d2b2d95b1969736b6daea3e3ee083.txt","train"
"val","000637_jpg.rf.2b05c1ad5286c898b0bfeadac89b023b.jpg","000637_jpg.rf.2b05c1ad5286c898b0bfeadac89b023b.txt","train"
"val","00000_00001_00027_png.rf.cf58992bbf258b722635964f42937b7f.jpg","00000_00001_00027_png.rf.cf58992bbf258b722635964f42937b7f.txt","train"
"val","000073_jpg.rf.2d84de850914718401aa9971516947b3.jpg","000073_jpg.rf.2d84de850914718401aa9971516947b3.txt","train"
"val","road27_png.rf.3f91c4793ba7cfc338a7803cdccf3fdb.jpg","road27_png.rf.3f91c4793ba7cfc338a7803cdccf3fdb.txt","train"
"val","road792_png.rf.20b41444f704d69ebfd651bbcc140057.jpg","road792_png.rf.20b41444f704d69ebfd651bbcc140057.txt","train"
"val","000920_jpg.rf.75913002fb7c9e5ecc07285a46f75fe5.jpg","000920_jpg.rf.75913002fb7c9e5ecc07285a46f75fe5.txt","train"
"val","00001_00005_00021_png.rf.1da141b8993210a845679d517f58859e.jpg","00001_00005_00021_png.rf.1da141b8993210a845679d517f58859e.txt","train"
"val","FisheyeCamera_1_00008_png.rf.6561cb8af98cb577bd788ce1c8718658.jpg","FisheyeCamera_1_00008_png.rf.6561cb8af98cb577bd788ce1c8718658.txt","train"
"val","FisheyeCamera_1_00638_png.rf.d8d502985f86d8b847644dae48224871.jpg","FisheyeCamera_1_00638_png.rf.d8d502985f86d8b847644dae48224871.txt","train"
"val","road716_png.rf.c0ad63d5855aae1d4430d9c754d87241.jpg","road716_png.rf.c0ad63d5855aae1d4430d9c754d87241.txt","test"
"val","00004_00000_00006_png.rf.68d422296a3fc89c67c516c9874aaa2d.jpg","00004_00000_00006_png.rf.68d422296a3fc89c67c516c9874aaa2d.txt","train"
"val","road408_png.rf.b83bb30188e32c8c97560fb38473be60.jpg","road408_png.rf.b83bb30188e32c8c97560fb38473be60.txt","train"
"val","00014_00021_00025_png.rf.2528f4b19d620c457e63d25322add54d.jpg","00014_00021_00025_png.rf.2528f4b19d620c457e63d25322add54d.txt","train"
"val","00007_00024_00003_png.rf.7556c314a35c1614132ce715e22768b7.jpg","00007_00024_00003_png.rf.7556c314a35c1614132ce715e22768b7.txt","valid"
"val","000136_jpg.rf.0caae6a38bed323b2bb80e27579d3f76.jpg","000136_jpg.rf.0caae6a38bed323b2bb80e27579d3f76.txt","train"
"val","00003_00014_00016_png.rf.17b3dd0968a075ae0c9d5de311724407.jpg","00003_00014_00016_png.rf.17b3dd0968a075ae0c9d5de311724407.txt","train"
"val","road268_png.rf.cfcc523afd09fd5a1d1d7b42be56b8b1.jpg","road268_png.rf.cfcc523afd09fd5a1d1d7b42be56b8b1.txt","train"
"val","000092_jpg.rf.1a457578c5d519059600bc1e1f6c138e.jpg","000092_jpg.rf.1a457578c5d519059600bc1e1f6c138e.txt","valid"
"val","00001_00008_00002_png.rf.19fadd095465be00c49b4175de18336e.jpg","00001_00008_00002_png.rf.19fadd095465be00c49b4175de18336e.txt","train"
"val","00000_00003_00025_png.rf.7485ad67920b2ad9cbc1f49c32734b26.jpg","00000_00003_00025_png.rf.7485ad67920b2ad9cbc1f49c32734b26.txt","train"
"val","00004_00015_00021_png.rf.fcb4797ba58a74fbc3e3204b4348dfdf.jpg","00004_00015_00021_png.rf.fcb4797ba58a74fbc3e3204b4348dfdf.txt","train"
"val","000783_jpg.rf.54d26ebdb0c6e6a1a38ad1a36490d2f0.jpg","000783_jpg.rf.54d26ebdb0c6e6a1a38ad1a36490d2f0.txt","train"
"val","00003_00035_00027_png.rf.cfef2a276f1bc1f9738986a72474c8f5.jpg","00003_00035_00027_png.rf.cfef2a276f1bc1f9738986a72474c8f5.txt","valid"
"val","000474_jpg.rf.ff50c533a9d930fb1e4e41f2347e8105.jpg","000474_jpg.rf.ff50c533a9d930fb1e4e41f2347e8105.txt","valid"
"val","FisheyeCamera_1_00097_png.rf.1e3868622493b47c92f5500ff1269f31.jpg","FisheyeCamera_1_00097_png.rf.1e3868622493b47c92f5500ff1269f31.txt","train"
"val","00000_00000_00014_png.rf.c73d5cd193f51fb0166708ce7780b5e7.jpg","00000_00000_00014_png.rf.c73d5cd193f51fb0166708ce7780b5e7.txt","train"
"val","000948_jpg.rf.431f5aa259d3084cb326b29b97ba44c6.jpg","000948_jpg.rf.431f5aa259d3084cb326b29b97ba44c6.txt","valid"
"val","FisheyeCamera_1_00444_png.rf.5e60143a134e4486b6c478b374828da6.jpg","FisheyeCamera_1_00444_png.rf.5e60143a134e4486b6c478b374828da6.txt","train"
"val","000253_jpg.rf.bb93a9a45e41f197d1101b610a9067bc.jpg","000253_jpg.rf.bb93a9a45e41f197d1101b610a9067bc.txt","train"
"val","00000_00005_00028_png.rf.b4289a6940c05aadd51090014aecbeb6.jpg","00000_00005_00028_png.rf.b4289a6940c05aadd51090014aecbeb6.txt","train"
"val","00005_00009_00017_png.rf.15c0e345017ce030db97c320f22a3ed8.jpg","00005_00009_00017_png.rf.15c0e345017ce030db97c320f22a3ed8.txt","train"
"val","FisheyeCamera_1_00016_png.rf.0c64e2004f88b6a349a420e3f20229a8.jpg","FisheyeCamera_1_00016_png.rf.0c64e2004f88b6a349a420e3f20229a8.txt","train"
"val","road734_png.rf.455a69c631942f45073319d79c9ba25c.jpg","road734_png.rf.455a69c631942f45073319d79c9ba25c.txt","train"
"val","000041_jpg.rf.7359a7421c57a0d90b90e36a27c3d2ad.jpg","000041_jpg.rf.7359a7421c57a0d90b90e36a27c3d2ad.txt","test"
"val","00004_00014_00028_png.rf.f72bfedb85be250f7a1214fef5517ecc.jpg","00004_00014_00028_png.rf.f72bfedb85be250f7a1214fef5517ecc.txt","train"
"val","road862_png.rf.69900a34f48116ae099fd3da8ee14985.jpg","road862_png.rf.69900a34f48116ae099fd3da8ee14985.txt","train"
"val","00000_00006_00011_png.rf.60666a6b76f6d097d94c8615dfdc26ab.jpg","00000_00006_00011_png.rf.60666a6b76f6d097d94c8615dfdc26ab.txt","train"
"val","FisheyeCamera_1_00130_png.rf.4396dff2c063e673643b3e7c651bb5db.jpg","FisheyeCamera_1_00130_png.rf.4396dff2c063e673643b3e7c651bb5db.txt","train"
"val","000916_jpg.rf.999381dee6fb6e0d2760b53abe10c4ea.jpg","000916_jpg.rf.999381dee6fb6e0d2760b53abe10c4ea.txt","valid"
"val","road813_png.rf.2bcef87a08b8fc2a793eb04fe2dd2ce3.jpg","road813_png.rf.2bcef87a08b8fc2a793eb04fe2dd2ce3.txt","train"
"val","00002_00016_00016_png.rf.5976bebbc08ad2020b050c4c2387d1c9.jpg","00002_00016_00016_png.rf.5976bebbc08ad2020b050c4c2387d1c9.txt","train"
"val","00004_00022_00004_png.rf.dbdf50afc0493329253ecc3d3b343f27.jpg","00004_00022_00004_png.rf.dbdf50afc0493329253ecc3d3b343f27.txt","train"
"val","000842_jpg.rf.d9b27854e4ff0f7b2d6c8e1ce7b1b8b0.jpg","000842_jpg.rf.d9b27854e4ff0f7b2d6c8e1ce7b1b8b0.txt","train"
"val","FisheyeCamera_1_00370_png.rf.348e10d264f41f9e0ec0e4ae6e195098.jpg","FisheyeCamera_1_00370_png.rf.348e10d264f41f9e0ec0e4ae6e195098.txt","train"
"val","000876_JPG_jpg.rf.8c80e9f01c9d2e4917f8b94f4eaed6ae.jpg","000876_JPG_jpg.rf.8c80e9f01c9d2e4917f8b94f4eaed6ae.txt","valid"
"val","00000_00005_00003_png.rf.5bdd307d5b155f03cc4d6395511f8d98.jpg","00000_00005_00003_png.rf.5bdd307d5b155f03cc4d6395511f8d98.txt","train"
"val","FisheyeCamera_1_00022_png.rf.95a1483478b0e482f4b0340abd5476b5.jpg","FisheyeCamera_1_00022_png.rf.95a1483478b0e482f4b0340abd5476b5.txt","train"
"val","00014_00004_00015_png.rf.d01cb5f567c04ba67101e8a54156ebe9.jpg","00014_00004_00015_png.rf.d01cb5f567c04ba67101e8a54156ebe9.txt","train"
"val","000779_jpg.rf.c95622f330e21b5ef4f14500241d7715.jpg","000779_jpg.rf.c95622f330e21b5ef4f14500241d7715.txt","train"
"val","000350_jpg.rf.bcda1efe090484fe60e6a80d00351764.jpg","000350_jpg.rf.bcda1efe090484fe60e6a80d00351764.txt","train"
"val","2651d8a1-c079-4ade-a9e4-29fd98ea2c4a_jpg.rf.7e5402e1ab5393d8833b265e1425174d.jpg","2651d8a1-c079-4ade-a9e4-29fd98ea2c4a_jpg.rf.7e5402e1ab5393d8833b265e1425174d.txt","train"
"val","00014_00003_00015_png.rf.85c21b4900775568fb77b0fc9d95b0bf.jpg","00014_00003_00015_png.rf.85c21b4900775568fb77b0fc9d95b0bf.txt","train"
"val","00008_00034_00007_png.rf.605d9bf709fd67614c9ad186ca1b4226.jpg","00008_00034_00007_png.rf.605d9bf709fd67614c9ad186ca1b4226.txt","train"
"val","00005_00021_00012_png.rf.3e4cff9e6266193b411041554a574eb3.jpg","00005_00021_00012_png.rf.3e4cff9e6266193b411041554a574eb3.txt","valid"
"val","00004_00051_00014_png.rf.12bc12d9de7f590ea5ce6be84a47a8c7.jpg","00004_00051_00014_png.rf.12bc12d9de7f590ea5ce6be84a47a8c7.txt","train"
"val","FisheyeCamera_1_00014_png.rf.31895aebe050d6ac75309a9e5b3718a0.jpg","FisheyeCamera_1_00014_png.rf.31895aebe050d6ac75309a9e5b3718a0.txt","train"
"val","00001_00025_00021_png.rf.753feb47f1c3d2af9c64d1a97209f5ca.jpg","00001_00025_00021_png.rf.753feb47f1c3d2af9c64d1a97209f5ca.txt","valid"
"val","00014_00005_00014_png.rf.16fb137e3dd7b0c53e8a7138756d8d10.jpg","00014_00005_00014_png.rf.16fb137e3dd7b0c53e8a7138756d8d10.txt","train"
"val","00004_00044_00024_png.rf.7b17e4bc1a331a3d6eb7ec0f3c0ebc55.jpg","00004_00044_00024_png.rf.7b17e4bc1a331a3d6eb7ec0f3c0ebc55.txt","train"
"val","FisheyeCamera_1_00049_png.rf.31e020d7de8e271dd37be9a9149b27ac.jpg","FisheyeCamera_1_00049_png.rf.31e020d7de8e271dd37be9a9149b27ac.txt","train"
"val","00003_00036_00008_png.rf.e6afa2243ec3695e748f9c44421ce8bd.jpg","00003_00036_00008_png.rf.e6afa2243ec3695e748f9c44421ce8bd.txt","train"
"val","000034_jpg.rf.f4efc1493f840c484ce91b3f5450e416.jpg","000034_jpg.rf.f4efc1493f840c484ce91b3f5450e416.txt","train"
"val","road597_png.rf.da5dac05bb07975e75b02ca7f1738fce.jpg","road597_png.rf.da5dac05bb07975e75b02ca7f1738fce.txt","train"
